path	line	match
frontend/src/app/main.tsx.bak_rf_source_bridge_v7_20260525_142149	163	      mission_id: 'MISSION-FULL-TELCO-BOOT-001',
frontend/src/app/main.tsx.bak_rf_source_bridge_v7_20260525_142149	164	      cell_asset_id: 'CELL-N78-A',
frontend/src/app/main.tsx.bak_rf_source_bridge_v7_20260525_142149	179	      mission_id: 'MISSION-FULL-TELCO-BOOT-001',
frontend/src/app/main.tsx.bak_rf_source_bridge_v7_20260525_142149	180	      cell_asset_id: 'CELL-N78-A',
frontend/src/app/main.tsx.bak_enterprise_css_20260525_115628	162	      mission_id: 'MISSION-FULL-TELCO-BOOT-001',
frontend/src/app/main.tsx.bak_enterprise_css_20260525_115628	163	      cell_asset_id: 'CELL-N78-A',
frontend/src/app/main.tsx.bak_enterprise_css_20260525_115628	178	      mission_id: 'MISSION-FULL-TELCO-BOOT-001',
frontend/src/app/main.tsx.bak_enterprise_css_20260525_115628	179	      cell_asset_id: 'CELL-N78-A',
frontend/src/app/main.tsx.bak_rf_evidence_v10_20260525_143909	163	      mission_id: 'MISSION-FULL-TELCO-BOOT-001',
frontend/src/app/main.tsx.bak_rf_evidence_v10_20260525_143909	164	      cell_asset_id: 'CELL-N78-A',
frontend/src/app/main.tsx.bak_rf_evidence_v10_20260525_143909	179	      mission_id: 'MISSION-FULL-TELCO-BOOT-001',
frontend/src/app/main.tsx.bak_rf_evidence_v10_20260525_143909	180	      cell_asset_id: 'CELL-N78-A',
frontend/src/app/main.tsx.bak_rf_chunk_observatory_v16_20260525_151906	163	      mission_id: 'MISSION-FULL-TELCO-BOOT-001',
frontend/src/app/main.tsx.bak_rf_chunk_observatory_v16_20260525_151906	164	      cell_asset_id: 'CELL-N78-A',
frontend/src/app/main.tsx.bak_rf_chunk_observatory_v16_20260525_151906	179	      mission_id: 'MISSION-FULL-TELCO-BOOT-001',
frontend/src/app/main.tsx.bak_rf_chunk_observatory_v16_20260525_151906	180	      cell_asset_id: 'CELL-N78-A',
frontend/src/app/main.tsx.bak_rf_surface_v3_worker_20260525_134553	163	      mission_id: 'MISSION-FULL-TELCO-BOOT-001',
frontend/src/app/main.tsx.bak_rf_surface_v3_worker_20260525_134553	164	      cell_asset_id: 'CELL-N78-A',
frontend/src/app/main.tsx.bak_rf_surface_v3_worker_20260525_134553	179	      mission_id: 'MISSION-FULL-TELCO-BOOT-001',
frontend/src/app/main.tsx.bak_rf_surface_v3_worker_20260525_134553	180	      cell_asset_id: 'CELL-N78-A',
frontend/src/app/main.tsx.bak_rf_instrument_suite_v5_20260525_141512	163	      mission_id: 'MISSION-FULL-TELCO-BOOT-001',
frontend/src/app/main.tsx.bak_rf_instrument_suite_v5_20260525_141512	164	      cell_asset_id: 'CELL-N78-A',
frontend/src/app/main.tsx.bak_rf_instrument_suite_v5_20260525_141512	179	      mission_id: 'MISSION-FULL-TELCO-BOOT-001',
frontend/src/app/main.tsx.bak_rf_instrument_suite_v5_20260525_141512	180	      cell_asset_id: 'CELL-N78-A',
frontend/src/app/main.tsx.bak_rf_surface_v2_20260525_120055	163	      mission_id: 'MISSION-FULL-TELCO-BOOT-001',
frontend/src/app/main.tsx.bak_rf_surface_v2_20260525_120055	164	      cell_asset_id: 'CELL-N78-A',
frontend/src/app/main.tsx.bak_rf_surface_v2_20260525_120055	179	      mission_id: 'MISSION-FULL-TELCO-BOOT-001',
frontend/src/app/main.tsx.bak_rf_surface_v2_20260525_120055	180	      cell_asset_id: 'CELL-N78-A',
frontend/src/app/main.tsx.bak_rf_instrument_lab_20260525_111803	162	      mission_id: 'MISSION-FULL-TELCO-BOOT-001',
frontend/src/app/main.tsx.bak_rf_instrument_lab_20260525_111803	163	      cell_asset_id: 'CELL-N78-A',
frontend/src/app/main.tsx.bak_rf_instrument_lab_20260525_111803	178	      mission_id: 'MISSION-FULL-TELCO-BOOT-001',
frontend/src/app/main.tsx.bak_rf_instrument_lab_20260525_111803	179	      cell_asset_id: 'CELL-N78-A',
frontend/src/app/main.tsx.bak_zero_forbidden	162	      mission_id: 'MISSION-FULL-TELCO-BOOT-001',
frontend/src/app/main.tsx.bak_zero_forbidden	163	      cell_asset_id: 'CELL-N78-A',
frontend/src/app/main.tsx.bak_zero_forbidden	178	      mission_id: 'MISSION-FULL-TELCO-BOOT-001',
frontend/src/app/main.tsx.bak_zero_forbidden	179	      cell_asset_id: 'CELL-N78-A',
frontend/src/app/main.tsx.bak_rf_instrument_dock_v4_20260525_140914	163	      mission_id: 'MISSION-FULL-TELCO-BOOT-001',
frontend/src/app/main.tsx.bak_rf_instrument_dock_v4_20260525_140914	164	      cell_asset_id: 'CELL-N78-A',
frontend/src/app/main.tsx.bak_rf_instrument_dock_v4_20260525_140914	179	      mission_id: 'MISSION-FULL-TELCO-BOOT-001',
frontend/src/app/main.tsx.bak_rf_instrument_dock_v4_20260525_140914	180	      cell_asset_id: 'CELL-N78-A',
frontend/src/app/main.tsx.bak_rf_operational_deck_v15_lazy_20260525_151305	163	      mission_id: 'MISSION-FULL-TELCO-BOOT-001',
frontend/src/app/main.tsx.bak_rf_operational_deck_v15_lazy_20260525_151305	164	      cell_asset_id: 'CELL-N78-A',
frontend/src/app/main.tsx.bak_rf_operational_deck_v15_lazy_20260525_151305	179	      mission_id: 'MISSION-FULL-TELCO-BOOT-001',
frontend/src/app/main.tsx.bak_rf_operational_deck_v15_lazy_20260525_151305	180	      cell_asset_id: 'CELL-N78-A',
frontend/src/app/main.tsx.bak_true_spectrum_20260525_113619	162	      mission_id: 'MISSION-FULL-TELCO-BOOT-001',
frontend/src/app/main.tsx.bak_true_spectrum_20260525_113619	163	      cell_asset_id: 'CELL-N78-A',
frontend/src/app/main.tsx.bak_true_spectrum_20260525_113619	178	      mission_id: 'MISSION-FULL-TELCO-BOOT-001',
frontend/src/app/main.tsx.bak_true_spectrum_20260525_113619	179	      cell_asset_id: 'CELL-N78-A',
frontend/src/app/main.tsx.bak_rf_source_runtime_v8_20260525_142516	163	      mission_id: 'MISSION-FULL-TELCO-BOOT-001',
frontend/src/app/main.tsx.bak_rf_source_runtime_v8_20260525_142516	164	      cell_asset_id: 'CELL-N78-A',
frontend/src/app/main.tsx.bak_rf_source_runtime_v8_20260525_142516	179	      mission_id: 'MISSION-FULL-TELCO-BOOT-001',
frontend/src/app/main.tsx.bak_rf_source_runtime_v8_20260525_142516	180	      cell_asset_id: 'CELL-N78-A',
frontend/src/app/main.tsx.bak_rf_bridge_readiness_v9_20260525_143127	163	      mission_id: 'MISSION-FULL-TELCO-BOOT-001',
frontend/src/app/main.tsx.bak_rf_bridge_readiness_v9_20260525_143127	164	      cell_asset_id: 'CELL-N78-A',
frontend/src/app/main.tsx.bak_rf_bridge_readiness_v9_20260525_143127	179	      mission_id: 'MISSION-FULL-TELCO-BOOT-001',
frontend/src/app/main.tsx.bak_rf_bridge_readiness_v9_20260525_143127	180	      cell_asset_id: 'CELL-N78-A',
frontend/src/app/main.tsx.bak_api8000_20260517_143049	162	      mission_id: 'MISSION-FULL-TELCO-BOOT-001',
frontend/src/app/main.tsx.bak_api8000_20260517_143049	163	      cell_asset_id: 'CELL-N78-A',
frontend/src/app/main.tsx.bak_api8000_20260517_143049	178	      mission_id: 'MISSION-FULL-TELCO-BOOT-001',
frontend/src/app/main.tsx.bak_api8000_20260517_143049	179	      cell_asset_id: 'CELL-N78-A',
frontend/src/app/main.tsx	164	      mission_id: 'MISSION-FULL-TELCO-BOOT-001',
frontend/src/app/main.tsx	165	      cell_asset_id: 'CELL-N78-A',
frontend/src/app/main.tsx	180	      mission_id: 'MISSION-FULL-TELCO-BOOT-001',
frontend/src/app/main.tsx	181	      cell_asset_id: 'CELL-N78-A',
frontend/src/app/main.tsx.bak_rf_operational_deck_v14_auto_20260525_150553	163	      mission_id: 'MISSION-FULL-TELCO-BOOT-001',
frontend/src/app/main.tsx.bak_rf_operational_deck_v14_auto_20260525_150553	164	      cell_asset_id: 'CELL-N78-A',
frontend/src/app/main.tsx.bak_rf_operational_deck_v14_auto_20260525_150553	179	      mission_id: 'MISSION-FULL-TELCO-BOOT-001',
frontend/src/app/main.tsx.bak_rf_operational_deck_v14_auto_20260525_150553	180	      cell_asset_id: 'CELL-N78-A',
frontend/src/app/main.tsx.bak_rf_suite_v6_turbo_20260525_141826	163	      mission_id: 'MISSION-FULL-TELCO-BOOT-001',
frontend/src/app/main.tsx.bak_rf_suite_v6_turbo_20260525_141826	164	      cell_asset_id: 'CELL-N78-A',
frontend/src/app/main.tsx.bak_rf_suite_v6_turbo_20260525_141826	179	      mission_id: 'MISSION-FULL-TELCO-BOOT-001',
frontend/src/app/main.tsx.bak_rf_suite_v6_turbo_20260525_141826	180	      cell_asset_id: 'CELL-N78-A',
frontend/src/styles.css.bak_rf_source_bridge_v7_20260525_142149	2	  --trf-bg:#02060c;
frontend/src/styles.css.bak_rf_source_bridge_v7_20260525_142149	3	  --trf-bg2:#071525;
frontend/src/styles.css.bak_rf_source_bridge_v7_20260525_142149	4	  --trf-panel:#081422;
frontend/src/styles.css.bak_rf_source_bridge_v7_20260525_142149	5	  --trf-panel2:#0c1d31;
frontend/src/styles.css.bak_rf_source_bridge_v7_20260525_142149	8	  --trf-cyan:#39d7ff;
frontend/src/styles.css.bak_rf_source_bridge_v7_20260525_142149	9	  --trf-cyan2:#00e5ff;
frontend/src/styles.css.bak_rf_source_bridge_v7_20260525_142149	10	  --trf-green:#7dffb2;
frontend/src/styles.css.bak_rf_source_bridge_v7_20260525_142149	11	  --trf-amber:#ffd166;
frontend/src/styles.css.bak_rf_source_bridge_v7_20260525_142149	12	  --trf-red:#ff5f7a;
frontend/src/styles.css.bak_rf_source_bridge_v7_20260525_142149	13	  --trf-text:#dff3ff;
frontend/src/styles.css.bak_rf_source_bridge_v7_20260525_142149	14	  --trf-muted:#88a9c4;
frontend/src/styles.css.bak_rf_source_bridge_v7_20260525_142149	15	  --trf-dim:#57768d;
frontend/src/styles.css.bak_rf_source_bridge_v7_20260525_142149	20	html,body,#root{
frontend/src/styles.css.bak_rf_source_bridge_v7_20260525_142149	27	    linear-gradient(145deg,#06101c,#02060c 60%,#000);
frontend/src/styles.css.bak_rf_source_bridge_v7_20260525_142149	35	  background:linear-gradient(180deg,#122841,#08111e);
frontend/src/styles.css.bak_rf_source_bridge_v7_20260525_142149	37	  color:#dff3ff;
frontend/src/styles.css.bak_rf_source_bridge_v7_20260525_142149	87	  color:#f1fbff;
frontend/src/styles.css.bak_rf_source_bridge_v7_20260525_142149	146	  color:#cbeeff;
frontend/src/styles.css.bak_rf_source_bridge_v7_20260525_142149	151	  color:#06101c;
frontend/src/styles.css.bak_rf_source_bridge_v7_20260525_142149	152	  background:linear-gradient(180deg,#77efff,#33c8f2);
frontend/src/styles.css.bak_rf_source_bridge_v7_20260525_142149	153	  border-color:#b8f7ff;
frontend/src/styles.css.bak_rf_source_bridge_v7_20260525_142149	179	.mc-error{ border-color:rgba(255,95,122,.45); color:#ffd5dc; }
frontend/src/styles.css.bak_rf_source_bridge_v7_20260525_142149	221	  color:#ecfbff;
frontend/src/styles.css.bak_rf_source_bridge_v7_20260525_142149	308	  color:#dff3ff;
frontend/src/styles.css.bak_rf_source_bridge_v7_20260525_142149	312	.mc-state.ok,.mc-cell.ok{ color:#05130c; background:linear-gradient(180deg,#8affbd,#38d884); }
frontend/src/styles.css.bak_rf_source_bridge_v7_20260525_142149	313	.mc-state.warn,.mc-cell.warn{ color:#171000; background:linear-gradient(180deg,#ffe38a,#ffbe3c); }
frontend/src/styles.css.bak_rf_source_bridge_v7_20260525_142149	314	.mc-state.bad,.mc-cell.bad{ color:#fff; background:linear-gradient(180deg,#ff5f7a,#a51f38); }
frontend/src/styles.css.bak_rf_source_bridge_v7_20260525_142149	392	  color:#cceeff;
frontend/src/styles.css.bak_rf_source_bridge_v7_20260525_142149	393	  background:#02060c;
frontend/src/styles.css.bak_rf_source_bridge_v7_20260525_142149	453	  color:#eafbff;
frontend/src/styles.css.bak_rf_source_bridge_v7_20260525_142149	462	  color:#88a9c4;
frontend/src/styles.css.bak_rf_source_bridge_v7_20260525_142149	477	  color:#7dffb2;
frontend/src/styles.css.bak_rf_source_bridge_v7_20260525_142149	502	  color:#021018;
frontend/src/styles.css.bak_rf_source_bridge_v7_20260525_142149	503	  background:linear-gradient(180deg,#7df1ff,#34c9f2);
frontend/src/styles.css.bak_rf_source_bridge_v7_20260525_142149	504	  border-color:#c7fbff;
frontend/src/styles.css.bak_rf_source_bridge_v7_20260525_142149	530	  color:#39d7ff;
frontend/src/styles.css.bak_rf_source_bridge_v7_20260525_142149	540	  background:#00050a;
frontend/src/styles.css.bak_rf_source_bridge_v7_20260525_142149	559	  color:#39d7ff;
frontend/src/styles.css.bak_rf_source_bridge_v7_20260525_142149	567	  color:#dff3ff;
frontend/src/styles.css.bak_rf_source_bridge_v7_20260525_142149	575	  color:#ffd166;
frontend/src/styles.css.bak_rf_source_bridge_v7_20260525_142149	611	  color:#f1fbff;
frontend/src/styles.css.bak_rf_source_bridge_v7_20260525_142149	621	  color:#88a9c4;
frontend/src/styles.css.bak_rf_source_bridge_v7_20260525_142149	643	  color:#021018;
frontend/src/styles.css.bak_rf_source_bridge_v7_20260525_142149	644	  background:linear-gradient(180deg,#7df1ff,#34c9f2);
frontend/src/styles.css.bak_rf_source_bridge_v7_20260525_142149	645	  border-color:#c7fbff;
frontend/src/styles.css.bak_rf_source_bridge_v7_20260525_142149	671	  color:#39d7ff;
frontend/src/styles.css.bak_rf_source_bridge_v7_20260525_142149	681	  background:#00050a;
frontend/src/styles.css.bak_rf_source_bridge_v7_20260525_142149	700	  color:#39d7ff;
frontend/src/styles.css.bak_rf_source_bridge_v7_20260525_142149	712	  color:#ffd166;
frontend/src/styles.css.bak_rf_source_bridge_v7_20260525_142149	753	  color:#efffff;
frontend/src/styles.css.bak_rf_source_bridge_v7_20260525_142149	761	  color:#8fb8c8;
frontend/src/styles.css.bak_rf_source_bridge_v7_20260525_142149	776	  color:#7dffb2;
frontend/src/styles.css.bak_rf_source_bridge_v7_20260525_142149	805	  color:#39d7ff;
frontend/src/styles.css.bak_rf_source_bridge_v7_20260525_142149	814	  color:#eafbff;
frontend/src/styles.css.bak_rf_source_bridge_v7_20260525_142149	822	  color:#88a9c4;
frontend/src/layout_orchestrator/EngineeringContentEnrichmentV49.tsx	51	    id: 'mission-overview',
frontend/src/layout_orchestrator/EngineeringContentEnrichmentV49.tsx	67	    id: 'visual-assets',
frontend/src/layout_orchestrator/EngineeringContentEnrichmentV49.tsx	80	    operatorActions: ['open #visual-assets', 'select RF/Microwave asset', 'test contain/cover + zoom + pan'],
frontend/src/layout_orchestrator/EngineeringContentEnrichmentV49.tsx	83	    id: 'scenario-knowledge',
frontend/src/layout_orchestrator/EngineeringContentEnrichmentV49.tsx	99	    id: 'navigation-architecture',
frontend/src/layout_orchestrator/EngineeringContentEnrichmentV49.tsx	105	    liveContracts: ['/#mission-overview', '/#visual-assets', '/#command-center', '/#dynamic-scenarios'],
frontend/src/layout_orchestrator/EngineeringContentEnrichmentV49.tsx	115	    id: 'command-center',
frontend/src/layout_orchestrator/EngineeringContentEnrichmentV49.tsx	131	    id: 'dynamic-scenarios',
frontend/src/layout_orchestrator/EngineeringContentEnrichmentV49.tsx	147	    id: 'full-engineering-stack',
frontend/src/layout_orchestrator/MissionLayoutOrchestratorV42.tsx	74	  { id: 'mission-overview', label: 'Mission Overview', hash: '#mission-overview' },
frontend/src/layout_orchestrator/MissionLayoutOrchestratorV42.tsx	75	  { id: 'visual-assets', label: 'Visual Assets', hash: '#visual-assets' },
frontend/src/layout_orchestrator/MissionLayoutOrchestratorV42.tsx	76	  { id: 'scenario-knowledge', label: 'Scenario Knowledge', hash: '#scenario-knowledge' },
frontend/src/layout_orchestrator/MissionLayoutOrchestratorV42.tsx	77	  { id: 'navigation-architecture', label: 'Navigation Architecture', hash: '#navigation-architecture' },
frontend/src/layout_orchestrator/MissionLayoutOrchestratorV42.tsx	78	  { id: 'command-center', label: 'Command Center', hash: '#command-center' },
frontend/src/layout_orchestrator/MissionLayoutOrchestratorV42.tsx	79	  { id: 'dynamic-scenarios', label: 'Dynamic Scenarios', hash: '#dynamic-scenarios' },
frontend/src/layout_orchestrator/MissionLayoutOrchestratorV42.tsx	80	  { id: 'full-engineering-stack', label: 'Full Engineering Stack', hash: '#full-engineering-stack' },
frontend/src/layout_orchestrator/MissionLayoutOrchestratorV42.tsx	147	  if (sectionId === 'knowledge') return '#scenario-knowledge'
frontend/src/layout_orchestrator/MissionLayoutOrchestratorV42.tsx	148	  if (sectionId === 'navigation') return '#navigation'
frontend/src/layout_orchestrator/MissionLayoutOrchestratorV42.tsx	149	  if (sectionId === 'command') return '#command-center'
frontend/src/layout_orchestrator/MissionLayoutOrchestratorV42.tsx	150	  if (sectionId === 'scenarios') return '#dynamic-scenarios'
frontend/src/layout_orchestrator/MissionLayoutOrchestratorV42.tsx	151	  if (sectionId === 'full-engineering') return '#full-engineering'
frontend/src/layout_orchestrator/MissionLayoutOrchestratorV42.tsx	152	  if (sectionId === 'visual-assets') return '#visual-assets'
frontend/src/layout_orchestrator/MissionLayoutOrchestratorV42.tsx	153	  return '#mission'
frontend/src/layout_orchestrator/MissionLayoutOrchestratorV42.tsx	158	    id: 'mission',
frontend/src/layout_orchestrator/MissionLayoutOrchestratorV42.tsx	165	    id: 'visual-assets',
frontend/src/layout_orchestrator/MissionLayoutOrchestratorV42.tsx	172	    id: 'knowledge',
frontend/src/layout_orchestrator/MissionLayoutOrchestratorV42.tsx	179	    id: 'navigation',
frontend/src/layout_orchestrator/MissionLayoutOrchestratorV42.tsx	186	    id: 'command',
frontend/src/layout_orchestrator/MissionLayoutOrchestratorV42.tsx	193	    id: 'scenarios',
frontend/src/layout_orchestrator/MissionLayoutOrchestratorV42.tsx	200	    id: 'full-engineering',
frontend/src/rf_instruments/renderers/SmithChartRenderer.ts	15	    ctx.fillStyle = "#00050a";
frontend/src/rf_instruments/renderers/SmithChartRenderer.ts	49	    ctx.shadowColor = "#00e5ff";
frontend/src/rf_instruments/renderers/SmithChartRenderer.ts	51	    ctx.strokeStyle = "#00e5ff";
frontend/src/rf_instruments/renderers/SmithChartRenderer.ts	72	    ctx.fillStyle = "#ffd166";
frontend/src/rf_instruments/renderers/SmithChartRenderer.ts	77	    ctx.fillStyle = "#eafbff";
frontend/src/rf_instruments/renderers/SmithChartRenderer.ts	81	    ctx.fillStyle = "#7dffb2";
frontend/src/rf_instruments/renderers/RFWaterfallRenderer.ts	23	    ctx.fillStyle = "#00050a";
frontend/src/rf_instruments/renderers/RFWaterfallRenderer.ts	44	    ctx.fillStyle = "#00e5ff";
frontend/src/rf_instruments/renderers/AntennaPatternRenderer.ts	15	    ctx.fillStyle = "#00050a";
frontend/src/rf_instruments/renderers/AntennaPatternRenderer.ts	41	    ctx.shadowColor = "#00e5ff";
frontend/src/rf_instruments/renderers/AntennaPatternRenderer.ts	43	    ctx.strokeStyle = "#00e5ff";
frontend/src/rf_instruments/renderers/AntennaPatternRenderer.ts	63	    ctx.strokeStyle = "#ffd166";
frontend/src/rf_instruments/renderers/AntennaPatternRenderer.ts	70	    ctx.fillStyle = "#eafbff";
frontend/src/rf_instruments/renderers/AntennaPatternRenderer.ts	74	    ctx.fillStyle = "#7dffb2";
frontend/src/rf_instruments/renderers/RFSurfaceEngine.ts	58	    bg.addColorStop(0, "#06131d");
frontend/src/rf_instruments/renderers/RFSurfaceEngine.ts	59	    bg.addColorStop(.5, "#02060b");
frontend/src/rf_instruments/renderers/RFSurfaceEngine.ts	60	    bg.addColorStop(1, "#000000");
frontend/src/rf_instruments/renderers/RFSurfaceEngine.ts	176	    ctx.shadowColor = "#00e5ff";
frontend/src/rf_instruments/renderers/RFSurfaceEngine.ts	179	    ctx.strokeStyle = "#00e5ff";
frontend/src/rf_instruments/renderers/RFSurfaceEngine.ts	209	      ctx.strokeStyle = "#ff4fa3";
frontend/src/rf_instruments/renderers/RFSurfaceEngine.ts	216	      ctx.fillStyle = "#ff4fa3";
frontend/src/rf_instruments/renderers/RFSurfaceEngine.ts	221	      ctx.fillStyle = "#ffffff";
frontend/src/rf_instruments/renderers/RFSurfaceEngine.ts	233	    ctx.fillStyle = "#00e5ff";
frontend/src/rf_instruments/renderers/RFSurfaceEngine.ts	251	    ctx.fillStyle = "#78ff63";
frontend/src/rf_instruments/renderers/OFDMGridRenderer.ts	15	    ctx.fillStyle = "#00050a";
frontend/src/rf_instruments/renderers/OFDMGridRenderer.ts	45	    ctx.fillStyle = "#eafbff";
frontend/src/rf_instruments/renderers/OFDMGridRenderer.ts	49	    ctx.fillStyle = "#ffd166";
frontend/src/rf_instruments/renderers/MicrowaveLinkRenderer.ts	15	    ctx.fillStyle = "#00050a";
frontend/src/rf_instruments/renderers/MicrowaveLinkRenderer.ts	72	    ctx.fillStyle = "#eafbff";
frontend/src/rf_instruments/renderers/MicrowaveLinkRenderer.ts	76	    ctx.fillStyle = "#7dffb2";
frontend/src/rf_instruments/renderers/IQConstellationRenderer.ts	21	    ctx.fillStyle = "#00050a";
frontend/src/rf_instruments/renderers/IQConstellationRenderer.ts	55	      ctx.fillStyle = e > 0.12 ? "#ff5f7a" : "#00e5ff";
frontend/src/rf_instruments/renderers/IQConstellationRenderer.ts	56	      ctx.shadowColor = e > 0.12 ? "#ff5f7a" : "#00e5ff";
frontend/src/rf_instruments/renderers/IQConstellationRenderer.ts	72	    ctx.fillStyle = "#00e5ff";
frontend/src/rf_instruments/renderers/SpectrumRenderer.ts	26	  bg.addColorStop(0, "#061827");
frontend/src/rf_instruments/renderers/SpectrumRenderer.ts	27	  bg.addColorStop(1, "#000307");
frontend/src/rf_instruments/renderers/SpectrumRenderer.ts	64	  ctx.strokeStyle = "#00e5ff";
frontend/src/rf_instruments/renderers/SpectrumRenderer.ts	76	  ctx.fillStyle = "#eafbff";
frontend/src/rf_instruments/renderers/SpectrumRenderer.ts	80	  ctx.fillStyle = "#78ff63";
frontend/src/rf_instruments/styles/instrument.css	6	    linear-gradient(145deg, #020912, #000307 65%, #000);
frontend/src/rf_instruments/styles/instrument.css	7	  color: #eafbff;
frontend/src/rf_instruments/styles/instrument.css	22	  color: #00e5ff;
frontend/src/rf_instruments/styles/instrument.css	31	  color: #8fb8c8;
frontend/src/rf_instruments/evidence/RFEvidenceFlightRecorderV10.tsx	49	    id: "vite-root",
frontend/src/rf_instruments/evidence/RFEvidenceFlightRecorderV10.tsx	55	    id: "portal-registry",
frontend/src/rf_instruments/evidence/RFEvidenceFlightRecorderV10.tsx	61	    id: "v6r3-entrypoint",
frontend/src/rf_instruments/evidence/RFEvidenceFlightRecorderV10.tsx	67	    id: "backend-health",
frontend/src/rf_instruments/evidence/RFEvidenceFlightRecorderV10.tsx	73	    id: "bridge-health",
frontend/src/rf_instruments/evidence/RFEvidenceFlightRecorderV10.tsx	79	    id: "backend-openapi",
frontend/src/rf_instruments/telemetry/RFBridgeReadinessV9Base.tsx	23	    id: "vite-root",
frontend/src/rf_instruments/telemetry/RFBridgeReadinessV9Base.tsx	29	    id: "vite-openapi",
frontend/src/rf_instruments/telemetry/RFBridgeReadinessV9Base.tsx	35	    id: "api-8000-health",
frontend/src/rf_instruments/telemetry/RFBridgeReadinessV9Base.tsx	41	    id: "api-8090-health",
frontend/src/rf_instruments/telemetry/RFBridgeReadinessV9Base.tsx	47	    id: "api-8000-openapi",
frontend/src/rf_instruments/instruments/TrueSpectrumAnalyzer.tsx	53	        <h2 style={{ color: "#00e5ff" }}>RF INPUT</h2>
frontend/src/rf_instruments/instruments/TrueSpectrumAnalyzer.tsx	77	        <h2 style={{ color: "#78ff63" }}>MEASUREMENTS</h2>
frontend/src/rf_instruments/instruments/RFOperationalDeckV15Lazy.tsx	44	  { id: "instruments", label: "Instruments" },
frontend/src/rf_instruments/instruments/RFOperationalDeckV15Lazy.tsx	45	  { id: "sources", label: "Sources" },
frontend/src/rf_instruments/instruments/RFOperationalDeckV15Lazy.tsx	46	  { id: "runtime", label: "Runtime" },
frontend/src/rf_instruments/instruments/RFOperationalDeckV15Lazy.tsx	47	  { id: "bridge", label: "Bridge" },
frontend/src/rf_instruments/instruments/RFOperationalDeckV15Lazy.tsx	48	  { id: "evidence", label: "Evidence" },
frontend/src/rf_instruments/instruments/RFOperationalDeckV15Lazy.tsx	49	  { id: "ops", label: "Ops Deck" }
frontend/src/rf_instruments/instruments/RFSignalAnalyzerWorkbenchV2.tsx	84	      <h2 style={{ color: "#00e5ff" }}>RF/VSA CONTROL</h2>
frontend/src/rf_instruments/instruments/RFSignalAnalyzerWorkbenchV2.tsx	102	      <h2 style={{ color: "#7dffb2" }}>MEASUREMENT STACK</h2>
frontend/src/rf_instruments/instruments/RFInstrumentDockV4.tsx	54	  { id: "overview", label: "Overview" },
frontend/src/rf_instruments/instruments/RFInstrumentDockV4.tsx	55	  { id: "spectrum", label: "Spectrum" },
frontend/src/rf_instruments/instruments/RFInstrumentDockV4.tsx	56	  { id: "waterfall", label: "Waterfall" },
frontend/src/rf_instruments/instruments/RFInstrumentDockV4.tsx	57	  { id: "iq", label: "I/Q" },
frontend/src/rf_instruments/instruments/RFInstrumentDockV4.tsx	58	  { id: "markers", label: "Markers" },
frontend/src/rf_instruments/instruments/RFInstrumentDockV4.tsx	59	  { id: "measurements", label: "Measurements" }
frontend/src/rf_instruments/instruments/RFSignalAnalyzerWorkbenchV3.tsx	69	      <h2 style={{ color: "#00e5ff" }}>DSP WORKER CONTROL</h2>
frontend/src/rf_instruments/instruments/RFSignalAnalyzerWorkbenchV3.tsx	89	      <h2 style={{ color: "#7dffb2" }}>MEASUREMENT STACK</h2>
frontend/src/rf_instruments/instruments/RFInstrumentSuiteV5.tsx	12	  { id: "vsa", label: "VSA Dock" },
frontend/src/rf_instruments/instruments/RFInstrumentSuiteV5.tsx	13	  { id: "smith", label: "VNA / Smith" },
frontend/src/rf_instruments/instruments/RFInstrumentSuiteV5.tsx	14	  { id: "antenna", label: "Antenna" },
frontend/src/rf_instruments/instruments/RFInstrumentSuiteV5.tsx	15	  { id: "microwave", label: "Microwave" },
frontend/src/rf_instruments/instruments/RFInstrumentSuiteV5.tsx	16	  { id: "ofdm", label: "OFDM Grid" }
frontend/src/rf_instruments/instruments/RFOperationalDeckV14.tsx	19	  { id: "instruments", label: "Instruments" },
frontend/src/rf_instruments/instruments/RFOperationalDeckV14.tsx	20	  { id: "sources", label: "Sources" },
frontend/src/rf_instruments/instruments/RFOperationalDeckV14.tsx	21	  { id: "runtime", label: "Runtime" },
frontend/src/rf_instruments/instruments/RFOperationalDeckV14.tsx	22	  { id: "bridge", label: "Bridge" },
frontend/src/rf_instruments/instruments/RFOperationalDeckV14.tsx	23	  { id: "evidence", label: "Evidence" },
frontend/src/rf_instruments/instruments/RFOperationalDeckV14.tsx	24	  { id: "ops", label: "Ops Deck" }
frontend/src/rf_instruments/core/InstrumentTheme.ts	3	    bg: "#000307",
frontend/src/rf_instruments/core/InstrumentTheme.ts	5	    cyan: "#00e5ff",
frontend/src/rf_instruments/core/InstrumentTheme.ts	6	    green: "#78ff63",
frontend/src/rf_instruments/core/InstrumentTheme.ts	7	    amber: "#ffd84d",
frontend/src/rf_instruments/core/InstrumentTheme.ts	8	    red: "#ff3d7f",
frontend/src/rf_instruments/core/InstrumentTheme.ts	9	    text: "#eafbff",
frontend/src/rf_instruments/core/InstrumentTheme.ts	10	    muted: "#8fb8c8",
frontend/src/command_center/commandCenterDataV37.ts	24	    id: 'mission-control',
frontend/src/command_center/commandCenterDataV37.ts	39	    id: 'core-network',
frontend/src/command_center/commandCenterDataV37.ts	54	    id: 'ran-simulator',
frontend/src/command_center/commandCenterDataV37.ts	69	    id: 'rf-spectrum',
frontend/src/command_center/commandCenterDataV37.ts	84	    id: 'rf-bandplan',
frontend/src/command_center/commandCenterDataV37.ts	99	    id: 'soc-noc-correlation',
frontend/src/command_center/commandCenterDataV37.ts	114	    id: 'dynamic-scenarios',
frontend/src/command_center/commandCenterDataV37.ts	128	    id: 'knowledge-base',
frontend/src/styles.css.bak_rf_chunk_observatory_v16_20260525_151906	2	  --trf-bg:#02060c;
frontend/src/styles.css.bak_rf_chunk_observatory_v16_20260525_151906	3	  --trf-bg2:#071525;
frontend/src/styles.css.bak_rf_chunk_observatory_v16_20260525_151906	4	  --trf-panel:#081422;
frontend/src/styles.css.bak_rf_chunk_observatory_v16_20260525_151906	5	  --trf-panel2:#0c1d31;
frontend/src/styles.css.bak_rf_chunk_observatory_v16_20260525_151906	8	  --trf-cyan:#39d7ff;
frontend/src/styles.css.bak_rf_chunk_observatory_v16_20260525_151906	9	  --trf-cyan2:#00e5ff;
frontend/src/styles.css.bak_rf_chunk_observatory_v16_20260525_151906	10	  --trf-green:#7dffb2;
frontend/src/styles.css.bak_rf_chunk_observatory_v16_20260525_151906	11	  --trf-amber:#ffd166;
frontend/src/styles.css.bak_rf_chunk_observatory_v16_20260525_151906	12	  --trf-red:#ff5f7a;
frontend/src/styles.css.bak_rf_chunk_observatory_v16_20260525_151906	13	  --trf-text:#dff3ff;
frontend/src/styles.css.bak_rf_chunk_observatory_v16_20260525_151906	14	  --trf-muted:#88a9c4;
frontend/src/styles.css.bak_rf_chunk_observatory_v16_20260525_151906	15	  --trf-dim:#57768d;
frontend/src/styles.css.bak_rf_chunk_observatory_v16_20260525_151906	20	html,body,#root{
frontend/src/styles.css.bak_rf_chunk_observatory_v16_20260525_151906	27	    linear-gradient(145deg,#06101c,#02060c 60%,#000);
frontend/src/styles.css.bak_rf_chunk_observatory_v16_20260525_151906	35	  background:linear-gradient(180deg,#122841,#08111e);
frontend/src/styles.css.bak_rf_chunk_observatory_v16_20260525_151906	37	  color:#dff3ff;
frontend/src/styles.css.bak_rf_chunk_observatory_v16_20260525_151906	87	  color:#f1fbff;
frontend/src/styles.css.bak_rf_chunk_observatory_v16_20260525_151906	146	  color:#cbeeff;
frontend/src/styles.css.bak_rf_chunk_observatory_v16_20260525_151906	151	  color:#06101c;
frontend/src/styles.css.bak_rf_chunk_observatory_v16_20260525_151906	152	  background:linear-gradient(180deg,#77efff,#33c8f2);
frontend/src/styles.css.bak_rf_chunk_observatory_v16_20260525_151906	153	  border-color:#b8f7ff;
frontend/src/styles.css.bak_rf_chunk_observatory_v16_20260525_151906	179	.mc-error{ border-color:rgba(255,95,122,.45); color:#ffd5dc; }
frontend/src/styles.css.bak_rf_chunk_observatory_v16_20260525_151906	221	  color:#ecfbff;
frontend/src/styles.css.bak_rf_chunk_observatory_v16_20260525_151906	308	  color:#dff3ff;
frontend/src/styles.css.bak_rf_chunk_observatory_v16_20260525_151906	312	.mc-state.ok,.mc-cell.ok{ color:#05130c; background:linear-gradient(180deg,#8affbd,#38d884); }
frontend/src/styles.css.bak_rf_chunk_observatory_v16_20260525_151906	313	.mc-state.warn,.mc-cell.warn{ color:#171000; background:linear-gradient(180deg,#ffe38a,#ffbe3c); }
frontend/src/styles.css.bak_rf_chunk_observatory_v16_20260525_151906	314	.mc-state.bad,.mc-cell.bad{ color:#fff; background:linear-gradient(180deg,#ff5f7a,#a51f38); }
frontend/src/styles.css.bak_rf_chunk_observatory_v16_20260525_151906	392	  color:#cceeff;
frontend/src/styles.css.bak_rf_chunk_observatory_v16_20260525_151906	393	  background:#02060c;
frontend/src/styles.css.bak_rf_chunk_observatory_v16_20260525_151906	453	  color:#eafbff;
frontend/src/styles.css.bak_rf_chunk_observatory_v16_20260525_151906	462	  color:#88a9c4;
frontend/src/styles.css.bak_rf_chunk_observatory_v16_20260525_151906	477	  color:#7dffb2;
frontend/src/styles.css.bak_rf_chunk_observatory_v16_20260525_151906	502	  color:#021018;
frontend/src/styles.css.bak_rf_chunk_observatory_v16_20260525_151906	503	  background:linear-gradient(180deg,#7df1ff,#34c9f2);
frontend/src/styles.css.bak_rf_chunk_observatory_v16_20260525_151906	504	  border-color:#c7fbff;
frontend/src/styles.css.bak_rf_chunk_observatory_v16_20260525_151906	530	  color:#39d7ff;
frontend/src/styles.css.bak_rf_chunk_observatory_v16_20260525_151906	540	  background:#00050a;
frontend/src/styles.css.bak_rf_chunk_observatory_v16_20260525_151906	559	  color:#39d7ff;
frontend/src/styles.css.bak_rf_chunk_observatory_v16_20260525_151906	567	  color:#dff3ff;
frontend/src/styles.css.bak_rf_chunk_observatory_v16_20260525_151906	575	  color:#ffd166;
frontend/src/styles.css.bak_rf_chunk_observatory_v16_20260525_151906	611	  color:#f1fbff;
frontend/src/styles.css.bak_rf_chunk_observatory_v16_20260525_151906	621	  color:#88a9c4;
frontend/src/styles.css.bak_rf_chunk_observatory_v16_20260525_151906	643	  color:#021018;
frontend/src/styles.css.bak_rf_chunk_observatory_v16_20260525_151906	644	  background:linear-gradient(180deg,#7df1ff,#34c9f2);
frontend/src/styles.css.bak_rf_chunk_observatory_v16_20260525_151906	645	  border-color:#c7fbff;
frontend/src/styles.css.bak_rf_chunk_observatory_v16_20260525_151906	671	  color:#39d7ff;
frontend/src/styles.css.bak_rf_chunk_observatory_v16_20260525_151906	681	  background:#00050a;
frontend/src/styles.css.bak_rf_chunk_observatory_v16_20260525_151906	700	  color:#39d7ff;
frontend/src/styles.css.bak_rf_chunk_observatory_v16_20260525_151906	712	  color:#ffd166;
frontend/src/styles.css.bak_rf_chunk_observatory_v16_20260525_151906	753	  color:#efffff;
frontend/src/styles.css.bak_rf_chunk_observatory_v16_20260525_151906	761	  color:#8fb8c8;
frontend/src/styles.css.bak_rf_chunk_observatory_v16_20260525_151906	776	  color:#7dffb2;
frontend/src/styles.css.bak_rf_chunk_observatory_v16_20260525_151906	805	  color:#39d7ff;
frontend/src/styles.css.bak_rf_chunk_observatory_v16_20260525_151906	814	  color:#eafbff;
frontend/src/styles.css.bak_rf_chunk_observatory_v16_20260525_151906	822	  color:#88a9c4;
frontend/src/styles.css.bak_rf_chunk_observatory_v16_20260525_151906	865	  color:#fff7d6;
frontend/src/styles.css.bak_rf_chunk_observatory_v16_20260525_151906	875	  color:#b9a979;
frontend/src/styles.css.bak_rf_chunk_observatory_v16_20260525_151906	890	  color:#ffd166;
frontend/src/styles.css.bak_rf_chunk_observatory_v16_20260525_151906	915	  color:#ffd166;
frontend/src/styles.css.bak_rf_chunk_observatory_v16_20260525_151906	937	  color:#171100;
frontend/src/styles.css.bak_rf_chunk_observatory_v16_20260525_151906	938	  background:linear-gradient(180deg,#ffe28a,#ffbf3c);
frontend/src/styles.css.bak_rf_chunk_observatory_v16_20260525_151906	939	  border-color:#fff1b8;
frontend/src/styles.css.bak_rf_chunk_observatory_v16_20260525_151906	958	  color:#ffd166;
frontend/src/styles.css.bak_rf_chunk_observatory_v16_20260525_151906	977	  color:#dff3ff;
frontend/src/styles.css.bak_rf_chunk_observatory_v16_20260525_151906	982	  color:#ffd166;
frontend/src/styles.css.bak_rf_chunk_observatory_v16_20260525_151906	986	  color:#b9a979;
frontend/src/styles.css.bak_rf_chunk_observatory_v16_20260525_151906	1030	  color:#eafbff;
frontend/src/styles.css.bak_rf_chunk_observatory_v16_20260525_151906	1040	  color:#88a9c4;
frontend/src/styles.css.bak_rf_chunk_observatory_v16_20260525_151906	1055	  color:#39d7ff;
frontend/src/styles.css.bak_rf_chunk_observatory_v16_20260525_151906	1080	  color:#39d7ff;
frontend/src/styles.css.bak_rf_chunk_observatory_v16_20260525_151906	1089	  color:#eafbff;
frontend/src/styles.css.bak_rf_chunk_observatory_v16_20260525_151906	1097	  color:#88a9c4;
frontend/src/styles.css.bak_rf_chunk_observatory_v16_20260525_151906	1106	  background:#02060c;
frontend/src/styles.css.bak_rf_chunk_observatory_v16_20260525_151906	1107	  color:#dff3ff;
frontend/src/styles.css.bak_rf_chunk_observatory_v16_20260525_151906	1149	  color:#efffff;
frontend/src/styles.css.bak_rf_chunk_observatory_v16_20260525_151906	1159	  color:#8fb8c8;
frontend/src/styles.css.bak_rf_chunk_observatory_v16_20260525_151906	1174	  color:#7dffb2;
frontend/src/styles.css.bak_rf_chunk_observatory_v16_20260525_151906	1207	  color:#7dffb2;
frontend/src/styles.css.bak_rf_chunk_observatory_v16_20260525_151906	1216	  color:#eafbff;
frontend/src/styles.css.bak_rf_chunk_observatory_v16_20260525_151906	1224	  color:#8fb8c8;
frontend/src/styles.css.bak_rf_chunk_observatory_v16_20260525_151906	1252	  color:#7dffb2;
frontend/src/styles.css.bak_rf_chunk_observatory_v16_20260525_151906	1259	.rf-bridge-ok{ color:#7dffb2; }
frontend/src/styles.css.bak_rf_chunk_observatory_v16_20260525_151906	1260	.rf-bridge-warn{ color:#ffd166; }
frontend/src/styles.css.bak_rf_chunk_observatory_v16_20260525_151906	1261	.rf-bridge-bad{ color:#ff5f7a; }
frontend/src/styles.css.bak_rf_chunk_observatory_v16_20260525_151906	1298	  color:#f6edff;
frontend/src/styles.css.bak_rf_chunk_observatory_v16_20260525_151906	1308	  color:#bda8d8;
frontend/src/styles.css.bak_rf_chunk_observatory_v16_20260525_151906	1323	  color:#dcbcff;
frontend/src/styles.css.bak_rf_chunk_observatory_v16_20260525_151906	1356	  color:#dcbcff;
frontend/src/styles.css.bak_rf_chunk_observatory_v16_20260525_151906	1365	  color:#eafbff;
frontend/src/styles.css.bak_rf_chunk_observatory_v16_20260525_151906	1373	  color:#bda8d8;
frontend/src/styles.css.bak_rf_chunk_observatory_v16_20260525_151906	1383	  background:#02060c;
frontend/src/styles.css.bak_rf_chunk_observatory_v16_20260525_151906	1384	  color:#eafbff;
frontend/src/styles.css.bak_rf_chunk_observatory_v16_20260525_151906	1392	.rf-evidence-v10-ok{ color:#7dffb2; }
frontend/src/styles.css.bak_rf_chunk_observatory_v16_20260525_151906	1393	.rf-evidence-v10-warn{ color:#ffd166; }
frontend/src/styles.css.bak_rf_chunk_observatory_v16_20260525_151906	1394	.rf-evidence-v10-bad{ color:#ff5f7a; }
frontend/src/styles.css.bak_rf_chunk_observatory_v16_20260525_151906	1431	  color:#effbff;
frontend/src/styles.css.bak_rf_chunk_observatory_v16_20260525_151906	1443	  color:#91b9c9;
frontend/src/styles.css.bak_rf_chunk_observatory_v16_20260525_151906	1458	  color:#39d7ff;
frontend/src/styles.css.bak_rf_chunk_observatory_v16_20260525_151906	1487	  color:#021018;
frontend/src/styles.css.bak_rf_chunk_observatory_v16_20260525_151906	1488	  background:linear-gradient(180deg,#7df1ff,#34c9f2);
frontend/src/styles.css.bak_rf_chunk_observatory_v16_20260525_151906	1489	  border-color:#c7fbff;
frontend/src/styles.css.bak_rf_chunk_observatory_v16_20260525_151906	1512	  color:#39d7ff;
frontend/src/styles.css.bak_rf_chunk_observatory_v16_20260525_151906	1521	  color:#eafbff;
frontend/src/styles.css.bak_rf_chunk_observatory_v16_20260525_151906	1529	  color:#91b9c9;
frontend/src/styles.css.bak_rf_chunk_observatory_v16_20260525_151906	1556	  color:#39d7ff;
frontend/src/styles.css.bak_rf_chunk_observatory_v16_20260525_151906	1596	  color:#39d7ff;
frontend/src/styles.css.bak_rf_chunk_observatory_v16_20260525_151906	1610	  background:#39d7ff;
frontend/src/styles.css.bak_rf_chunk_observatory_v16_20260525_151906	1625	  color:#7dffb2;
frontend/src/styles.css	2	  --trf-bg:#02060c;
frontend/src/styles.css	3	  --trf-bg2:#071525;
frontend/src/styles.css	4	  --trf-panel:#081422;
frontend/src/styles.css	5	  --trf-panel2:#0c1d31;
frontend/src/styles.css	8	  --trf-cyan:#39d7ff;
frontend/src/styles.css	9	  --trf-cyan2:#00e5ff;
frontend/src/styles.css	10	  --trf-green:#7dffb2;
frontend/src/styles.css	11	  --trf-amber:#ffd166;
frontend/src/styles.css	12	  --trf-red:#ff5f7a;
frontend/src/styles.css	13	  --trf-text:#dff3ff;
frontend/src/styles.css	14	  --trf-muted:#88a9c4;
frontend/src/styles.css	15	  --trf-dim:#57768d;
frontend/src/styles.css	20	html,body,#root{
frontend/src/styles.css	27	    linear-gradient(145deg,#06101c,#02060c 60%,#000);
frontend/src/styles.css	35	  background:linear-gradient(180deg,#122841,#08111e);
frontend/src/styles.css	37	  color:#dff3ff;
frontend/src/styles.css	87	  color:#f1fbff;
frontend/src/styles.css	146	  color:#cbeeff;
frontend/src/styles.css	151	  color:#06101c;
frontend/src/styles.css	152	  background:linear-gradient(180deg,#77efff,#33c8f2);
frontend/src/styles.css	153	  border-color:#b8f7ff;
frontend/src/styles.css	179	.mc-error{ border-color:rgba(255,95,122,.45); color:#ffd5dc; }
frontend/src/styles.css	221	  color:#ecfbff;
frontend/src/styles.css	308	  color:#dff3ff;
frontend/src/styles.css	312	.mc-state.ok,.mc-cell.ok{ color:#05130c; background:linear-gradient(180deg,#8affbd,#38d884); }
frontend/src/styles.css	313	.mc-state.warn,.mc-cell.warn{ color:#171000; background:linear-gradient(180deg,#ffe38a,#ffbe3c); }
frontend/src/styles.css	314	.mc-state.bad,.mc-cell.bad{ color:#fff; background:linear-gradient(180deg,#ff5f7a,#a51f38); }
frontend/src/styles.css	392	  color:#cceeff;
frontend/src/styles.css	393	  background:#02060c;
frontend/src/styles.css	453	  color:#eafbff;
frontend/src/styles.css	462	  color:#88a9c4;
frontend/src/styles.css	477	  color:#7dffb2;
frontend/src/styles.css	502	  color:#021018;
frontend/src/styles.css	503	  background:linear-gradient(180deg,#7df1ff,#34c9f2);
frontend/src/styles.css	504	  border-color:#c7fbff;
frontend/src/styles.css	530	  color:#39d7ff;
frontend/src/styles.css	540	  background:#00050a;
frontend/src/styles.css	559	  color:#39d7ff;
frontend/src/styles.css	567	  color:#dff3ff;
frontend/src/styles.css	575	  color:#ffd166;
frontend/src/styles.css	611	  color:#f1fbff;
frontend/src/styles.css	621	  color:#88a9c4;
frontend/src/styles.css	643	  color:#021018;
frontend/src/styles.css	644	  background:linear-gradient(180deg,#7df1ff,#34c9f2);
frontend/src/styles.css	645	  border-color:#c7fbff;
frontend/src/styles.css	671	  color:#39d7ff;
frontend/src/styles.css	681	  background:#00050a;
frontend/src/styles.css	700	  color:#39d7ff;
frontend/src/styles.css	712	  color:#ffd166;
frontend/src/styles.css	753	  color:#efffff;
frontend/src/styles.css	761	  color:#8fb8c8;
frontend/src/styles.css	776	  color:#7dffb2;
frontend/src/styles.css	805	  color:#39d7ff;
frontend/src/styles.css	814	  color:#eafbff;
frontend/src/styles.css	822	  color:#88a9c4;
frontend/src/styles.css	865	  color:#fff7d6;
frontend/src/styles.css	875	  color:#b9a979;
frontend/src/styles.css	890	  color:#ffd166;
frontend/src/styles.css	915	  color:#ffd166;
frontend/src/styles.css	937	  color:#171100;
frontend/src/styles.css	938	  background:linear-gradient(180deg,#ffe28a,#ffbf3c);
frontend/src/styles.css	939	  border-color:#fff1b8;
frontend/src/styles.css	958	  color:#ffd166;
frontend/src/styles.css	977	  color:#dff3ff;
frontend/src/styles.css	982	  color:#ffd166;
frontend/src/styles.css	986	  color:#b9a979;
frontend/src/styles.css	1030	  color:#eafbff;
frontend/src/styles.css	1040	  color:#88a9c4;
frontend/src/styles.css	1055	  color:#39d7ff;
frontend/src/styles.css	1080	  color:#39d7ff;
frontend/src/styles.css	1089	  color:#eafbff;
frontend/src/styles.css	1097	  color:#88a9c4;
frontend/src/styles.css	1106	  background:#02060c;
frontend/src/styles.css	1107	  color:#dff3ff;
frontend/src/styles.css	1149	  color:#efffff;
frontend/src/styles.css	1159	  color:#8fb8c8;
frontend/src/styles.css	1174	  color:#7dffb2;
frontend/src/styles.css	1207	  color:#7dffb2;
frontend/src/styles.css	1216	  color:#eafbff;
frontend/src/styles.css	1224	  color:#8fb8c8;
frontend/src/styles.css	1252	  color:#7dffb2;
frontend/src/styles.css	1259	.rf-bridge-ok{ color:#7dffb2; }
frontend/src/styles.css	1260	.rf-bridge-warn{ color:#ffd166; }
frontend/src/styles.css	1261	.rf-bridge-bad{ color:#ff5f7a; }
frontend/src/styles.css	1298	  color:#f6edff;
frontend/src/styles.css	1308	  color:#bda8d8;
frontend/src/styles.css	1323	  color:#dcbcff;
frontend/src/styles.css	1356	  color:#dcbcff;
frontend/src/styles.css	1365	  color:#eafbff;
frontend/src/styles.css	1373	  color:#bda8d8;
frontend/src/styles.css	1383	  background:#02060c;
frontend/src/styles.css	1384	  color:#eafbff;
frontend/src/styles.css	1392	.rf-evidence-v10-ok{ color:#7dffb2; }
frontend/src/styles.css	1393	.rf-evidence-v10-warn{ color:#ffd166; }
frontend/src/styles.css	1394	.rf-evidence-v10-bad{ color:#ff5f7a; }
frontend/src/styles.css	1431	  color:#effbff;
frontend/src/styles.css	1443	  color:#91b9c9;
frontend/src/styles.css	1458	  color:#39d7ff;
frontend/src/styles.css	1487	  color:#021018;
frontend/src/styles.css	1488	  background:linear-gradient(180deg,#7df1ff,#34c9f2);
frontend/src/styles.css	1489	  border-color:#c7fbff;
frontend/src/styles.css	1512	  color:#39d7ff;
frontend/src/styles.css	1521	  color:#eafbff;
frontend/src/styles.css	1529	  color:#91b9c9;
frontend/src/styles.css	1556	  color:#39d7ff;
frontend/src/styles.css	1596	  color:#39d7ff;
frontend/src/styles.css	1610	  background:#39d7ff;
frontend/src/styles.css	1625	  color:#7dffb2;
frontend/src/styles.css	1658	  color:#efffff;
frontend/src/styles.css	1668	  color:#9bc7bd;
frontend/src/styles.css	1683	  color:#7dffb2;
frontend/src/styles.css	1716	  color:#7dffb2;
frontend/src/styles.css	1725	  color:#eafbff;
frontend/src/styles.css	1733	  color:#9bc7bd;
frontend/src/styles.css	1761	  color:#7dffb2;
frontend/src/styles.css	1772	  color:#9bc7bd;
frontend/src/styles.css	1776	.rf-chunk-ok{ color:#7dffb2; }
frontend/src/styles.css	1777	.rf-chunk-warn{ color:#ffd166; }
frontend/src/styles.css	1778	.rf-chunk-bad{ color:#ff5f7a; }
frontend/src/styles.css	1815	  color:#6ce7ff;
frontend/src/styles.css	1820	  color:#eaf8ff;
frontend/src/styles.css	1827	  color:#90aeca;
frontend/src/styles.css	1843	  color:#8dffbb;
frontend/src/styles.css	1847	  color:#87b99e;
frontend/src/styles.css	1870	  color:#8fb7d8;
frontend/src/styles.css	1882	  color:#8dffbb;
frontend/src/styles.css	1890	  color:#ffd166;
frontend/src/styles.css	1898	  color:#ff6f8d;
frontend/src/styles.css	1903	  color:#f0fbff;
frontend/src/styles.css	1909	  color:#93abc2;
frontend/src/styles.css	1915	  color:#6ce7ff;
frontend/src/styles.css	1926	  color:#8fa8bd;
frontend/src/styles.css	1936	  color:#ffc1ca;
frontend/src/styles.css	1979	  color:#7dffb2;
frontend/src/styles.css	1987	  color:#efffff;
frontend/src/styles.css	1994	  color:#7dffb2;
frontend/src/styles.css	2017	  color:#84a9c8;
frontend/src/styles.css	2026	  color:#e9fbff;
frontend/src/styles.css	2037	  color:#8ea9bd;
frontend/src/styles.css	2047	  color:#ffc1ca;
frontend/src/styles.css	2092	  color:#62e6ff;
frontend/src/styles.css	2100	  color:#effbff;
frontend/src/styles.css	2107	  color:#91abc4;
frontend/src/styles.css	2114	  color:#8dffbd;
frontend/src/styles.css	2132	  color:#9cb8d3;
frontend/src/styles.css	2139	  color:#06131d;
frontend/src/styles.css	2140	  background:linear-gradient(135deg,#72e9ff,#8dffbd);
frontend/src/styles.css	2202	  color:#eaffff;
frontend/src/styles.css	2215	  background:#77f2ff;
frontend/src/styles.css	2216	  box-shadow:0 0 14px #77f2ff;
frontend/src/styles.css	2222	  color:#8ff4ff;
frontend/src/styles.css	2228	  color:#cce4f3;
frontend/src/styles.css	2241	  color:#f1fbff;
frontend/src/styles.css	2246	  color:#a9bed0;
frontend/src/styles.css	2266	  color:#88a7ba;
frontend/src/styles.css	2272	  color:#8dffbd;
frontend/src/styles.css	2292	  color:#6ce7ff;
frontend/src/styles.css	2298	  color:#c2d5e4;
frontend/src/styles.css	2324	  color:#bdf7ff;
frontend/src/styles.css	2353	  background:linear-gradient(135deg,#cc6b29,#ffb06d);
frontend/src/styles.css	2359	  background:linear-gradient(135deg,#8d9a77,#d1d8b7);
frontend/src/styles.css	2365	  background:linear-gradient(135deg,#7a3b18,#c16d35);
frontend/src/styles.css	2374	  background:#dd7f3a;
frontend/src/styles.css	2385	  background:radial-gradient(circle,#ffdf63 0%,#3ce2ff 48%,transparent 70%);
frontend/src/styles.css	2401	.v35-yagi{left:10%;top:22%;width:170px;height:80px;border-top:4px solid #dcecff;border-bottom:4px solid #dcecff}
frontend/src/styles.css	2402	.v35-yagi:before{content:'';position:absolute;left:50%;top:-38px;width:4px;height:150px;background:#dcecff}
frontend/src/styles.css	2403	.v35-panel{left:67%;top:20%;width:90px;height:185px;border-radius:12px;background:linear-gradient(135deg,#e6edf3,#8ca0ae);box-shadow:0 0 24px rgba(108,231,255,.22)}
frontend/src/styles.css	2404	.v35-dish{left:20%;top:60%;width:145px;height:92px;border-radius:50%;background:radial-gradient(circle at 30% 40%,#f4f7fa,#6f7f8a)}
frontend/src/styles.css	2405	.v35-horn{left:50%;top:51%;width:150px;height:90px;clip-path:polygon(0 35%,100% 0,100% 100%,0 65%);background:#b7c3cc}
frontend/src/styles.css	2406	.v35-smallcell{left:48%;top:72%;width:58px;height:105px;border-radius:18px;background:linear-gradient(#f2f5f8,#7c909b)}
frontend/src/styles.css	2409	.v35-lattice-tower{left:18%;top:13%;width:100px;height:270px;background:linear-gradient(90deg,transparent 46%,#cbd6dd 47%,#cbd6dd 53%,transparent 54%);border-left:3px solid #cbd6dd;border-right:3px solid #cbd6dd}
frontend/src/styles.css	2410	.v35-monopole{left:42%;top:18%;width:34px;height:250px;background:#aebbc3;border-radius:14px}
frontend/src/styles.css	2411	.v35-radome{left:57%;top:34%;width:120px;height:120px;border-radius:50%;background:radial-gradient(circle at 35% 30%,#fff,#adb7bf)}
frontend/src/styles.css	2412	.v35-cabinet{left:70%;top:68%;width:120px;height:72px;background:#ccd3d7;border-radius:8px}
frontend/src/styles.css	2413	.v35-solar{left:80%;top:30%;width:110px;height:70px;background:repeating-linear-gradient(90deg,#193d61 0 14px,#2d6ca0 15px 28px);transform:skewY(-12deg)}
frontend/src/styles.css	2416	.v35-tower-left,.v35-tower-right{width:70px;height:220px;background:linear-gradient(90deg,transparent 43%,#d9e7ef 44%,#d9e7ef 56%,transparent 57%);border-left:3px solid #d9e7ef;border-right:3px solid #d9e7ef}
frontend/src/styles.css	2419	.v35-beam-narrow{left:22%;top:42%;width:42%;height:12px;background:#43dfff;box-shadow:0 0 18px #43dfff;transform:rotate(-4deg)}
frontend/src/styles.css	2423	.v35-screen{border:1px solid rgba(108,231,255,.34);border-radius:14px;background:rgba(3,17,30,.82);color:#c8f8ff;display:flex;align-items:center;justify-content:center;font-weight:900}
frontend/src/styles.css	2426	.v35-instrument{left:34%;top:58%;width:240px;height:110px;border-radius:18px;background:#8c98a4;color:#06131d;display:flex;align-items:center;justify-content:center;font-weight:900}
frontend/src/styles.css	2427	.v35-parabola{right:15%;top:38%;width:145px;height:145px;border-radius:50%;background:radial-gradient(circle at 35% 40%,#fff,#697884)}
frontend/src/styles.css	2430	.v35-uav{width:260px;height:70px;background:#cad4dd;border-radius:50% 50% 40% 40%;box-shadow:0 16px 34px rgba(0,0,0,.28)}
frontend/src/styles.css	2431	.v35-uav:before{content:'';position:absolute;left:-90px;top:25px;width:440px;height:8px;background:#dce5ec;border-radius:8px}
frontend/src/styles.css	2432	.v35-uav:after{content:'';position:absolute;right:-30px;top:-28px;width:80px;height:110px;border-right:14px solid #c9d4dd;border-top:10px solid #c9d4dd;transform:rotate(8deg)}
frontend/src/styles.css	2435	.v35-uav-link{left:34%;top:48%;width:38%;height:2px;background:#6ce7ff;box-shadow:0 0 20px #6ce7ff;transform:rotate(12deg)}
frontend/src/styles.css	2477	  color:#6deaff;
frontend/src/styles.css	2485	  color:#f1fbff;
frontend/src/styles.css	2492	  color:#94aec4;
frontend/src/styles.css	2507	  color:#8dffbd;
frontend/src/styles.css	2512	  color:#9bb7a9;
frontend/src/styles.css	2529	  color:#a6bdd2;
frontend/src/styles.css	2536	  color:#06131d;
frontend/src/styles.css	2537	  background:linear-gradient(135deg,#75eaff,#8dffbd);
frontend/src/styles.css	2576	  color:#6deaff;
frontend/src/styles.css	2584	  color:#f2fbff;
frontend/src/styles.css	2590	  color:#8aa7bc;
frontend/src/styles.css	2650	  background:linear-gradient(135deg,#dfe8ef,#7d929f);
frontend/src/styles.css	2660	  background:linear-gradient(135deg,#d38743,#ffbf7b);
frontend/src/styles.css	2670	  background:linear-gradient(135deg,#eff4f6,#7f9099);
frontend/src/styles.css	2679	  background:radial-gradient(circle,#ffe16d 0%,rgba(77,226,255,.72) 46%,transparent 70%);
frontend/src/styles.css	2746	  color:#eefcff;
frontend/src/styles.css	2759	  background:#75eaff;
frontend/src/styles.css	2760	  box-shadow:0 0 18px #75eaff;
frontend/src/styles.css	2765	  color:#8ff4ff;
frontend/src/styles.css	2772	  color:#cce4f3;
frontend/src/styles.css	2796	  color:#94adbd;
frontend/src/styles.css	2802	  color:#8dffbd;
frontend/src/styles.css	2814	  color:#f3fbff;
frontend/src/styles.css	2819	  color:#a9bed0;
frontend/src/styles.css	2839	  color:#6deaff;
frontend/src/styles.css	2847	  color:#eaf7ff;
frontend/src/styles.css	2867	  color:#8dffbd;
frontend/src/styles.css	2873	  color:#c2d5e4;
frontend/src/styles.css	2878	.v36-procedural-electronics .v36-render-core{background:linear-gradient(135deg,#123655,#2f88bb)}
frontend/src/styles.css	2879	.v36-procedural-microstrip .v36-render-core{background:linear-gradient(135deg,#c66b2d,#ffb06d)}
frontend/src/styles.css	2883	.v36-procedural-rf-lab .v36-render-core{background:linear-gradient(135deg,#182d43,#68d9ff)}
frontend/src/styles.css	2921	  color:#75eaff;
frontend/src/styles.css	2929	  color:#f1fbff;
frontend/src/styles.css	2936	  color:#96afc5;
frontend/src/styles.css	2951	  color:#8dffbd;
frontend/src/styles.css	2956	  color:#9bb7a9;
frontend/src/styles.css	2971	  color:#a6bdd2;
frontend/src/styles.css	2977	  color:#06131d;
frontend/src/styles.css	2978	  background:linear-gradient(135deg,#75eaff,#8dffbd);
frontend/src/styles.css	3017	  color:#75eaff;
frontend/src/styles.css	3032	  color:#8dffbd;
frontend/src/styles.css	3038	  color:#ffd37b;
frontend/src/styles.css	3043	  color:#ff7890;
frontend/src/styles.css	3048	  color:#f1fbff;
frontend/src/styles.css	3054	  color:#a9bed0;
frontend/src/styles.css	3063	  color:#75eaff;
frontend/src/styles.css	3071	  color:#d9f9ff;
frontend/src/styles.css	3092	  color:#91a9b8;
frontend/src/styles.css	3098	  color:#8dffbd;
frontend/src/styles.css	3105	  color:#c5d8e7;
frontend/src/styles.css	3115	  color:#8da8ba;
frontend/src/styles.css	3120	  color:#ffd37b;
frontend/src/styles.css	3135	  --trfmc-bg-0:#020812;
frontend/src/styles.css	3136	  --trfmc-bg-1:#06111f;
frontend/src/styles.css	3137	  --trfmc-bg-2:#081a2d;
frontend/src/styles.css	3144	  --trfmc-cyan:#75eaff;
frontend/src/styles.css	3145	  --trfmc-cyan-soft:#9eefff;
frontend/src/styles.css	3146	  --trfmc-green:#8dffbd;
frontend/src/styles.css	3147	  --trfmc-amber:#ffd37b;
frontend/src/styles.css	3148	  --trfmc-red:#ff7890;
frontend/src/styles.css	3149	  --trfmc-text:#f1fbff;
frontend/src/styles.css	3150	  --trfmc-muted:#9ab5c9;
frontend/src/styles.css	3151	  --trfmc-muted-2:#7894a8;
frontend/src/styles.css	3225	  color:#06131d !important;
frontend/src/styles.css	3240	  color:#a6bdd2 !important;
frontend/src/styles.css	3387	  color:var(--trfmc-cyan, #75eaff);
frontend/src/styles.css	3395	  color:var(--trfmc-text, #f1fbff);
frontend/src/styles.css	3402	  color:var(--trfmc-muted, #9ab5c9);
frontend/src/styles.css	3417	  color:var(--trfmc-green, #8dffbd);
frontend/src/styles.css	3422	  color:#9bb7a9;
frontend/src/styles.css	3436	  color:#a6bdd2;
frontend/src/styles.css	3443	  color:#06131d;
frontend/src/styles.css	3444	  background:linear-gradient(135deg,var(--trfmc-cyan, #75eaff),var(--trfmc-green, #8dffbd));
frontend/src/styles.css	3472	  color:var(--trfmc-cyan, #75eaff);
frontend/src/styles.css	3481	  color:var(--trfmc-text, #f1fbff);
frontend/src/styles.css	3496	  color:var(--trfmc-green, #8dffbd);
frontend/src/styles.css	3501	  color:var(--trfmc-amber, #ffd37b);
frontend/src/styles.css	3506	  color:var(--trfmc-muted, #9ab5c9);
frontend/src/styles.css	3531	  color:var(--trfmc-cyan, #75eaff);
frontend/src/styles.css	3545	  color:var(--trfmc-green, #8dffbd);
frontend/src/styles.css	3550	  color:var(--trfmc-amber, #ffd37b);
frontend/src/styles.css	3555	  color:var(--trfmc-muted, #9ab5c9);
frontend/src/styles.css	3561	  color:var(--trfmc-text, #f1fbff);
frontend/src/styles.css	3566	  color:var(--trfmc-muted, #9ab5c9);
frontend/src/styles.css	3574	  color:var(--trfmc-cyan, #75eaff);
frontend/src/styles.css	3591	  color:var(--trfmc-cyan, #75eaff);
frontend/src/styles.css	3599	  color:var(--trfmc-green, #8dffbd);
frontend/src/styles.css	3604	  color:var(--trfmc-amber, #ffd37b);
frontend/src/styles.css	3624	  color:#c5d8e7;
frontend/src/styles.css	3637	  color:var(--trfmc-text, #f1fbff);
frontend/src/styles.css	3681	  color:var(--trfmc-cyan, #75eaff);
frontend/src/styles.css	3689	  color:var(--trfmc-text, #f1fbff);
frontend/src/styles.css	3696	  color:var(--trfmc-muted, #9ab5c9);
frontend/src/styles.css	3711	  color:var(--trfmc-green, #8dffbd);
frontend/src/styles.css	3716	  color:#9bb7a9;
frontend/src/styles.css	3730	  color:#a6bdd2;
frontend/src/styles.css	3737	  color:#06131d;
frontend/src/styles.css	3738	  background:linear-gradient(135deg,var(--trfmc-cyan, #75eaff),var(--trfmc-green, #8dffbd));
frontend/src/styles.css	3767	  color:var(--trfmc-cyan, #75eaff);
frontend/src/styles.css	3776	  color:var(--trfmc-text, #f1fbff);
frontend/src/styles.css	3797	  color:var(--trfmc-green, #8dffbd);
frontend/src/styles.css	3803	  color:var(--trfmc-cyan, #75eaff);
frontend/src/styles.css	3809	  color:var(--trfmc-amber, #ffd37b);
frontend/src/styles.css	3815	  color:#c6a8ff;
frontend/src/styles.css	3839	  color:var(--trfmc-cyan, #75eaff);
frontend/src/styles.css	3855	  color:var(--trfmc-text, #f1fbff);
frontend/src/styles.css	3860	  color:var(--trfmc-muted, #9ab5c9);
frontend/src/styles.css	3873	  color:var(--trfmc-green, #8dffbd);
frontend/src/styles.css	3895	  color:#c5d8e7;
frontend/src/styles.css	3901	  color:var(--trfmc-cyan, #75eaff);
frontend/src/styles.css	3912	  color:var(--trfmc-text, #f1fbff);
frontend/src/styles.css	3955	  color:var(--trfmc-cyan, #75eaff);
frontend/src/styles.css	3963	  color:var(--trfmc-text, #f1fbff);
frontend/src/styles.css	3970	  color:var(--trfmc-muted, #9ab5c9);
frontend/src/styles.css	3985	  color:var(--trfmc-green, #8dffbd);
frontend/src/styles.css	3990	  color:#9bb7a9;
frontend/src/styles.css	3999	  color:var(--trfmc-red, #ff7890);
frontend/src/styles.css	4023	  color:var(--trfmc-cyan, #75eaff);
frontend/src/styles.css	4031	  color:var(--trfmc-green, #8dffbd);
frontend/src/styles.css	4061	  color:var(--trfmc-cyan, #75eaff);
frontend/src/styles.css	4070	  color:var(--trfmc-text, #f1fbff);
frontend/src/styles.css	4080	  color:var(--trfmc-amber, #ffd37b);
frontend/src/styles.css	4132	  color:var(--trfmc-cyan, #75eaff);
frontend/src/styles.css	4142	  color:var(--trfmc-amber, #ffd37b);
frontend/src/styles.css	4150	  color:var(--trfmc-text, #f1fbff);
frontend/src/styles.css	4155	  color:var(--trfmc-muted, #9ab5c9);
frontend/src/styles.css	4169	  color:var(--trfmc-cyan, #75eaff);
frontend/src/styles.css	4189	  color:var(--trfmc-green, #8dffbd);
frontend/src/styles.css	4203	  color:var(--trfmc-text, #f1fbff);
frontend/src/styles.css	4254	  color:var(--trfmc-cyan, #75eaff);
frontend/src/styles.css	4262	  color:var(--trfmc-text, #f1fbff);
frontend/src/styles.css	4269	  color:var(--trfmc-muted, #9ab5c9);
frontend/src/styles.css	4284	  color:var(--trfmc-green, #8dffbd);
frontend/src/styles.css	4289	  color:#9bb7a9;
frontend/src/styles.css	4322	  color:var(--trfmc-cyan, #75eaff);
frontend/src/styles.css	4330	  color:var(--trfmc-text, #f1fbff);
frontend/src/styles.css	4335	  color:var(--trfmc-muted, #9ab5c9);
frontend/src/styles.css	4365	  color:var(--trfmc-cyan, #75eaff);
frontend/src/styles.css	4374	  color:var(--trfmc-text, #f1fbff);
frontend/src/styles.css	4380	  color:var(--trfmc-muted, #9ab5c9);
frontend/src/styles.css	4386	  color:var(--trfmc-green, #8dffbd);
frontend/src/styles.css	4412	  color:var(--trfmc-cyan, #75eaff);
frontend/src/styles.css	4420	  color:var(--trfmc-green, #8dffbd);
frontend/src/styles.css	4440	  color:var(--trfmc-text, #f1fbff);
frontend/src/styles.css	4448	  color:var(--trfmc-muted, #9ab5c9);
frontend/src/styles.css	4455	  background:linear-gradient(90deg,var(--trfmc-cyan, #75eaff),var(--trfmc-green, #8dffbd));
frontend/src/styles.css	4468	  color:var(--trfmc-text, #f1fbff);
frontend/src/styles.css	4473	  color:var(--trfmc-muted, #9ab5c9);
frontend/src/styles.css	4524	  color:var(--trfmc-text, #f1fbff);
frontend/src/styles.css	4532	  color:var(--trfmc-muted, #9ab5c9);
frontend/src/styles.css	4549	  color:var(--trfmc-cyan, #75eaff);
frontend/src/styles.css	4563	  accent-color:var(--trfmc-cyan, #75eaff);
frontend/src/styles.css	4615	  color:var(--trfmc-muted, #9ab5c9);
frontend/src/styles.css	4663	  color:#8dffbd;
frontend/src/styles.css	4718	  color: #7ceaff;
frontend/src/styles.css	4774	  color: #7ceaff;
frontend/src/styles.css	4808	  color:var(--trfmc-muted, #9ab5c9);
frontend/src/styles.css	4818	  color:var(--trfmc-text, #f1fbff);
frontend/src/styles.css	4824	  color:var(--trfmc-cyan, #75eaff);
frontend/src/styles.css	4860	  color:var(--trfmc-text,#f1fbff);
frontend/src/styles.css	4865	  color:var(--trfmc-muted,#9ab5c9);
frontend/src/styles.css	4929	  color:var(--trfmc-cyan,#75eaff);
frontend/src/styles.css.bak_rf_instrument_dock_v4_20260525_140914	2	  --trf-bg:#02060c;
frontend/src/styles.css.bak_rf_instrument_dock_v4_20260525_140914	3	  --trf-bg2:#071525;
frontend/src/styles.css.bak_rf_instrument_dock_v4_20260525_140914	4	  --trf-panel:#081422;
frontend/src/styles.css.bak_rf_instrument_dock_v4_20260525_140914	5	  --trf-panel2:#0c1d31;
frontend/src/styles.css.bak_rf_instrument_dock_v4_20260525_140914	8	  --trf-cyan:#39d7ff;
frontend/src/styles.css.bak_rf_instrument_dock_v4_20260525_140914	9	  --trf-cyan2:#00e5ff;
frontend/src/styles.css.bak_rf_instrument_dock_v4_20260525_140914	10	  --trf-green:#7dffb2;
frontend/src/styles.css.bak_rf_instrument_dock_v4_20260525_140914	11	  --trf-amber:#ffd166;
frontend/src/styles.css.bak_rf_instrument_dock_v4_20260525_140914	12	  --trf-red:#ff5f7a;
frontend/src/styles.css.bak_rf_instrument_dock_v4_20260525_140914	13	  --trf-text:#dff3ff;
frontend/src/styles.css.bak_rf_instrument_dock_v4_20260525_140914	14	  --trf-muted:#88a9c4;
frontend/src/styles.css.bak_rf_instrument_dock_v4_20260525_140914	15	  --trf-dim:#57768d;
frontend/src/styles.css.bak_rf_instrument_dock_v4_20260525_140914	20	html,body,#root{
frontend/src/styles.css.bak_rf_instrument_dock_v4_20260525_140914	27	    linear-gradient(145deg,#06101c,#02060c 60%,#000);
frontend/src/styles.css.bak_rf_instrument_dock_v4_20260525_140914	35	  background:linear-gradient(180deg,#122841,#08111e);
frontend/src/styles.css.bak_rf_instrument_dock_v4_20260525_140914	37	  color:#dff3ff;
frontend/src/styles.css.bak_rf_instrument_dock_v4_20260525_140914	87	  color:#f1fbff;
frontend/src/styles.css.bak_rf_instrument_dock_v4_20260525_140914	146	  color:#cbeeff;
frontend/src/styles.css.bak_rf_instrument_dock_v4_20260525_140914	151	  color:#06101c;
frontend/src/styles.css.bak_rf_instrument_dock_v4_20260525_140914	152	  background:linear-gradient(180deg,#77efff,#33c8f2);
frontend/src/styles.css.bak_rf_instrument_dock_v4_20260525_140914	153	  border-color:#b8f7ff;
frontend/src/styles.css.bak_rf_instrument_dock_v4_20260525_140914	179	.mc-error{ border-color:rgba(255,95,122,.45); color:#ffd5dc; }
frontend/src/styles.css.bak_rf_instrument_dock_v4_20260525_140914	221	  color:#ecfbff;
frontend/src/styles.css.bak_rf_instrument_dock_v4_20260525_140914	308	  color:#dff3ff;
frontend/src/styles.css.bak_rf_instrument_dock_v4_20260525_140914	312	.mc-state.ok,.mc-cell.ok{ color:#05130c; background:linear-gradient(180deg,#8affbd,#38d884); }
frontend/src/styles.css.bak_rf_instrument_dock_v4_20260525_140914	313	.mc-state.warn,.mc-cell.warn{ color:#171000; background:linear-gradient(180deg,#ffe38a,#ffbe3c); }
frontend/src/styles.css.bak_rf_instrument_dock_v4_20260525_140914	314	.mc-state.bad,.mc-cell.bad{ color:#fff; background:linear-gradient(180deg,#ff5f7a,#a51f38); }
frontend/src/styles.css.bak_rf_instrument_dock_v4_20260525_140914	392	  color:#cceeff;
frontend/src/styles.css.bak_rf_instrument_dock_v4_20260525_140914	393	  background:#02060c;
frontend/src/styles.css.bak_rf_instrument_suite_v5_20260525_141512	2	  --trf-bg:#02060c;
frontend/src/styles.css.bak_rf_instrument_suite_v5_20260525_141512	3	  --trf-bg2:#071525;
frontend/src/styles.css.bak_rf_instrument_suite_v5_20260525_141512	4	  --trf-panel:#081422;
frontend/src/styles.css.bak_rf_instrument_suite_v5_20260525_141512	5	  --trf-panel2:#0c1d31;
frontend/src/styles.css.bak_rf_instrument_suite_v5_20260525_141512	8	  --trf-cyan:#39d7ff;
frontend/src/styles.css.bak_rf_instrument_suite_v5_20260525_141512	9	  --trf-cyan2:#00e5ff;
frontend/src/styles.css.bak_rf_instrument_suite_v5_20260525_141512	10	  --trf-green:#7dffb2;
frontend/src/styles.css.bak_rf_instrument_suite_v5_20260525_141512	11	  --trf-amber:#ffd166;
frontend/src/styles.css.bak_rf_instrument_suite_v5_20260525_141512	12	  --trf-red:#ff5f7a;
frontend/src/styles.css.bak_rf_instrument_suite_v5_20260525_141512	13	  --trf-text:#dff3ff;
frontend/src/styles.css.bak_rf_instrument_suite_v5_20260525_141512	14	  --trf-muted:#88a9c4;
frontend/src/styles.css.bak_rf_instrument_suite_v5_20260525_141512	15	  --trf-dim:#57768d;
frontend/src/styles.css.bak_rf_instrument_suite_v5_20260525_141512	20	html,body,#root{
frontend/src/styles.css.bak_rf_instrument_suite_v5_20260525_141512	27	    linear-gradient(145deg,#06101c,#02060c 60%,#000);
frontend/src/styles.css.bak_rf_instrument_suite_v5_20260525_141512	35	  background:linear-gradient(180deg,#122841,#08111e);
frontend/src/styles.css.bak_rf_instrument_suite_v5_20260525_141512	37	  color:#dff3ff;
frontend/src/styles.css.bak_rf_instrument_suite_v5_20260525_141512	87	  color:#f1fbff;
frontend/src/styles.css.bak_rf_instrument_suite_v5_20260525_141512	146	  color:#cbeeff;
frontend/src/styles.css.bak_rf_instrument_suite_v5_20260525_141512	151	  color:#06101c;
frontend/src/styles.css.bak_rf_instrument_suite_v5_20260525_141512	152	  background:linear-gradient(180deg,#77efff,#33c8f2);
frontend/src/styles.css.bak_rf_instrument_suite_v5_20260525_141512	153	  border-color:#b8f7ff;
frontend/src/styles.css.bak_rf_instrument_suite_v5_20260525_141512	179	.mc-error{ border-color:rgba(255,95,122,.45); color:#ffd5dc; }
frontend/src/styles.css.bak_rf_instrument_suite_v5_20260525_141512	221	  color:#ecfbff;
frontend/src/styles.css.bak_rf_instrument_suite_v5_20260525_141512	308	  color:#dff3ff;
frontend/src/styles.css.bak_rf_instrument_suite_v5_20260525_141512	312	.mc-state.ok,.mc-cell.ok{ color:#05130c; background:linear-gradient(180deg,#8affbd,#38d884); }
frontend/src/styles.css.bak_rf_instrument_suite_v5_20260525_141512	313	.mc-state.warn,.mc-cell.warn{ color:#171000; background:linear-gradient(180deg,#ffe38a,#ffbe3c); }
frontend/src/styles.css.bak_rf_instrument_suite_v5_20260525_141512	314	.mc-state.bad,.mc-cell.bad{ color:#fff; background:linear-gradient(180deg,#ff5f7a,#a51f38); }
frontend/src/styles.css.bak_rf_instrument_suite_v5_20260525_141512	392	  color:#cceeff;
frontend/src/styles.css.bak_rf_instrument_suite_v5_20260525_141512	393	  background:#02060c;
frontend/src/styles.css.bak_rf_instrument_suite_v5_20260525_141512	453	  color:#eafbff;
frontend/src/styles.css.bak_rf_instrument_suite_v5_20260525_141512	462	  color:#88a9c4;
frontend/src/styles.css.bak_rf_instrument_suite_v5_20260525_141512	477	  color:#7dffb2;
frontend/src/styles.css.bak_rf_instrument_suite_v5_20260525_141512	502	  color:#021018;
frontend/src/styles.css.bak_rf_instrument_suite_v5_20260525_141512	503	  background:linear-gradient(180deg,#7df1ff,#34c9f2);
frontend/src/styles.css.bak_rf_instrument_suite_v5_20260525_141512	504	  border-color:#c7fbff;
frontend/src/styles.css.bak_rf_instrument_suite_v5_20260525_141512	530	  color:#39d7ff;
frontend/src/styles.css.bak_rf_instrument_suite_v5_20260525_141512	540	  background:#00050a;
frontend/src/styles.css.bak_rf_instrument_suite_v5_20260525_141512	559	  color:#39d7ff;
frontend/src/styles.css.bak_rf_instrument_suite_v5_20260525_141512	567	  color:#dff3ff;
frontend/src/styles.css.bak_rf_instrument_suite_v5_20260525_141512	575	  color:#ffd166;
frontend/src/rf_scenarios/scenarioDataV35.ts	31	    id: 'electronics',
frontend/src/rf_scenarios/scenarioDataV35.ts	42	      { id: 'resistors', label: 'Passive network', value: 'R/L/C symbols', x: 22, y: 32 },
frontend/src/rf_scenarios/scenarioDataV35.ts	43	      { id: 'semiconductors', label: 'Active devices', value: 'Diodes/BJT/FET', x: 49, y: 45 },
frontend/src/rf_scenarios/scenarioDataV35.ts	44	      { id: 'logic', label: 'Digital layer', value: 'Gates/FF', x: 72, y: 36 },
frontend/src/rf_scenarios/scenarioDataV35.ts	53	    id: 'microstrip',
frontend/src/rf_scenarios/scenarioDataV35.ts	64	      { id: 'patch', label: 'Copper patch', value: 'radiating element', x: 50, y: 34 },
frontend/src/rf_scenarios/scenarioDataV35.ts	65	      { id: 'feed', label: 'Feed line', value: 'microstrip 50Ω', x: 29, y: 63 },
frontend/src/rf_scenarios/scenarioDataV35.ts	66	      { id: 'pattern', label: 'Radiation', value: 'E-plane/H-plane', x: 78, y: 28 },
frontend/src/rf_scenarios/scenarioDataV35.ts	75	    id: 'antenna-system',
frontend/src/rf_scenarios/scenarioDataV35.ts	86	      { id: 'mimo', label: 'Massive MIMO', value: 'beamforming', x: 78, y: 32 },
frontend/src/rf_scenarios/scenarioDataV35.ts	87	      { id: 'dish', label: 'Microwave dish', value: 'backhaul/PTP', x: 26, y: 67 },
frontend/src/rf_scenarios/scenarioDataV35.ts	88	      { id: 'sector', label: 'Sector antenna', value: 'cellular coverage', x: 69, y: 55 },
frontend/src/rf_scenarios/scenarioDataV35.ts	97	    id: 'tower-infrastructure',
frontend/src/rf_scenarios/scenarioDataV35.ts	108	      { id: 'macro', label: '4G/5G macro', value: 'multi-band', x: 72, y: 40 },
frontend/src/rf_scenarios/scenarioDataV35.ts	109	      { id: 'backhaul', label: 'Microwave', value: 'PTP transport', x: 50, y: 31 },
frontend/src/rf_scenarios/scenarioDataV35.ts	110	      { id: 'power', label: 'Power chain', value: 'cabinet/solar', x: 83, y: 68 },
frontend/src/rf_scenarios/scenarioDataV35.ts	119	    id: 'beamwidth',
frontend/src/rf_scenarios/scenarioDataV35.ts	130	      { id: 'narrow', label: 'Narrow beam', value: 'high gain/PTP', x: 26, y: 39 },
frontend/src/rf_scenarios/scenarioDataV35.ts	131	      { id: 'wide', label: 'Wide beam', value: 'area coverage', x: 73, y: 45 },
frontend/src/rf_scenarios/scenarioDataV35.ts	132	      { id: 'interference', label: 'Spillover', value: 'coverage tradeoff', x: 66, y: 69 },
frontend/src/rf_scenarios/scenarioDataV35.ts	141	    id: 'rf-lab',
frontend/src/rf_scenarios/scenarioDataV35.ts	152	      { id: 'smith', label: 'Smith chart', value: 'impedance match', x: 47, y: 29 },
frontend/src/rf_scenarios/scenarioDataV35.ts	153	      { id: 'sparams', label: 'S-parameters', value: 'network response', x: 61, y: 36 },
frontend/src/rf_scenarios/scenarioDataV35.ts	154	      { id: 'instrument', label: 'Analyzer', value: 'measurement chain', x: 52, y: 66 },
frontend/src/rf_scenarios/scenarioDataV35.ts	163	    id: 'uav-isr',
frontend/src/rf_scenarios/scenarioDataV35.ts	174	      { id: 'payload', label: 'EO/IR payload', value: 'surveillance', x: 34, y: 49 },
frontend/src/rf_scenarios/scenarioDataV35.ts	175	      { id: 'datalink', label: 'RF data link', value: 'C2 + telemetry', x: 62, y: 33 },
frontend/src/rf_scenarios/scenarioDataV35.ts	176	      { id: 'mission', label: 'ISR profile', value: 'persistent coverage', x: 69, y: 66 },
frontend/src/styles.css.bak_rf_evidence_v10_20260525_143909	2	  --trf-bg:#02060c;
frontend/src/styles.css.bak_rf_evidence_v10_20260525_143909	3	  --trf-bg2:#071525;
frontend/src/styles.css.bak_rf_evidence_v10_20260525_143909	4	  --trf-panel:#081422;
frontend/src/styles.css.bak_rf_evidence_v10_20260525_143909	5	  --trf-panel2:#0c1d31;
frontend/src/styles.css.bak_rf_evidence_v10_20260525_143909	8	  --trf-cyan:#39d7ff;
frontend/src/styles.css.bak_rf_evidence_v10_20260525_143909	9	  --trf-cyan2:#00e5ff;
frontend/src/styles.css.bak_rf_evidence_v10_20260525_143909	10	  --trf-green:#7dffb2;
frontend/src/styles.css.bak_rf_evidence_v10_20260525_143909	11	  --trf-amber:#ffd166;
frontend/src/styles.css.bak_rf_evidence_v10_20260525_143909	12	  --trf-red:#ff5f7a;
frontend/src/styles.css.bak_rf_evidence_v10_20260525_143909	13	  --trf-text:#dff3ff;
frontend/src/styles.css.bak_rf_evidence_v10_20260525_143909	14	  --trf-muted:#88a9c4;
frontend/src/styles.css.bak_rf_evidence_v10_20260525_143909	15	  --trf-dim:#57768d;
frontend/src/styles.css.bak_rf_evidence_v10_20260525_143909	20	html,body,#root{
frontend/src/styles.css.bak_rf_evidence_v10_20260525_143909	27	    linear-gradient(145deg,#06101c,#02060c 60%,#000);
frontend/src/styles.css.bak_rf_evidence_v10_20260525_143909	35	  background:linear-gradient(180deg,#122841,#08111e);
frontend/src/styles.css.bak_rf_evidence_v10_20260525_143909	37	  color:#dff3ff;
frontend/src/styles.css.bak_rf_evidence_v10_20260525_143909	87	  color:#f1fbff;
frontend/src/styles.css.bak_rf_evidence_v10_20260525_143909	146	  color:#cbeeff;
frontend/src/styles.css.bak_rf_evidence_v10_20260525_143909	151	  color:#06101c;
frontend/src/styles.css.bak_rf_evidence_v10_20260525_143909	152	  background:linear-gradient(180deg,#77efff,#33c8f2);
frontend/src/styles.css.bak_rf_evidence_v10_20260525_143909	153	  border-color:#b8f7ff;
frontend/src/styles.css.bak_rf_evidence_v10_20260525_143909	179	.mc-error{ border-color:rgba(255,95,122,.45); color:#ffd5dc; }
frontend/src/styles.css.bak_rf_evidence_v10_20260525_143909	221	  color:#ecfbff;
frontend/src/styles.css.bak_rf_evidence_v10_20260525_143909	308	  color:#dff3ff;
frontend/src/styles.css.bak_rf_evidence_v10_20260525_143909	312	.mc-state.ok,.mc-cell.ok{ color:#05130c; background:linear-gradient(180deg,#8affbd,#38d884); }
frontend/src/styles.css.bak_rf_evidence_v10_20260525_143909	313	.mc-state.warn,.mc-cell.warn{ color:#171000; background:linear-gradient(180deg,#ffe38a,#ffbe3c); }
frontend/src/styles.css.bak_rf_evidence_v10_20260525_143909	314	.mc-state.bad,.mc-cell.bad{ color:#fff; background:linear-gradient(180deg,#ff5f7a,#a51f38); }
frontend/src/styles.css.bak_rf_evidence_v10_20260525_143909	392	  color:#cceeff;
frontend/src/styles.css.bak_rf_evidence_v10_20260525_143909	393	  background:#02060c;
frontend/src/styles.css.bak_rf_evidence_v10_20260525_143909	453	  color:#eafbff;
frontend/src/styles.css.bak_rf_evidence_v10_20260525_143909	462	  color:#88a9c4;
frontend/src/styles.css.bak_rf_evidence_v10_20260525_143909	477	  color:#7dffb2;
frontend/src/styles.css.bak_rf_evidence_v10_20260525_143909	502	  color:#021018;
frontend/src/styles.css.bak_rf_evidence_v10_20260525_143909	503	  background:linear-gradient(180deg,#7df1ff,#34c9f2);
frontend/src/styles.css.bak_rf_evidence_v10_20260525_143909	504	  border-color:#c7fbff;
frontend/src/styles.css.bak_rf_evidence_v10_20260525_143909	530	  color:#39d7ff;
frontend/src/styles.css.bak_rf_evidence_v10_20260525_143909	540	  background:#00050a;
frontend/src/styles.css.bak_rf_evidence_v10_20260525_143909	559	  color:#39d7ff;
frontend/src/styles.css.bak_rf_evidence_v10_20260525_143909	567	  color:#dff3ff;
frontend/src/styles.css.bak_rf_evidence_v10_20260525_143909	575	  color:#ffd166;
frontend/src/styles.css.bak_rf_evidence_v10_20260525_143909	611	  color:#f1fbff;
frontend/src/styles.css.bak_rf_evidence_v10_20260525_143909	621	  color:#88a9c4;
frontend/src/styles.css.bak_rf_evidence_v10_20260525_143909	643	  color:#021018;
frontend/src/styles.css.bak_rf_evidence_v10_20260525_143909	644	  background:linear-gradient(180deg,#7df1ff,#34c9f2);
frontend/src/styles.css.bak_rf_evidence_v10_20260525_143909	645	  border-color:#c7fbff;
frontend/src/styles.css.bak_rf_evidence_v10_20260525_143909	671	  color:#39d7ff;
frontend/src/styles.css.bak_rf_evidence_v10_20260525_143909	681	  background:#00050a;
frontend/src/styles.css.bak_rf_evidence_v10_20260525_143909	700	  color:#39d7ff;
frontend/src/styles.css.bak_rf_evidence_v10_20260525_143909	712	  color:#ffd166;
frontend/src/styles.css.bak_rf_evidence_v10_20260525_143909	753	  color:#efffff;
frontend/src/styles.css.bak_rf_evidence_v10_20260525_143909	761	  color:#8fb8c8;
frontend/src/styles.css.bak_rf_evidence_v10_20260525_143909	776	  color:#7dffb2;
frontend/src/styles.css.bak_rf_evidence_v10_20260525_143909	805	  color:#39d7ff;
frontend/src/styles.css.bak_rf_evidence_v10_20260525_143909	814	  color:#eafbff;
frontend/src/styles.css.bak_rf_evidence_v10_20260525_143909	822	  color:#88a9c4;
frontend/src/styles.css.bak_rf_evidence_v10_20260525_143909	865	  color:#fff7d6;
frontend/src/styles.css.bak_rf_evidence_v10_20260525_143909	875	  color:#b9a979;
frontend/src/styles.css.bak_rf_evidence_v10_20260525_143909	890	  color:#ffd166;
frontend/src/styles.css.bak_rf_evidence_v10_20260525_143909	915	  color:#ffd166;
frontend/src/styles.css.bak_rf_evidence_v10_20260525_143909	937	  color:#171100;
frontend/src/styles.css.bak_rf_evidence_v10_20260525_143909	938	  background:linear-gradient(180deg,#ffe28a,#ffbf3c);
frontend/src/styles.css.bak_rf_evidence_v10_20260525_143909	939	  border-color:#fff1b8;
frontend/src/styles.css.bak_rf_evidence_v10_20260525_143909	958	  color:#ffd166;
frontend/src/styles.css.bak_rf_evidence_v10_20260525_143909	977	  color:#dff3ff;
frontend/src/styles.css.bak_rf_evidence_v10_20260525_143909	982	  color:#ffd166;
frontend/src/styles.css.bak_rf_evidence_v10_20260525_143909	986	  color:#b9a979;
frontend/src/styles.css.bak_rf_evidence_v10_20260525_143909	1030	  color:#eafbff;
frontend/src/styles.css.bak_rf_evidence_v10_20260525_143909	1040	  color:#88a9c4;
frontend/src/styles.css.bak_rf_evidence_v10_20260525_143909	1055	  color:#39d7ff;
frontend/src/styles.css.bak_rf_evidence_v10_20260525_143909	1080	  color:#39d7ff;
frontend/src/styles.css.bak_rf_evidence_v10_20260525_143909	1089	  color:#eafbff;
frontend/src/styles.css.bak_rf_evidence_v10_20260525_143909	1097	  color:#88a9c4;
frontend/src/styles.css.bak_rf_evidence_v10_20260525_143909	1106	  background:#02060c;
frontend/src/styles.css.bak_rf_evidence_v10_20260525_143909	1107	  color:#dff3ff;
frontend/src/styles.css.bak_rf_evidence_v10_20260525_143909	1149	  color:#efffff;
frontend/src/styles.css.bak_rf_evidence_v10_20260525_143909	1159	  color:#8fb8c8;
frontend/src/styles.css.bak_rf_evidence_v10_20260525_143909	1174	  color:#7dffb2;
frontend/src/styles.css.bak_rf_evidence_v10_20260525_143909	1207	  color:#7dffb2;
frontend/src/styles.css.bak_rf_evidence_v10_20260525_143909	1216	  color:#eafbff;
frontend/src/styles.css.bak_rf_evidence_v10_20260525_143909	1224	  color:#8fb8c8;
frontend/src/styles.css.bak_rf_evidence_v10_20260525_143909	1252	  color:#7dffb2;
frontend/src/styles.css.bak_rf_evidence_v10_20260525_143909	1259	.rf-bridge-ok{ color:#7dffb2; }
frontend/src/styles.css.bak_rf_evidence_v10_20260525_143909	1260	.rf-bridge-warn{ color:#ffd166; }
frontend/src/styles.css.bak_rf_evidence_v10_20260525_143909	1261	.rf-bridge-bad{ color:#ff5f7a; }
frontend/src/styles.css.bak_rf_suite_v6_turbo_20260525_141826	2	  --trf-bg:#02060c;
frontend/src/styles.css.bak_rf_suite_v6_turbo_20260525_141826	3	  --trf-bg2:#071525;
frontend/src/styles.css.bak_rf_suite_v6_turbo_20260525_141826	4	  --trf-panel:#081422;
frontend/src/styles.css.bak_rf_suite_v6_turbo_20260525_141826	5	  --trf-panel2:#0c1d31;
frontend/src/styles.css.bak_rf_suite_v6_turbo_20260525_141826	8	  --trf-cyan:#39d7ff;
frontend/src/styles.css.bak_rf_suite_v6_turbo_20260525_141826	9	  --trf-cyan2:#00e5ff;
frontend/src/styles.css.bak_rf_suite_v6_turbo_20260525_141826	10	  --trf-green:#7dffb2;
frontend/src/styles.css.bak_rf_suite_v6_turbo_20260525_141826	11	  --trf-amber:#ffd166;
frontend/src/styles.css.bak_rf_suite_v6_turbo_20260525_141826	12	  --trf-red:#ff5f7a;
frontend/src/styles.css.bak_rf_suite_v6_turbo_20260525_141826	13	  --trf-text:#dff3ff;
frontend/src/styles.css.bak_rf_suite_v6_turbo_20260525_141826	14	  --trf-muted:#88a9c4;
frontend/src/styles.css.bak_rf_suite_v6_turbo_20260525_141826	15	  --trf-dim:#57768d;
frontend/src/styles.css.bak_rf_suite_v6_turbo_20260525_141826	20	html,body,#root{
frontend/src/styles.css.bak_rf_suite_v6_turbo_20260525_141826	27	    linear-gradient(145deg,#06101c,#02060c 60%,#000);
frontend/src/styles.css.bak_rf_suite_v6_turbo_20260525_141826	35	  background:linear-gradient(180deg,#122841,#08111e);
frontend/src/styles.css.bak_rf_suite_v6_turbo_20260525_141826	37	  color:#dff3ff;
frontend/src/styles.css.bak_rf_suite_v6_turbo_20260525_141826	87	  color:#f1fbff;
frontend/src/styles.css.bak_rf_suite_v6_turbo_20260525_141826	146	  color:#cbeeff;
frontend/src/styles.css.bak_rf_suite_v6_turbo_20260525_141826	151	  color:#06101c;
frontend/src/styles.css.bak_rf_suite_v6_turbo_20260525_141826	152	  background:linear-gradient(180deg,#77efff,#33c8f2);
frontend/src/styles.css.bak_rf_suite_v6_turbo_20260525_141826	153	  border-color:#b8f7ff;
frontend/src/styles.css.bak_rf_suite_v6_turbo_20260525_141826	179	.mc-error{ border-color:rgba(255,95,122,.45); color:#ffd5dc; }
frontend/src/styles.css.bak_rf_suite_v6_turbo_20260525_141826	221	  color:#ecfbff;
frontend/src/styles.css.bak_rf_suite_v6_turbo_20260525_141826	308	  color:#dff3ff;
frontend/src/styles.css.bak_rf_suite_v6_turbo_20260525_141826	312	.mc-state.ok,.mc-cell.ok{ color:#05130c; background:linear-gradient(180deg,#8affbd,#38d884); }
frontend/src/styles.css.bak_rf_suite_v6_turbo_20260525_141826	313	.mc-state.warn,.mc-cell.warn{ color:#171000; background:linear-gradient(180deg,#ffe38a,#ffbe3c); }
frontend/src/styles.css.bak_rf_suite_v6_turbo_20260525_141826	314	.mc-state.bad,.mc-cell.bad{ color:#fff; background:linear-gradient(180deg,#ff5f7a,#a51f38); }
frontend/src/styles.css.bak_rf_suite_v6_turbo_20260525_141826	392	  color:#cceeff;
frontend/src/styles.css.bak_rf_suite_v6_turbo_20260525_141826	393	  background:#02060c;
frontend/src/styles.css.bak_rf_suite_v6_turbo_20260525_141826	453	  color:#eafbff;
frontend/src/styles.css.bak_rf_suite_v6_turbo_20260525_141826	462	  color:#88a9c4;
frontend/src/styles.css.bak_rf_suite_v6_turbo_20260525_141826	477	  color:#7dffb2;
frontend/src/styles.css.bak_rf_suite_v6_turbo_20260525_141826	502	  color:#021018;
frontend/src/styles.css.bak_rf_suite_v6_turbo_20260525_141826	503	  background:linear-gradient(180deg,#7df1ff,#34c9f2);
frontend/src/styles.css.bak_rf_suite_v6_turbo_20260525_141826	504	  border-color:#c7fbff;
frontend/src/styles.css.bak_rf_suite_v6_turbo_20260525_141826	530	  color:#39d7ff;
frontend/src/styles.css.bak_rf_suite_v6_turbo_20260525_141826	540	  background:#00050a;
frontend/src/styles.css.bak_rf_suite_v6_turbo_20260525_141826	559	  color:#39d7ff;
frontend/src/styles.css.bak_rf_suite_v6_turbo_20260525_141826	567	  color:#dff3ff;
frontend/src/styles.css.bak_rf_suite_v6_turbo_20260525_141826	575	  color:#ffd166;
frontend/src/styles.css.bak_rf_suite_v6_turbo_20260525_141826	611	  color:#f1fbff;
frontend/src/styles.css.bak_rf_suite_v6_turbo_20260525_141826	621	  color:#88a9c4;
frontend/src/styles.css.bak_rf_suite_v6_turbo_20260525_141826	643	  color:#021018;
frontend/src/styles.css.bak_rf_suite_v6_turbo_20260525_141826	644	  background:linear-gradient(180deg,#7df1ff,#34c9f2);
frontend/src/styles.css.bak_rf_suite_v6_turbo_20260525_141826	645	  border-color:#c7fbff;
frontend/src/styles.css.bak_rf_suite_v6_turbo_20260525_141826	671	  color:#39d7ff;
frontend/src/styles.css.bak_rf_suite_v6_turbo_20260525_141826	681	  background:#00050a;
frontend/src/styles.css.bak_rf_suite_v6_turbo_20260525_141826	700	  color:#39d7ff;
frontend/src/styles.css.bak_rf_suite_v6_turbo_20260525_141826	712	  color:#ffd166;
frontend/src/styles.css.bak_rf_operational_deck_v14_auto_20260525_150553	2	  --trf-bg:#02060c;
frontend/src/styles.css.bak_rf_operational_deck_v14_auto_20260525_150553	3	  --trf-bg2:#071525;
frontend/src/styles.css.bak_rf_operational_deck_v14_auto_20260525_150553	4	  --trf-panel:#081422;
frontend/src/styles.css.bak_rf_operational_deck_v14_auto_20260525_150553	5	  --trf-panel2:#0c1d31;
frontend/src/styles.css.bak_rf_operational_deck_v14_auto_20260525_150553	8	  --trf-cyan:#39d7ff;
frontend/src/styles.css.bak_rf_operational_deck_v14_auto_20260525_150553	9	  --trf-cyan2:#00e5ff;
frontend/src/styles.css.bak_rf_operational_deck_v14_auto_20260525_150553	10	  --trf-green:#7dffb2;
frontend/src/styles.css.bak_rf_operational_deck_v14_auto_20260525_150553	11	  --trf-amber:#ffd166;
frontend/src/styles.css.bak_rf_operational_deck_v14_auto_20260525_150553	12	  --trf-red:#ff5f7a;
frontend/src/styles.css.bak_rf_operational_deck_v14_auto_20260525_150553	13	  --trf-text:#dff3ff;
frontend/src/styles.css.bak_rf_operational_deck_v14_auto_20260525_150553	14	  --trf-muted:#88a9c4;
frontend/src/styles.css.bak_rf_operational_deck_v14_auto_20260525_150553	15	  --trf-dim:#57768d;
frontend/src/styles.css.bak_rf_operational_deck_v14_auto_20260525_150553	20	html,body,#root{
frontend/src/styles.css.bak_rf_operational_deck_v14_auto_20260525_150553	27	    linear-gradient(145deg,#06101c,#02060c 60%,#000);
frontend/src/styles.css.bak_rf_operational_deck_v14_auto_20260525_150553	35	  background:linear-gradient(180deg,#122841,#08111e);
frontend/src/styles.css.bak_rf_operational_deck_v14_auto_20260525_150553	37	  color:#dff3ff;
frontend/src/styles.css.bak_rf_operational_deck_v14_auto_20260525_150553	87	  color:#f1fbff;
frontend/src/styles.css.bak_rf_operational_deck_v14_auto_20260525_150553	146	  color:#cbeeff;
frontend/src/styles.css.bak_rf_operational_deck_v14_auto_20260525_150553	151	  color:#06101c;
frontend/src/styles.css.bak_rf_operational_deck_v14_auto_20260525_150553	152	  background:linear-gradient(180deg,#77efff,#33c8f2);
frontend/src/styles.css.bak_rf_operational_deck_v14_auto_20260525_150553	153	  border-color:#b8f7ff;
frontend/src/styles.css.bak_rf_operational_deck_v14_auto_20260525_150553	179	.mc-error{ border-color:rgba(255,95,122,.45); color:#ffd5dc; }
frontend/src/styles.css.bak_rf_operational_deck_v14_auto_20260525_150553	221	  color:#ecfbff;
frontend/src/styles.css.bak_rf_operational_deck_v14_auto_20260525_150553	308	  color:#dff3ff;
frontend/src/styles.css.bak_rf_operational_deck_v14_auto_20260525_150553	312	.mc-state.ok,.mc-cell.ok{ color:#05130c; background:linear-gradient(180deg,#8affbd,#38d884); }
frontend/src/styles.css.bak_rf_operational_deck_v14_auto_20260525_150553	313	.mc-state.warn,.mc-cell.warn{ color:#171000; background:linear-gradient(180deg,#ffe38a,#ffbe3c); }
frontend/src/styles.css.bak_rf_operational_deck_v14_auto_20260525_150553	314	.mc-state.bad,.mc-cell.bad{ color:#fff; background:linear-gradient(180deg,#ff5f7a,#a51f38); }
frontend/src/styles.css.bak_rf_operational_deck_v14_auto_20260525_150553	392	  color:#cceeff;
frontend/src/styles.css.bak_rf_operational_deck_v14_auto_20260525_150553	393	  background:#02060c;
frontend/src/styles.css.bak_rf_operational_deck_v14_auto_20260525_150553	453	  color:#eafbff;
frontend/src/styles.css.bak_rf_operational_deck_v14_auto_20260525_150553	462	  color:#88a9c4;
frontend/src/styles.css.bak_rf_operational_deck_v14_auto_20260525_150553	477	  color:#7dffb2;
frontend/src/styles.css.bak_rf_operational_deck_v14_auto_20260525_150553	502	  color:#021018;
frontend/src/styles.css.bak_rf_operational_deck_v14_auto_20260525_150553	503	  background:linear-gradient(180deg,#7df1ff,#34c9f2);
frontend/src/styles.css.bak_rf_operational_deck_v14_auto_20260525_150553	504	  border-color:#c7fbff;
frontend/src/styles.css.bak_rf_operational_deck_v14_auto_20260525_150553	530	  color:#39d7ff;
frontend/src/styles.css.bak_rf_operational_deck_v14_auto_20260525_150553	540	  background:#00050a;
frontend/src/styles.css.bak_rf_operational_deck_v14_auto_20260525_150553	559	  color:#39d7ff;
frontend/src/styles.css.bak_rf_operational_deck_v14_auto_20260525_150553	567	  color:#dff3ff;
frontend/src/styles.css.bak_rf_operational_deck_v14_auto_20260525_150553	575	  color:#ffd166;
frontend/src/styles.css.bak_rf_operational_deck_v14_auto_20260525_150553	611	  color:#f1fbff;
frontend/src/styles.css.bak_rf_operational_deck_v14_auto_20260525_150553	621	  color:#88a9c4;
frontend/src/styles.css.bak_rf_operational_deck_v14_auto_20260525_150553	643	  color:#021018;
frontend/src/styles.css.bak_rf_operational_deck_v14_auto_20260525_150553	644	  background:linear-gradient(180deg,#7df1ff,#34c9f2);
frontend/src/styles.css.bak_rf_operational_deck_v14_auto_20260525_150553	645	  border-color:#c7fbff;
frontend/src/styles.css.bak_rf_operational_deck_v14_auto_20260525_150553	671	  color:#39d7ff;
frontend/src/styles.css.bak_rf_operational_deck_v14_auto_20260525_150553	681	  background:#00050a;
frontend/src/styles.css.bak_rf_operational_deck_v14_auto_20260525_150553	700	  color:#39d7ff;
frontend/src/styles.css.bak_rf_operational_deck_v14_auto_20260525_150553	712	  color:#ffd166;
frontend/src/styles.css.bak_rf_operational_deck_v14_auto_20260525_150553	753	  color:#efffff;
frontend/src/styles.css.bak_rf_operational_deck_v14_auto_20260525_150553	761	  color:#8fb8c8;
frontend/src/styles.css.bak_rf_operational_deck_v14_auto_20260525_150553	776	  color:#7dffb2;
frontend/src/styles.css.bak_rf_operational_deck_v14_auto_20260525_150553	805	  color:#39d7ff;
frontend/src/styles.css.bak_rf_operational_deck_v14_auto_20260525_150553	814	  color:#eafbff;
frontend/src/styles.css.bak_rf_operational_deck_v14_auto_20260525_150553	822	  color:#88a9c4;
frontend/src/styles.css.bak_rf_operational_deck_v14_auto_20260525_150553	865	  color:#fff7d6;
frontend/src/styles.css.bak_rf_operational_deck_v14_auto_20260525_150553	875	  color:#b9a979;
frontend/src/styles.css.bak_rf_operational_deck_v14_auto_20260525_150553	890	  color:#ffd166;
frontend/src/styles.css.bak_rf_operational_deck_v14_auto_20260525_150553	915	  color:#ffd166;
frontend/src/styles.css.bak_rf_operational_deck_v14_auto_20260525_150553	937	  color:#171100;
frontend/src/styles.css.bak_rf_operational_deck_v14_auto_20260525_150553	938	  background:linear-gradient(180deg,#ffe28a,#ffbf3c);
frontend/src/styles.css.bak_rf_operational_deck_v14_auto_20260525_150553	939	  border-color:#fff1b8;
frontend/src/styles.css.bak_rf_operational_deck_v14_auto_20260525_150553	958	  color:#ffd166;
frontend/src/styles.css.bak_rf_operational_deck_v14_auto_20260525_150553	977	  color:#dff3ff;
frontend/src/styles.css.bak_rf_operational_deck_v14_auto_20260525_150553	982	  color:#ffd166;
frontend/src/styles.css.bak_rf_operational_deck_v14_auto_20260525_150553	986	  color:#b9a979;
frontend/src/styles.css.bak_rf_operational_deck_v14_auto_20260525_150553	1030	  color:#eafbff;
frontend/src/styles.css.bak_rf_operational_deck_v14_auto_20260525_150553	1040	  color:#88a9c4;
frontend/src/styles.css.bak_rf_operational_deck_v14_auto_20260525_150553	1055	  color:#39d7ff;
frontend/src/styles.css.bak_rf_operational_deck_v14_auto_20260525_150553	1080	  color:#39d7ff;
frontend/src/styles.css.bak_rf_operational_deck_v14_auto_20260525_150553	1089	  color:#eafbff;
frontend/src/styles.css.bak_rf_operational_deck_v14_auto_20260525_150553	1097	  color:#88a9c4;
frontend/src/styles.css.bak_rf_operational_deck_v14_auto_20260525_150553	1106	  background:#02060c;
frontend/src/styles.css.bak_rf_operational_deck_v14_auto_20260525_150553	1107	  color:#dff3ff;
frontend/src/styles.css.bak_rf_operational_deck_v14_auto_20260525_150553	1149	  color:#efffff;
frontend/src/styles.css.bak_rf_operational_deck_v14_auto_20260525_150553	1159	  color:#8fb8c8;
frontend/src/styles.css.bak_rf_operational_deck_v14_auto_20260525_150553	1174	  color:#7dffb2;
frontend/src/styles.css.bak_rf_operational_deck_v14_auto_20260525_150553	1207	  color:#7dffb2;
frontend/src/styles.css.bak_rf_operational_deck_v14_auto_20260525_150553	1216	  color:#eafbff;
frontend/src/styles.css.bak_rf_operational_deck_v14_auto_20260525_150553	1224	  color:#8fb8c8;
frontend/src/styles.css.bak_rf_operational_deck_v14_auto_20260525_150553	1252	  color:#7dffb2;
frontend/src/styles.css.bak_rf_operational_deck_v14_auto_20260525_150553	1259	.rf-bridge-ok{ color:#7dffb2; }
frontend/src/styles.css.bak_rf_operational_deck_v14_auto_20260525_150553	1260	.rf-bridge-warn{ color:#ffd166; }
frontend/src/styles.css.bak_rf_operational_deck_v14_auto_20260525_150553	1261	.rf-bridge-bad{ color:#ff5f7a; }
frontend/src/styles.css.bak_rf_operational_deck_v14_auto_20260525_150553	1298	  color:#f6edff;
frontend/src/styles.css.bak_rf_operational_deck_v14_auto_20260525_150553	1308	  color:#bda8d8;
frontend/src/styles.css.bak_rf_operational_deck_v14_auto_20260525_150553	1323	  color:#dcbcff;
frontend/src/styles.css.bak_rf_operational_deck_v14_auto_20260525_150553	1356	  color:#dcbcff;
frontend/src/styles.css.bak_rf_operational_deck_v14_auto_20260525_150553	1365	  color:#eafbff;
frontend/src/styles.css.bak_rf_operational_deck_v14_auto_20260525_150553	1373	  color:#bda8d8;
frontend/src/styles.css.bak_rf_operational_deck_v14_auto_20260525_150553	1383	  background:#02060c;
frontend/src/styles.css.bak_rf_operational_deck_v14_auto_20260525_150553	1384	  color:#eafbff;
frontend/src/styles.css.bak_rf_operational_deck_v14_auto_20260525_150553	1392	.rf-evidence-v10-ok{ color:#7dffb2; }
frontend/src/styles.css.bak_rf_operational_deck_v14_auto_20260525_150553	1393	.rf-evidence-v10-warn{ color:#ffd166; }
frontend/src/styles.css.bak_rf_operational_deck_v14_auto_20260525_150553	1394	.rf-evidence-v10-bad{ color:#ff5f7a; }
frontend/src/navigation/navigationDataV39.ts	19	    id: 'mission-control',
frontend/src/navigation/navigationDataV39.ts	32	    id: 'rf-physics',
frontend/src/navigation/navigationDataV39.ts	44	    id: 'signal-analyzer',
frontend/src/navigation/navigationDataV39.ts	57	    id: 'rf-microwave-engineering',
frontend/src/navigation/navigationDataV39.ts	69	    id: 'antenna-system',
frontend/src/navigation/navigationDataV39.ts	82	    id: 'microwave-link',
frontend/src/navigation/navigationDataV39.ts	94	    id: 'fiber-optic',
frontend/src/navigation/navigationDataV39.ts	106	    id: 'private-networks',
frontend/src/navigation/navigationDataV39.ts	118	    id: 'core-network',
frontend/src/navigation/navigationDataV39.ts	131	    id: 'data-center-infrastructure',
frontend/src/navigation/navigationDataV39.ts	143	    id: 'cyber-rf-intelligence',
frontend/src/navigation/navigationDataV39.ts	156	    id: 'knowledge-base',
frontend/src/styles.css.bak_enterprise_20260525_115628	2	  --bg:#050b14;
frontend/src/styles.css.bak_enterprise_20260525_115628	3	  --bg2:#09192b;
frontend/src/styles.css.bak_enterprise_20260525_115628	4	  --panel:#08111f;
frontend/src/styles.css.bak_enterprise_20260525_115628	5	  --panel2:#0b1d31;
frontend/src/styles.css.bak_enterprise_20260525_115628	6	  --border:#123a5f;
frontend/src/styles.css.bak_enterprise_20260525_115628	7	  --cyan:#39d7ff;
frontend/src/styles.css.bak_enterprise_20260525_115628	8	  --cyanSoft:#1ca3d1;
frontend/src/styles.css.bak_enterprise_20260525_115628	9	  --green:#7dffb2;
frontend/src/styles.css.bak_enterprise_20260525_115628	10	  --text:#d7ecff;
frontend/src/styles.css.bak_enterprise_20260525_115628	11	  --muted:#7f9bb3;
frontend/src/styles.css.bak_enterprise_20260525_115628	12	  --danger:#ff5f7a;
frontend/src/styles.css.bak_enterprise_20260525_115628	13	  --warning:#ffd166;
frontend/src/styles.css.bak_enterprise_20260525_115628	22	#root{
frontend/src/styles.css.bak_enterprise_20260525_115628	28	    radial-gradient(circle at top,#10233f 0%,#07111d 45%,#04070d 100%);
frontend/src/styles.css.bak_enterprise_20260525_115628	42	  background:linear-gradient(180deg,#10243d,#09111c);
frontend/src/styles.css.bak_enterprise_20260525_115628	43	  border:1px solid #17466d;
frontend/src/styles.css.bak_enterprise_20260525_115628	44	  color:#cfeaff;
frontend/src/styles.css.bak_enterprise_20260525_115628	52	  border-color:#39d7ff;
frontend/src/styles.css.bak_enterprise_20260525_115628	58	  background:#08111d;
frontend/src/styles.css.bak_enterprise_20260525_115628	59	  border:1px solid #17466d;
frontend/src/styles.css.bak_enterprise_20260525_115628	60	  color:#d8f1ff;
frontend/src/styles.css.bak_enterprise_20260525_115628	74	  color:#e8f6ff;
frontend/src/styles.css.bak_enterprise_20260525_115628	81	  color:#8eb5d6;
frontend/src/styles.css.bak_enterprise_20260525_115628	95	    linear-gradient(180deg,#0b1625,#08111d);
frontend/src/styles.css.bak_enterprise_20260525_115628	96	  border:1px solid #163552;
frontend/src/styles.css.bak_enterprise_20260525_115628	124	  color:#dbf5ff;
frontend/src/styles.css.bak_rf_operational_deck_v15_lazy_20260525_151305	2	  --trf-bg:#02060c;
frontend/src/styles.css.bak_rf_operational_deck_v15_lazy_20260525_151305	3	  --trf-bg2:#071525;
frontend/src/styles.css.bak_rf_operational_deck_v15_lazy_20260525_151305	4	  --trf-panel:#081422;
frontend/src/styles.css.bak_rf_operational_deck_v15_lazy_20260525_151305	5	  --trf-panel2:#0c1d31;
frontend/src/styles.css.bak_rf_operational_deck_v15_lazy_20260525_151305	8	  --trf-cyan:#39d7ff;
frontend/src/styles.css.bak_rf_operational_deck_v15_lazy_20260525_151305	9	  --trf-cyan2:#00e5ff;
frontend/src/styles.css.bak_rf_operational_deck_v15_lazy_20260525_151305	10	  --trf-green:#7dffb2;
frontend/src/styles.css.bak_rf_operational_deck_v15_lazy_20260525_151305	11	  --trf-amber:#ffd166;
frontend/src/styles.css.bak_rf_operational_deck_v15_lazy_20260525_151305	12	  --trf-red:#ff5f7a;
frontend/src/styles.css.bak_rf_operational_deck_v15_lazy_20260525_151305	13	  --trf-text:#dff3ff;
frontend/src/styles.css.bak_rf_operational_deck_v15_lazy_20260525_151305	14	  --trf-muted:#88a9c4;
frontend/src/styles.css.bak_rf_operational_deck_v15_lazy_20260525_151305	15	  --trf-dim:#57768d;
frontend/src/styles.css.bak_rf_operational_deck_v15_lazy_20260525_151305	20	html,body,#root{
frontend/src/styles.css.bak_rf_operational_deck_v15_lazy_20260525_151305	27	    linear-gradient(145deg,#06101c,#02060c 60%,#000);
frontend/src/styles.css.bak_rf_operational_deck_v15_lazy_20260525_151305	35	  background:linear-gradient(180deg,#122841,#08111e);
frontend/src/styles.css.bak_rf_operational_deck_v15_lazy_20260525_151305	37	  color:#dff3ff;
frontend/src/styles.css.bak_rf_operational_deck_v15_lazy_20260525_151305	87	  color:#f1fbff;
frontend/src/styles.css.bak_rf_operational_deck_v15_lazy_20260525_151305	146	  color:#cbeeff;
frontend/src/styles.css.bak_rf_operational_deck_v15_lazy_20260525_151305	151	  color:#06101c;
frontend/src/styles.css.bak_rf_operational_deck_v15_lazy_20260525_151305	152	  background:linear-gradient(180deg,#77efff,#33c8f2);
frontend/src/styles.css.bak_rf_operational_deck_v15_lazy_20260525_151305	153	  border-color:#b8f7ff;
frontend/src/styles.css.bak_rf_operational_deck_v15_lazy_20260525_151305	179	.mc-error{ border-color:rgba(255,95,122,.45); color:#ffd5dc; }
frontend/src/styles.css.bak_rf_operational_deck_v15_lazy_20260525_151305	221	  color:#ecfbff;
frontend/src/styles.css.bak_rf_operational_deck_v15_lazy_20260525_151305	308	  color:#dff3ff;
frontend/src/styles.css.bak_rf_operational_deck_v15_lazy_20260525_151305	312	.mc-state.ok,.mc-cell.ok{ color:#05130c; background:linear-gradient(180deg,#8affbd,#38d884); }
frontend/src/styles.css.bak_rf_operational_deck_v15_lazy_20260525_151305	313	.mc-state.warn,.mc-cell.warn{ color:#171000; background:linear-gradient(180deg,#ffe38a,#ffbe3c); }
frontend/src/styles.css.bak_rf_operational_deck_v15_lazy_20260525_151305	314	.mc-state.bad,.mc-cell.bad{ color:#fff; background:linear-gradient(180deg,#ff5f7a,#a51f38); }
frontend/src/styles.css.bak_rf_operational_deck_v15_lazy_20260525_151305	392	  color:#cceeff;
frontend/src/styles.css.bak_rf_operational_deck_v15_lazy_20260525_151305	393	  background:#02060c;
frontend/src/styles.css.bak_rf_operational_deck_v15_lazy_20260525_151305	453	  color:#eafbff;
frontend/src/styles.css.bak_rf_operational_deck_v15_lazy_20260525_151305	462	  color:#88a9c4;
frontend/src/styles.css.bak_rf_operational_deck_v15_lazy_20260525_151305	477	  color:#7dffb2;
frontend/src/styles.css.bak_rf_operational_deck_v15_lazy_20260525_151305	502	  color:#021018;
frontend/src/styles.css.bak_rf_operational_deck_v15_lazy_20260525_151305	503	  background:linear-gradient(180deg,#7df1ff,#34c9f2);
frontend/src/styles.css.bak_rf_operational_deck_v15_lazy_20260525_151305	504	  border-color:#c7fbff;
frontend/src/styles.css.bak_rf_operational_deck_v15_lazy_20260525_151305	530	  color:#39d7ff;
frontend/src/styles.css.bak_rf_operational_deck_v15_lazy_20260525_151305	540	  background:#00050a;
frontend/src/styles.css.bak_rf_operational_deck_v15_lazy_20260525_151305	559	  color:#39d7ff;
frontend/src/styles.css.bak_rf_operational_deck_v15_lazy_20260525_151305	567	  color:#dff3ff;
frontend/src/styles.css.bak_rf_operational_deck_v15_lazy_20260525_151305	575	  color:#ffd166;
frontend/src/styles.css.bak_rf_operational_deck_v15_lazy_20260525_151305	611	  color:#f1fbff;
frontend/src/styles.css.bak_rf_operational_deck_v15_lazy_20260525_151305	621	  color:#88a9c4;
frontend/src/styles.css.bak_rf_operational_deck_v15_lazy_20260525_151305	643	  color:#021018;
frontend/src/styles.css.bak_rf_operational_deck_v15_lazy_20260525_151305	644	  background:linear-gradient(180deg,#7df1ff,#34c9f2);
frontend/src/styles.css.bak_rf_operational_deck_v15_lazy_20260525_151305	645	  border-color:#c7fbff;
frontend/src/styles.css.bak_rf_operational_deck_v15_lazy_20260525_151305	671	  color:#39d7ff;
frontend/src/styles.css.bak_rf_operational_deck_v15_lazy_20260525_151305	681	  background:#00050a;
frontend/src/styles.css.bak_rf_operational_deck_v15_lazy_20260525_151305	700	  color:#39d7ff;
frontend/src/styles.css.bak_rf_operational_deck_v15_lazy_20260525_151305	712	  color:#ffd166;
frontend/src/styles.css.bak_rf_operational_deck_v15_lazy_20260525_151305	753	  color:#efffff;
frontend/src/styles.css.bak_rf_operational_deck_v15_lazy_20260525_151305	761	  color:#8fb8c8;
frontend/src/styles.css.bak_rf_operational_deck_v15_lazy_20260525_151305	776	  color:#7dffb2;
frontend/src/styles.css.bak_rf_operational_deck_v15_lazy_20260525_151305	805	  color:#39d7ff;
frontend/src/styles.css.bak_rf_operational_deck_v15_lazy_20260525_151305	814	  color:#eafbff;
frontend/src/styles.css.bak_rf_operational_deck_v15_lazy_20260525_151305	822	  color:#88a9c4;
frontend/src/styles.css.bak_rf_operational_deck_v15_lazy_20260525_151305	865	  color:#fff7d6;
frontend/src/styles.css.bak_rf_operational_deck_v15_lazy_20260525_151305	875	  color:#b9a979;
frontend/src/styles.css.bak_rf_operational_deck_v15_lazy_20260525_151305	890	  color:#ffd166;
frontend/src/styles.css.bak_rf_operational_deck_v15_lazy_20260525_151305	915	  color:#ffd166;
frontend/src/styles.css.bak_rf_operational_deck_v15_lazy_20260525_151305	937	  color:#171100;
frontend/src/styles.css.bak_rf_operational_deck_v15_lazy_20260525_151305	938	  background:linear-gradient(180deg,#ffe28a,#ffbf3c);
frontend/src/styles.css.bak_rf_operational_deck_v15_lazy_20260525_151305	939	  border-color:#fff1b8;
frontend/src/styles.css.bak_rf_operational_deck_v15_lazy_20260525_151305	958	  color:#ffd166;
frontend/src/styles.css.bak_rf_operational_deck_v15_lazy_20260525_151305	977	  color:#dff3ff;
frontend/src/styles.css.bak_rf_operational_deck_v15_lazy_20260525_151305	982	  color:#ffd166;
frontend/src/styles.css.bak_rf_operational_deck_v15_lazy_20260525_151305	986	  color:#b9a979;
frontend/src/styles.css.bak_rf_operational_deck_v15_lazy_20260525_151305	1030	  color:#eafbff;
frontend/src/styles.css.bak_rf_operational_deck_v15_lazy_20260525_151305	1040	  color:#88a9c4;
frontend/src/styles.css.bak_rf_operational_deck_v15_lazy_20260525_151305	1055	  color:#39d7ff;
frontend/src/styles.css.bak_rf_operational_deck_v15_lazy_20260525_151305	1080	  color:#39d7ff;
frontend/src/styles.css.bak_rf_operational_deck_v15_lazy_20260525_151305	1089	  color:#eafbff;
frontend/src/styles.css.bak_rf_operational_deck_v15_lazy_20260525_151305	1097	  color:#88a9c4;
frontend/src/styles.css.bak_rf_operational_deck_v15_lazy_20260525_151305	1106	  background:#02060c;
frontend/src/styles.css.bak_rf_operational_deck_v15_lazy_20260525_151305	1107	  color:#dff3ff;
frontend/src/styles.css.bak_rf_operational_deck_v15_lazy_20260525_151305	1149	  color:#efffff;
frontend/src/styles.css.bak_rf_operational_deck_v15_lazy_20260525_151305	1159	  color:#8fb8c8;
frontend/src/styles.css.bak_rf_operational_deck_v15_lazy_20260525_151305	1174	  color:#7dffb2;
frontend/src/styles.css.bak_rf_operational_deck_v15_lazy_20260525_151305	1207	  color:#7dffb2;
frontend/src/styles.css.bak_rf_operational_deck_v15_lazy_20260525_151305	1216	  color:#eafbff;
frontend/src/styles.css.bak_rf_operational_deck_v15_lazy_20260525_151305	1224	  color:#8fb8c8;
frontend/src/styles.css.bak_rf_operational_deck_v15_lazy_20260525_151305	1252	  color:#7dffb2;
frontend/src/styles.css.bak_rf_operational_deck_v15_lazy_20260525_151305	1259	.rf-bridge-ok{ color:#7dffb2; }
frontend/src/styles.css.bak_rf_operational_deck_v15_lazy_20260525_151305	1260	.rf-bridge-warn{ color:#ffd166; }
frontend/src/styles.css.bak_rf_operational_deck_v15_lazy_20260525_151305	1261	.rf-bridge-bad{ color:#ff5f7a; }
frontend/src/styles.css.bak_rf_operational_deck_v15_lazy_20260525_151305	1298	  color:#f6edff;
frontend/src/styles.css.bak_rf_operational_deck_v15_lazy_20260525_151305	1308	  color:#bda8d8;
frontend/src/styles.css.bak_rf_operational_deck_v15_lazy_20260525_151305	1323	  color:#dcbcff;
frontend/src/styles.css.bak_rf_operational_deck_v15_lazy_20260525_151305	1356	  color:#dcbcff;
frontend/src/styles.css.bak_rf_operational_deck_v15_lazy_20260525_151305	1365	  color:#eafbff;
frontend/src/styles.css.bak_rf_operational_deck_v15_lazy_20260525_151305	1373	  color:#bda8d8;
frontend/src/styles.css.bak_rf_operational_deck_v15_lazy_20260525_151305	1383	  background:#02060c;
frontend/src/styles.css.bak_rf_operational_deck_v15_lazy_20260525_151305	1384	  color:#eafbff;
frontend/src/styles.css.bak_rf_operational_deck_v15_lazy_20260525_151305	1392	.rf-evidence-v10-ok{ color:#7dffb2; }
frontend/src/styles.css.bak_rf_operational_deck_v15_lazy_20260525_151305	1393	.rf-evidence-v10-warn{ color:#ffd166; }
frontend/src/styles.css.bak_rf_operational_deck_v15_lazy_20260525_151305	1394	.rf-evidence-v10-bad{ color:#ff5f7a; }
frontend/src/styles.css.bak_rf_operational_deck_v15_lazy_20260525_151305	1431	  color:#effbff;
frontend/src/styles.css.bak_rf_operational_deck_v15_lazy_20260525_151305	1443	  color:#91b9c9;
frontend/src/styles.css.bak_rf_operational_deck_v15_lazy_20260525_151305	1458	  color:#39d7ff;
frontend/src/styles.css.bak_rf_operational_deck_v15_lazy_20260525_151305	1487	  color:#021018;
frontend/src/styles.css.bak_rf_operational_deck_v15_lazy_20260525_151305	1488	  background:linear-gradient(180deg,#7df1ff,#34c9f2);
frontend/src/styles.css.bak_rf_operational_deck_v15_lazy_20260525_151305	1489	  border-color:#c7fbff;
frontend/src/styles.css.bak_rf_operational_deck_v15_lazy_20260525_151305	1512	  color:#39d7ff;
frontend/src/styles.css.bak_rf_operational_deck_v15_lazy_20260525_151305	1521	  color:#eafbff;
frontend/src/styles.css.bak_rf_operational_deck_v15_lazy_20260525_151305	1529	  color:#91b9c9;
frontend/src/styles.css.bak_rf_operational_deck_v15_lazy_20260525_151305	1556	  color:#39d7ff;
frontend/src/knowledge_binding/scenarioKnowledgeBindingDataV40.ts	21	    id: 'mission-control-binding',
frontend/src/knowledge_binding/scenarioKnowledgeBindingDataV40.ts	39	    id: 'rf-physics-binding',
frontend/src/knowledge_binding/scenarioKnowledgeBindingDataV40.ts	57	    id: 'signal-analyzer-binding',
frontend/src/knowledge_binding/scenarioKnowledgeBindingDataV40.ts	75	    id: 'microwave-engineering-binding',
frontend/src/knowledge_binding/scenarioKnowledgeBindingDataV40.ts	93	    id: 'antenna-system-binding',
frontend/src/knowledge_binding/scenarioKnowledgeBindingDataV40.ts	112	    id: 'microwave-link-binding',
frontend/src/knowledge_binding/scenarioKnowledgeBindingDataV40.ts	130	    id: 'fiber-optic-binding',
frontend/src/knowledge_binding/scenarioKnowledgeBindingDataV40.ts	147	    id: 'private-networks-binding',
frontend/src/knowledge_binding/scenarioKnowledgeBindingDataV40.ts	165	    id: 'core-network-binding',
frontend/src/knowledge_binding/scenarioKnowledgeBindingDataV40.ts	183	    id: 'data-center-binding',
frontend/src/knowledge_binding/scenarioKnowledgeBindingDataV40.ts	200	    id: 'cyber-rf-binding',
frontend/src/knowledge_binding/scenarioKnowledgeBindingDataV40.ts	218	    id: 'knowledge-base-binding',
frontend/src/styles.css.bak_rf_source_runtime_v8_20260525_142516	2	  --trf-bg:#02060c;
frontend/src/styles.css.bak_rf_source_runtime_v8_20260525_142516	3	  --trf-bg2:#071525;
frontend/src/styles.css.bak_rf_source_runtime_v8_20260525_142516	4	  --trf-panel:#081422;
frontend/src/styles.css.bak_rf_source_runtime_v8_20260525_142516	5	  --trf-panel2:#0c1d31;
frontend/src/styles.css.bak_rf_source_runtime_v8_20260525_142516	8	  --trf-cyan:#39d7ff;
frontend/src/styles.css.bak_rf_source_runtime_v8_20260525_142516	9	  --trf-cyan2:#00e5ff;
frontend/src/styles.css.bak_rf_source_runtime_v8_20260525_142516	10	  --trf-green:#7dffb2;
frontend/src/styles.css.bak_rf_source_runtime_v8_20260525_142516	11	  --trf-amber:#ffd166;
frontend/src/styles.css.bak_rf_source_runtime_v8_20260525_142516	12	  --trf-red:#ff5f7a;
frontend/src/styles.css.bak_rf_source_runtime_v8_20260525_142516	13	  --trf-text:#dff3ff;
frontend/src/styles.css.bak_rf_source_runtime_v8_20260525_142516	14	  --trf-muted:#88a9c4;
frontend/src/styles.css.bak_rf_source_runtime_v8_20260525_142516	15	  --trf-dim:#57768d;
frontend/src/styles.css.bak_rf_source_runtime_v8_20260525_142516	20	html,body,#root{
frontend/src/styles.css.bak_rf_source_runtime_v8_20260525_142516	27	    linear-gradient(145deg,#06101c,#02060c 60%,#000);
frontend/src/styles.css.bak_rf_source_runtime_v8_20260525_142516	35	  background:linear-gradient(180deg,#122841,#08111e);
frontend/src/styles.css.bak_rf_source_runtime_v8_20260525_142516	37	  color:#dff3ff;
frontend/src/styles.css.bak_rf_source_runtime_v8_20260525_142516	87	  color:#f1fbff;
frontend/src/styles.css.bak_rf_source_runtime_v8_20260525_142516	146	  color:#cbeeff;
frontend/src/styles.css.bak_rf_source_runtime_v8_20260525_142516	151	  color:#06101c;
frontend/src/styles.css.bak_rf_source_runtime_v8_20260525_142516	152	  background:linear-gradient(180deg,#77efff,#33c8f2);
frontend/src/styles.css.bak_rf_source_runtime_v8_20260525_142516	153	  border-color:#b8f7ff;
frontend/src/styles.css.bak_rf_source_runtime_v8_20260525_142516	179	.mc-error{ border-color:rgba(255,95,122,.45); color:#ffd5dc; }
frontend/src/styles.css.bak_rf_source_runtime_v8_20260525_142516	221	  color:#ecfbff;
frontend/src/styles.css.bak_rf_source_runtime_v8_20260525_142516	308	  color:#dff3ff;
frontend/src/styles.css.bak_rf_source_runtime_v8_20260525_142516	312	.mc-state.ok,.mc-cell.ok{ color:#05130c; background:linear-gradient(180deg,#8affbd,#38d884); }
frontend/src/styles.css.bak_rf_source_runtime_v8_20260525_142516	313	.mc-state.warn,.mc-cell.warn{ color:#171000; background:linear-gradient(180deg,#ffe38a,#ffbe3c); }
frontend/src/styles.css.bak_rf_source_runtime_v8_20260525_142516	314	.mc-state.bad,.mc-cell.bad{ color:#fff; background:linear-gradient(180deg,#ff5f7a,#a51f38); }
frontend/src/styles.css.bak_rf_source_runtime_v8_20260525_142516	392	  color:#cceeff;
frontend/src/styles.css.bak_rf_source_runtime_v8_20260525_142516	393	  background:#02060c;
frontend/src/styles.css.bak_rf_source_runtime_v8_20260525_142516	453	  color:#eafbff;
frontend/src/styles.css.bak_rf_source_runtime_v8_20260525_142516	462	  color:#88a9c4;
frontend/src/styles.css.bak_rf_source_runtime_v8_20260525_142516	477	  color:#7dffb2;
frontend/src/styles.css.bak_rf_source_runtime_v8_20260525_142516	502	  color:#021018;
frontend/src/styles.css.bak_rf_source_runtime_v8_20260525_142516	503	  background:linear-gradient(180deg,#7df1ff,#34c9f2);
frontend/src/styles.css.bak_rf_source_runtime_v8_20260525_142516	504	  border-color:#c7fbff;
frontend/src/styles.css.bak_rf_source_runtime_v8_20260525_142516	530	  color:#39d7ff;
frontend/src/styles.css.bak_rf_source_runtime_v8_20260525_142516	540	  background:#00050a;
frontend/src/styles.css.bak_rf_source_runtime_v8_20260525_142516	559	  color:#39d7ff;
frontend/src/styles.css.bak_rf_source_runtime_v8_20260525_142516	567	  color:#dff3ff;
frontend/src/styles.css.bak_rf_source_runtime_v8_20260525_142516	575	  color:#ffd166;
frontend/src/styles.css.bak_rf_source_runtime_v8_20260525_142516	611	  color:#f1fbff;
frontend/src/styles.css.bak_rf_source_runtime_v8_20260525_142516	621	  color:#88a9c4;
frontend/src/styles.css.bak_rf_source_runtime_v8_20260525_142516	643	  color:#021018;
frontend/src/styles.css.bak_rf_source_runtime_v8_20260525_142516	644	  background:linear-gradient(180deg,#7df1ff,#34c9f2);
frontend/src/styles.css.bak_rf_source_runtime_v8_20260525_142516	645	  border-color:#c7fbff;
frontend/src/styles.css.bak_rf_source_runtime_v8_20260525_142516	671	  color:#39d7ff;
frontend/src/styles.css.bak_rf_source_runtime_v8_20260525_142516	681	  background:#00050a;
frontend/src/styles.css.bak_rf_source_runtime_v8_20260525_142516	700	  color:#39d7ff;
frontend/src/styles.css.bak_rf_source_runtime_v8_20260525_142516	712	  color:#ffd166;
frontend/src/styles.css.bak_rf_source_runtime_v8_20260525_142516	753	  color:#efffff;
frontend/src/styles.css.bak_rf_source_runtime_v8_20260525_142516	761	  color:#8fb8c8;
frontend/src/styles.css.bak_rf_source_runtime_v8_20260525_142516	776	  color:#7dffb2;
frontend/src/styles.css.bak_rf_source_runtime_v8_20260525_142516	805	  color:#39d7ff;
frontend/src/styles.css.bak_rf_source_runtime_v8_20260525_142516	814	  color:#eafbff;
frontend/src/styles.css.bak_rf_source_runtime_v8_20260525_142516	822	  color:#88a9c4;
frontend/src/styles.css.bak_rf_source_runtime_v8_20260525_142516	865	  color:#fff7d6;
frontend/src/styles.css.bak_rf_source_runtime_v8_20260525_142516	875	  color:#b9a979;
frontend/src/styles.css.bak_rf_source_runtime_v8_20260525_142516	890	  color:#ffd166;
frontend/src/styles.css.bak_rf_source_runtime_v8_20260525_142516	915	  color:#ffd166;
frontend/src/styles.css.bak_rf_source_runtime_v8_20260525_142516	937	  color:#171100;
frontend/src/styles.css.bak_rf_source_runtime_v8_20260525_142516	938	  background:linear-gradient(180deg,#ffe28a,#ffbf3c);
frontend/src/styles.css.bak_rf_source_runtime_v8_20260525_142516	939	  border-color:#fff1b8;
frontend/src/styles.css.bak_rf_source_runtime_v8_20260525_142516	958	  color:#ffd166;
frontend/src/styles.css.bak_rf_source_runtime_v8_20260525_142516	977	  color:#dff3ff;
frontend/src/styles.css.bak_rf_source_runtime_v8_20260525_142516	982	  color:#ffd166;
frontend/src/styles.css.bak_rf_source_runtime_v8_20260525_142516	986	  color:#b9a979;
frontend/src/styles.css.bak_rf_bridge_readiness_v9_20260525_143127	2	  --trf-bg:#02060c;
frontend/src/styles.css.bak_rf_bridge_readiness_v9_20260525_143127	3	  --trf-bg2:#071525;
frontend/src/styles.css.bak_rf_bridge_readiness_v9_20260525_143127	4	  --trf-panel:#081422;
frontend/src/styles.css.bak_rf_bridge_readiness_v9_20260525_143127	5	  --trf-panel2:#0c1d31;
frontend/src/styles.css.bak_rf_bridge_readiness_v9_20260525_143127	8	  --trf-cyan:#39d7ff;
frontend/src/styles.css.bak_rf_bridge_readiness_v9_20260525_143127	9	  --trf-cyan2:#00e5ff;
frontend/src/styles.css.bak_rf_bridge_readiness_v9_20260525_143127	10	  --trf-green:#7dffb2;
frontend/src/styles.css.bak_rf_bridge_readiness_v9_20260525_143127	11	  --trf-amber:#ffd166;
frontend/src/styles.css.bak_rf_bridge_readiness_v9_20260525_143127	12	  --trf-red:#ff5f7a;
frontend/src/styles.css.bak_rf_bridge_readiness_v9_20260525_143127	13	  --trf-text:#dff3ff;
frontend/src/styles.css.bak_rf_bridge_readiness_v9_20260525_143127	14	  --trf-muted:#88a9c4;
frontend/src/styles.css.bak_rf_bridge_readiness_v9_20260525_143127	15	  --trf-dim:#57768d;
frontend/src/styles.css.bak_rf_bridge_readiness_v9_20260525_143127	20	html,body,#root{
frontend/src/styles.css.bak_rf_bridge_readiness_v9_20260525_143127	27	    linear-gradient(145deg,#06101c,#02060c 60%,#000);
frontend/src/styles.css.bak_rf_bridge_readiness_v9_20260525_143127	35	  background:linear-gradient(180deg,#122841,#08111e);
frontend/src/styles.css.bak_rf_bridge_readiness_v9_20260525_143127	37	  color:#dff3ff;
frontend/src/styles.css.bak_rf_bridge_readiness_v9_20260525_143127	87	  color:#f1fbff;
frontend/src/styles.css.bak_rf_bridge_readiness_v9_20260525_143127	146	  color:#cbeeff;
frontend/src/styles.css.bak_rf_bridge_readiness_v9_20260525_143127	151	  color:#06101c;
frontend/src/styles.css.bak_rf_bridge_readiness_v9_20260525_143127	152	  background:linear-gradient(180deg,#77efff,#33c8f2);
frontend/src/styles.css.bak_rf_bridge_readiness_v9_20260525_143127	153	  border-color:#b8f7ff;
frontend/src/styles.css.bak_rf_bridge_readiness_v9_20260525_143127	179	.mc-error{ border-color:rgba(255,95,122,.45); color:#ffd5dc; }
frontend/src/styles.css.bak_rf_bridge_readiness_v9_20260525_143127	221	  color:#ecfbff;
frontend/src/styles.css.bak_rf_bridge_readiness_v9_20260525_143127	308	  color:#dff3ff;
frontend/src/styles.css.bak_rf_bridge_readiness_v9_20260525_143127	312	.mc-state.ok,.mc-cell.ok{ color:#05130c; background:linear-gradient(180deg,#8affbd,#38d884); }
frontend/src/styles.css.bak_rf_bridge_readiness_v9_20260525_143127	313	.mc-state.warn,.mc-cell.warn{ color:#171000; background:linear-gradient(180deg,#ffe38a,#ffbe3c); }
frontend/src/styles.css.bak_rf_bridge_readiness_v9_20260525_143127	314	.mc-state.bad,.mc-cell.bad{ color:#fff; background:linear-gradient(180deg,#ff5f7a,#a51f38); }
frontend/src/styles.css.bak_rf_bridge_readiness_v9_20260525_143127	392	  color:#cceeff;
frontend/src/styles.css.bak_rf_bridge_readiness_v9_20260525_143127	393	  background:#02060c;
frontend/src/styles.css.bak_rf_bridge_readiness_v9_20260525_143127	453	  color:#eafbff;
frontend/src/styles.css.bak_rf_bridge_readiness_v9_20260525_143127	462	  color:#88a9c4;
frontend/src/styles.css.bak_rf_bridge_readiness_v9_20260525_143127	477	  color:#7dffb2;
frontend/src/styles.css.bak_rf_bridge_readiness_v9_20260525_143127	502	  color:#021018;
frontend/src/styles.css.bak_rf_bridge_readiness_v9_20260525_143127	503	  background:linear-gradient(180deg,#7df1ff,#34c9f2);
frontend/src/styles.css.bak_rf_bridge_readiness_v9_20260525_143127	504	  border-color:#c7fbff;
frontend/src/styles.css.bak_rf_bridge_readiness_v9_20260525_143127	530	  color:#39d7ff;
frontend/src/styles.css.bak_rf_bridge_readiness_v9_20260525_143127	540	  background:#00050a;
frontend/src/styles.css.bak_rf_bridge_readiness_v9_20260525_143127	559	  color:#39d7ff;
frontend/src/styles.css.bak_rf_bridge_readiness_v9_20260525_143127	567	  color:#dff3ff;
frontend/src/styles.css.bak_rf_bridge_readiness_v9_20260525_143127	575	  color:#ffd166;
frontend/src/styles.css.bak_rf_bridge_readiness_v9_20260525_143127	611	  color:#f1fbff;
frontend/src/styles.css.bak_rf_bridge_readiness_v9_20260525_143127	621	  color:#88a9c4;
frontend/src/styles.css.bak_rf_bridge_readiness_v9_20260525_143127	643	  color:#021018;
frontend/src/styles.css.bak_rf_bridge_readiness_v9_20260525_143127	644	  background:linear-gradient(180deg,#7df1ff,#34c9f2);
frontend/src/styles.css.bak_rf_bridge_readiness_v9_20260525_143127	645	  border-color:#c7fbff;
frontend/src/styles.css.bak_rf_bridge_readiness_v9_20260525_143127	671	  color:#39d7ff;
frontend/src/styles.css.bak_rf_bridge_readiness_v9_20260525_143127	681	  background:#00050a;
frontend/src/styles.css.bak_rf_bridge_readiness_v9_20260525_143127	700	  color:#39d7ff;
frontend/src/styles.css.bak_rf_bridge_readiness_v9_20260525_143127	712	  color:#ffd166;
frontend/src/styles.css.bak_rf_bridge_readiness_v9_20260525_143127	753	  color:#efffff;
frontend/src/styles.css.bak_rf_bridge_readiness_v9_20260525_143127	761	  color:#8fb8c8;
frontend/src/styles.css.bak_rf_bridge_readiness_v9_20260525_143127	776	  color:#7dffb2;
frontend/src/styles.css.bak_rf_bridge_readiness_v9_20260525_143127	805	  color:#39d7ff;
frontend/src/styles.css.bak_rf_bridge_readiness_v9_20260525_143127	814	  color:#eafbff;
frontend/src/styles.css.bak_rf_bridge_readiness_v9_20260525_143127	822	  color:#88a9c4;
frontend/src/styles.css.bak_rf_bridge_readiness_v9_20260525_143127	865	  color:#fff7d6;
frontend/src/styles.css.bak_rf_bridge_readiness_v9_20260525_143127	875	  color:#b9a979;
frontend/src/styles.css.bak_rf_bridge_readiness_v9_20260525_143127	890	  color:#ffd166;
frontend/src/styles.css.bak_rf_bridge_readiness_v9_20260525_143127	915	  color:#ffd166;
frontend/src/styles.css.bak_rf_bridge_readiness_v9_20260525_143127	937	  color:#171100;
frontend/src/styles.css.bak_rf_bridge_readiness_v9_20260525_143127	938	  background:linear-gradient(180deg,#ffe28a,#ffbf3c);
frontend/src/styles.css.bak_rf_bridge_readiness_v9_20260525_143127	939	  border-color:#fff1b8;
frontend/src/styles.css.bak_rf_bridge_readiness_v9_20260525_143127	958	  color:#ffd166;
frontend/src/styles.css.bak_rf_bridge_readiness_v9_20260525_143127	977	  color:#dff3ff;
frontend/src/styles.css.bak_rf_bridge_readiness_v9_20260525_143127	982	  color:#ffd166;
frontend/src/styles.css.bak_rf_bridge_readiness_v9_20260525_143127	986	  color:#b9a979;
frontend/src/styles.css.bak_rf_bridge_readiness_v9_20260525_143127	1030	  color:#eafbff;
frontend/src/styles.css.bak_rf_bridge_readiness_v9_20260525_143127	1040	  color:#88a9c4;
frontend/src/styles.css.bak_rf_bridge_readiness_v9_20260525_143127	1055	  color:#39d7ff;
frontend/src/styles.css.bak_rf_bridge_readiness_v9_20260525_143127	1080	  color:#39d7ff;
frontend/src/styles.css.bak_rf_bridge_readiness_v9_20260525_143127	1089	  color:#eafbff;
frontend/src/styles.css.bak_rf_bridge_readiness_v9_20260525_143127	1097	  color:#88a9c4;
frontend/src/styles.css.bak_rf_bridge_readiness_v9_20260525_143127	1106	  background:#02060c;
frontend/src/styles.css.bak_rf_bridge_readiness_v9_20260525_143127	1107	  color:#dff3ff;
frontend/public/trfmc_orphan_quarantine_room_v1.html	16	.gov-kpi small{display:block;color:#8fb8c8;text-transform:uppercase;font-size:10px}
frontend/public/trfmc_orphan_quarantine_room_v1.html	17	.gov-kpi b{display:block;color:#75ff5b;font-size:20px}
frontend/public/trfmc_orphan_quarantine_room_v1.html	20	th{color:#00e5ff;background:rgba(0,229,255,.06)}
frontend/public/trfmc_orphan_quarantine_room_v1.html	21	.badge{display:inline-block;border:1px solid rgba(117,255,91,.35);background:rgba(117,255,91,.07);color:#75ff5b;border-radius:6px;padding:2px 6px;font-size:9px}
frontend/public/trfmc_orphan_quarantine_room_v1.html	22	.warn{color:#ffd84d}
frontend/public/trfmc_orphan_quarantine_room_v1.html	23	.danger{color:#ff3d7f}
frontend/public/trfmc_post_promotion_control_center_v1.html	16	.gov-kpi small{display:block;color:#8fb8c8;text-transform:uppercase;font-size:10px}
frontend/public/trfmc_post_promotion_control_center_v1.html	17	.gov-kpi b{display:block;color:#75ff5b;font-size:20px}
frontend/public/trfmc_post_promotion_control_center_v1.html	20	th{color:#00e5ff;background:rgba(0,229,255,.06)}
frontend/public/trfmc_post_promotion_control_center_v1.html	21	.badge{display:inline-block;border:1px solid rgba(117,255,91,.35);background:rgba(117,255,91,.07);color:#75ff5b;border-radius:6px;padding:2px 6px;font-size:9px}
frontend/public/trfmc_post_promotion_control_center_v1.html	22	.warn{color:#ffd84d}
frontend/public/trfmc_post_promotion_control_center_v1.html	23	.danger{color:#ff3d7f}
frontend/public/runtime_golden_check_console_v29.html	9	  --bg:#020711;
frontend/public/runtime_golden_check_console_v29.html	12	  --cyan:#58d6f9;
frontend/public/runtime_golden_check_console_v29.html	13	  --text:#edf8ff;
frontend/public/runtime_golden_check_console_v29.html	14	  --muted:#8da4b3;
frontend/public/runtime_golden_check_console_v29.html	15	  --green:#3fb950;
frontend/public/runtime_golden_check_console_v29.html	16	  --amber:#d29922;
frontend/public/runtime_golden_check_console_v29.html	17	  --red:#ff4d6d;
frontend/public/runtime_golden_check_console_v29.html	27	    linear-gradient(135deg,#020711,#06111d 50%,#02040a);
frontend/public/runtime_golden_check_console_v29.html	121	  color:#e8f6ff;
frontend/public/trfmc_antenna_system_explorer_v16_metrology_premium.html	9	  --bg:#01070f;--panel:#061120;--panel2:#0a1a2d;--line:#1774a6;--line2:#245b7d;
frontend/public/trfmc_antenna_system_explorer_v16_metrology_premium.html	10	  --text:#eaf3ff;--muted:#87a8c6;--cyan:#00d9ff;--green:#7dff4f;
frontend/public/trfmc_antenna_system_explorer_v16_metrology_premium.html	11	  --yellow:#ffd500;--red:#ff3366;--blue:#268cff;--orange:#ff9e3d;
frontend/public/trfmc_antenna_system_explorer_v16_metrology_premium.html	15	  margin:0;background:#01060d;color:var(--text);
frontend/public/trfmc_antenna_system_explorer_v16_metrology_premium.html	19	  height:54px;background:#050b13;border-bottom:1px solid var(--line);
frontend/public/trfmc_antenna_system_explorer_v16_metrology_premium.html	25	  color:var(--text);text-decoration:none;border:1px solid #1d6f9f;
frontend/public/trfmc_antenna_system_explorer_v16_metrology_premium.html	26	  background:#0a1828;border-radius:4px;padding:6px 9px;cursor:pointer;
frontend/public/trfmc_antenna_system_explorer_v16_metrology_premium.html	34	  background:linear-gradient(180deg,#071524,#02070f);
frontend/public/trfmc_antenna_system_explorer_v16_metrology_premium.html	35	  border:1px solid #1d5e86;border-radius:6px;overflow:hidden;
frontend/public/trfmc_antenna_system_explorer_v16_metrology_premium.html	38	  background:#0a1b2e;border-bottom:1px solid #1d5e86;color:var(--cyan);
frontend/public/trfmc_antenna_system_explorer_v16_metrology_premium.html	42	.ctrl{border:1px solid #183d58;background:#081522;border-radius:5px;padding:7px;margin-bottom:7px}
frontend/public/trfmc_antenna_system_explorer_v16_metrology_premium.html	46	select{background:#10233a;color:var(--text);border:1px solid #285d82;border-radius:4px;padding:6px}
frontend/public/trfmc_antenna_system_explorer_v16_metrology_premium.html	48	  width:100%;background:#10233a;color:var(--text);border:1px solid #285d82;
frontend/public/trfmc_antenna_system_explorer_v16_metrology_premium.html	51	button.active,button:hover{background:#145078;border-color:var(--cyan);box-shadow:inset 3px 0 0 var(--yellow)}
frontend/public/trfmc_antenna_system_explorer_v16_metrology_premium.html	54	  border:1px solid #0e88bf;background:linear-gradient(90deg,#071626,#0a1828,#071626);
frontend/public/trfmc_antenna_system_explorer_v16_metrology_premium.html	58	  background:linear-gradient(180deg,#091b2e,#07111f);border:1px solid #214c6a;
frontend/public/trfmc_antenna_system_explorer_v16_metrology_premium.html	68	.frame{background:#02070f;border:1px solid #1d5e86;border-radius:6px;overflow:hidden;position:relative}
frontend/public/trfmc_antenna_system_explorer_v16_metrology_premium.html	70	  margin:0;background:#0a1b2e;border-bottom:1px solid #1d5e86;
frontend/public/trfmc_antenna_system_explorer_v16_metrology_premium.html	74	#siteFrame{grid-column:1/3}
frontend/public/trfmc_antenna_system_explorer_v16_metrology_premium.html	81	  background:#061120d9;border:1px solid #1d5e86;border-radius:5px;padding:5px 8px;
frontend/public/trfmc_antenna_system_explorer_v16_metrology_premium.html	86	  border:1px solid #183d58;background:#081522;border-radius:5px;padding:7px;margin-bottom:6px;
frontend/public/trfmc_antenna_system_explorer_v16_metrology_premium.html	87	  font-family:ui-monospace,monospace;color:#d3e8ff;
frontend/public/trfmc_antenna_system_explorer_v16_metrology_premium.html	91	.log div{border-bottom:1px solid #17344c;padding:4px 0;color:#cde7ff}
frontend/public/trfmc_antenna_system_explorer_v16_metrology_premium.html	92	.alarm{border:1px solid #183d58;background:#081522;border-radius:5px;padding:8px;color:var(--green)}
frontend/public/trfmc_antenna_system_explorer_v16_metrology_premium.html	99	  #siteFrame{grid-column:auto}
frontend/public/trfmc_antenna_system_explorer_v16_metrology_premium.html	145	  color:#7dff4f;
frontend/public/trfmc_antenna_system_explorer_v16_metrology_premium.html	149	  border:1px solid #183d58;
frontend/public/trfmc_antenna_system_explorer_v16_metrology_premium.html	150	  background:#081522;
frontend/public/trfmc_antenna_system_explorer_v16_metrology_premium.html	157	  color:#ffd500;
frontend/public/trfmc_antenna_system_explorer_v16_metrology_premium.html	166	  color:#cde7ff;
frontend/public/trfmc_antenna_system_explorer_v16_metrology_premium.html	170	.opPanel .opRow span:last-child{color:#7dff4f}
frontend/public/trfmc_antenna_system_explorer_v16_metrology_premium.html	172	  border-color:#ffd500;
frontend/public/trfmc_antenna_system_explorer_v16_metrology_premium.html	173	  box-shadow:inset 0 -3px 0 #ffd500, 0 0 18px rgba(255,213,0,.18);
frontend/public/trfmc_antenna_system_explorer_v16_metrology_premium.html	176	  border-color:#ffd500;
frontend/public/trfmc_antenna_system_explorer_v16_metrology_premium.html	196	  background:linear-gradient(180deg,#09223a,#06111f);
frontend/public/trfmc_antenna_system_explorer_v16_metrology_premium.html	203	  color:#87a8c6;
frontend/public/trfmc_antenna_system_explorer_v16_metrology_premium.html	210	  color:#eaf3ff;
frontend/public/trfmc_antenna_system_explorer_v16_metrology_premium.html	216	  color:#7dff4f;
frontend/public/trfmc_antenna_system_explorer_v16_metrology_premium.html	220	.icCell.warn em{color:#ffd500}
frontend/public/trfmc_antenna_system_explorer_v16_metrology_premium.html	221	.icCell.bad em{color:#ff3366}
frontend/public/trfmc_antenna_system_explorer_v16_metrology_premium.html	223	  border:1px solid #183d58;
frontend/public/trfmc_antenna_system_explorer_v16_metrology_premium.html	224	  background:#081522;
frontend/public/trfmc_antenna_system_explorer_v16_metrology_premium.html	232	  border-bottom:1px solid #183d58;
frontend/public/trfmc_antenna_system_explorer_v16_metrology_premium.html	233	  color:#00d9ff;
frontend/public/trfmc_antenna_system_explorer_v16_metrology_premium.html	234	  background:#0a1b2e;
frontend/public/trfmc_antenna_system_explorer_v16_metrology_premium.html	249	  color:#cde7ff;
frontend/public/trfmc_antenna_system_explorer_v16_metrology_premium.html	251	.icRow strong{color:#ffd500;font-weight:600}
frontend/public/trfmc_antenna_system_explorer_v16_metrology_premium.html	252	.icRow b{color:#7dff4f}
frontend/public/trfmc_antenna_system_explorer_v16_metrology_premium.html	253	.icRow.bad b{color:#ff3366}
frontend/public/trfmc_antenna_system_explorer_v16_metrology_premium.html	254	.icRow.warn b{color:#ffd500}
frontend/public/trfmc_antenna_system_explorer_v16_metrology_premium.html	263	  background:#02070f;
frontend/public/trfmc_antenna_system_explorer_v16_metrology_premium.html	264	  border:1px solid #285d82;
frontend/public/trfmc_antenna_system_explorer_v16_metrology_premium.html	265	  color:#eaf3ff;
frontend/public/trfmc_antenna_system_explorer_v16_metrology_premium.html	299	  color:#00d9ff;
frontend/public/trfmc_antenna_system_explorer_v16_metrology_premium.html	314	.icMatrix th{color:#87a8c6}
frontend/public/trfmc_antenna_system_explorer_v16_metrology_premium.html	315	.icMatrix td:last-child{color:#7dff4f;text-align:right}
frontend/public/trfmc_antenna_system_explorer_v16_metrology_premium.html	350	  color:#7dff4f;
frontend/public/trfmc_antenna_system_explorer_v16_metrology_premium.html	361	  background:#081522;
frontend/public/trfmc_antenna_system_explorer_v16_metrology_premium.html	366	  color:#87a8c6;
frontend/public/trfmc_antenna_system_explorer_v16_metrology_premium.html	371	  color:#eaf3ff;
frontend/public/trfmc_antenna_system_explorer_v16_metrology_premium.html	389	  color:#87a8c6;
frontend/public/trfmc_antenna_system_explorer_v16_metrology_premium.html	393	.icStatusLine b{color:#7dff4f}
frontend/public/trfmc_antenna_system_explorer_v16_metrology_premium.html	418	  color:#00d9ff;
frontend/public/trfmc_antenna_system_explorer_v16_metrology_premium.html	430	  background:linear-gradient(180deg,#071626,#02070f);
frontend/public/trfmc_antenna_system_explorer_v16_metrology_premium.html	436	  color:#87a8c6;
frontend/public/trfmc_antenna_system_explorer_v16_metrology_premium.html	442	  color:#eaf3ff;
frontend/public/trfmc_antenna_system_explorer_v16_metrology_premium.html	445	.v16Metric.pass b{color:#7dff4f}
frontend/public/trfmc_antenna_system_explorer_v16_metrology_premium.html	446	.v16Metric.warn b{color:#ffd500}
frontend/public/trfmc_antenna_system_explorer_v16_metrology_premium.html	447	.v16Metric.fail b{color:#ff3366}
frontend/public/trfmc_antenna_system_explorer_v16_metrology_premium.html	459	.v16Acceptance th{color:#87a8c6}
frontend/public/trfmc_antenna_system_explorer_v16_metrology_premium.html	460	.v16Acceptance td:last-child{text-align:right;color:#7dff4f}
frontend/public/trfmc_antenna_system_explorer_v16_metrology_premium.html	461	.v16Acceptance tr.fail td:last-child{color:#ff3366}
frontend/public/trfmc_antenna_system_explorer_v16_metrology_premium.html	462	.v16Acceptance tr.warn td:last-child{color:#ffd500}
frontend/public/trfmc_antenna_system_explorer_v16_metrology_premium.html	480	  background:#081522;
frontend/public/trfmc_antenna_system_explorer_v16_metrology_premium.html	485	.v16BottomCell span{display:block;color:#87a8c6;font-size:8px;text-transform:uppercase}
frontend/public/trfmc_antenna_system_explorer_v16_metrology_premium.html	486	.v16BottomCell b{display:block;color:#7dff4f;font-size:12px}
frontend/public/trfmc_antenna_system_explorer_v16_metrology_premium.html	488	  border:1px solid #183d58;
frontend/public/trfmc_antenna_system_explorer_v16_metrology_premium.html	489	  background:#081522;
frontend/public/trfmc_antenna_system_explorer_v16_metrology_premium.html	496	  color:#ffd500;
frontend/public/trfmc_antenna_system_explorer_v16_metrology_premium.html	508	  border-color:#ffd500!important;
frontend/public/trfmc_antenna_system_explorer_v16_metrology_premium.html	509	  box-shadow:inset 3px 0 0 #ffd500;
frontend/public/trfmc_antenna_system_explorer_v16_metrology_premium.html	515	  background:#02070f;
frontend/public/trfmc_antenna_system_explorer_v16_metrology_premium.html	536	    <div style="color:#86a7c6;font-size:11px">Panel antenna · RRU/BBU · RET/AISG · MIMO · Port mapping · VSWR · EIRP · Beam · Coverage</div>
frontend/public/trfmc_antenna_system_explorer_v16_metrology_premium.html	715	  $("alarm").style.color=alarm?"#ff3366":"#7dff4f";
frontend/public/trfmc_antenna_system_explorer_v16_metrology_premium.html	740	  c.strokeStyle="#dcecff";c.lineWidth=3;
frontend/public/trfmc_antenna_system_explorer_v16_metrology_premium.html	744	  c.fillStyle="#eaf3ff";c.fillRect(cx-28,cy-65,18,105);c.fillRect(cx+10,cy-65,18,105);
frontend/public/trfmc_antenna_system_explorer_v16_metrology_premium.html	745	  c.fillStyle="#9aaec0";c.fillRect(cx-4,cy-55,8,90);
frontend/public/trfmc_antenna_system_explorer_v16_metrology_premium.html	796	  c.fillStyle="#ffd500";c.font="13px system-ui";
frontend/public/trfmc_antenna_system_explorer_v16_metrology_premium.html	799	  c.fillStyle="#dcecff";c.font="12px system-ui";
frontend/public/trfmc_antenna_system_explorer_v16_metrology_premium.html	810	    [["#7dff4f",1],["#ffd500",.55],["#00d9ff",.4]].forEach(([col,scale])=>{
frontend/public/trfmc_antenna_system_explorer_v16_metrology_premium.html	821	    c.fillStyle="#eaf3ff";c.fillText(name,ccx-25,h-20);
frontend/public/trfmc_antenna_system_explorer_v16_metrology_premium.html	828	    ["P1","Low Band 900","880-960","80","24.0","OK","#ff3366"],
frontend/public/trfmc_antenna_system_explorer_v16_metrology_premium.html	829	    ["P2","Mid Band 1800","1710-1880","170","24.0","OK","#ffd500"],
frontend/public/trfmc_antenna_system_explorer_v16_metrology_premium.html	830	    ["P3","High Band 2100","1920-2170","250","24.0","OK","#00d9ff"],
frontend/public/trfmc_antenna_system_explorer_v16_metrology_premium.html	831	    ["P4","n78 5G","3300-3800","100",p.ptx.toFixed(1),"OK","#7dff4f"],
frontend/public/trfmc_antenna_system_explorer_v16_metrology_premium.html	832	    ["P5","n77 5G","3300-4200","900","—","N/A","#555"],
frontend/public/trfmc_antenna_system_explorer_v16_metrology_premium.html	833	    ["P6","Wi-Fi 7","5925-7125","320","—","N/A","#c66bff"]
frontend/public/trfmc_antenna_system_explorer_v16_metrology_premium.html	835	  c.fillStyle="#86a7c6";["PORT","BAND / SERVICE","FREQ MHz","BW","POWER","STATUS"].forEach((x,i)=>c.fillText(x,28+i*115,30));
frontend/public/trfmc_antenna_system_explorer_v16_metrology_premium.html	839	    c.fillStyle="#dcecff";r.slice(0,6).forEach((x,i)=>c.fillText(x,55+i*115,y));
frontend/public/trfmc_antenna_system_explorer_v16_metrology_premium.html	845	  c.fillStyle="#dcecff";c.fillText(`RET electrical tilt ${p.tilt.toFixed(1)}° · AISG connected · step 0.1°`,18,24);
frontend/public/trfmc_antenna_system_explorer_v16_metrology_premium.html	853	    c.strokeStyle=["#ff3366","#ffd500","#7dff4f","#00d9ff"][idx];c.stroke();
frontend/public/trfmc_antenna_system_explorer_v16_metrology_premium.html	867	    c.strokeStyle=["#00d9ff","#7dff4f","#ff3366","#ffd500","#c66bff"][i];
frontend/public/trfmc_antenna_system_explorer_v16_metrology_premium.html	870	  c.fillStyle="#dcecff";c.fillText(`${mimoLabel(p.type)} array · beam width ${(65-p.gain).toFixed(0)}° · MU-MIMO vectors`,20,22);
frontend/public/trfmc_antenna_system_explorer_v16_metrology_premium.html	1017	    return {site:"#ffd500",polar:"#7dff4f",ports:"#00d9ff",ret:"#ff9e3d",mimo:"#c66bff"}[id] || "#00d9ff";
frontend/public/trfmc_antenna_system_explorer_v16_metrology_premium.html	2026	      el("v16Overall").style.color = m.overall==="PASS" ? "#7dff4f" : m.overall==="WARN" ? "#ffd500" : "#ff3366";
frontend/public/trfmc_antenna_system_explorer_v16_metrology_premium.html	2043	    [["snr","#7dff4f",70],["margin","#ffd500",20]].forEach(([key,col,scale])=>{
frontend/public/trfmc_antenna_system_explorer_v16_metrology_premium.html	2170	    <style>body{font-family:Segoe UI,Arial;background:#07111f;color:#eaf3ff;padding:24px}table{border-collapse:collapse;width:100%;margin:16px 0}td,th{border:1px solid #245b7d;padding:8px;text-align:left}th{background:#0
frontend/public/trfmc_gpu_visual_runtime_lab_v2.html	15	.plugin b{color:#75ff5b}.mono{font-family:ui-monospace,Consolas,monospace;font-size:11px;color:#dffaff}
frontend/public/trfmc_home.html	15	<body class="trfmc-vxp trfmc-gpu-v2 trfmc-soul-v1 trfmc-leaf" style="margin:0;background:#02040a;">
frontend/public/global_mission_scenario_launcher_v39.html	10	:root{--panel:rgba(5,18,31,.90);--line:rgba(88,214,249,.25);--cyan:#58d6f9;--green:#3fb950;--amber:#d29922;--red:#ff4d6d;--violet:#a371f7;--text:#edf8ff;--muted:#8da4b3}
frontend/public/global_mission_scenario_launcher_v39.html	37	pre{margin:0;max-height:360px;overflow:auto;background:rgba(0,0,0,.25);padding:12px;color:#e8f6ff;font-size:10px;line-height:1.4}footer{margin-top:16px;text-align:center;color:var(--muted);font-size:11px}
frontend/public/trfmc_unified_instrument_shell_lab_v1.html	9	  --bg:#02070f;--panel:#061120;--panel2:#0a1828;--line:#1d6f9f;
frontend/public/trfmc_unified_instrument_shell_lab_v1.html	10	  --text:#eaf3ff;--muted:#86a7c6;--cyan:#00d9ff;--green:#7dff4f;
frontend/public/trfmc_unified_instrument_shell_lab_v1.html	11	  --yellow:#ffd500;--red:#ff3366;--blue:#268cff;--purple:#c66bff;
frontend/public/trfmc_unified_instrument_shell_lab_v1.html	14	html,body{margin:0;height:100%;background:#01060d;color:var(--text);font:12px Inter,Segoe UI,system-ui,sans-serif;overflow:hidden}
frontend/public/trfmc_unified_instrument_shell_lab_v1.html	16	  height:54px;background:#050b13;border-bottom:1px solid var(--line);
frontend/public/trfmc_unified_instrument_shell_lab_v1.html	23	  color:var(--text);background:#10233a;border:1px solid #285d82;
frontend/public/trfmc_unified_instrument_shell_lab_v1.html	26	button:hover,a:hover{border-color:var(--cyan);background:#145078;box-shadow:inset 3px 0 0 var(--yellow)}
frontend/public/trfmc_unified_instrument_shell_lab_v1.html	30	  background:linear-gradient(90deg,#061120,#0a1828,#061120);
frontend/public/trfmc_unified_instrument_shell_lab_v1.html	34	  border:1px solid rgba(36,91,125,.95);background:linear-gradient(180deg,#09223a,#06111f);
frontend/public/trfmc_unified_instrument_shell_lab_v1.html	48	  background:linear-gradient(180deg,#071524,#02070f);
frontend/public/trfmc_unified_instrument_shell_lab_v1.html	49	  border:1px solid #1d5e86;border-radius:6px;overflow:hidden;
frontend/public/trfmc_unified_instrument_shell_lab_v1.html	52	  background:#0a1b2e;border-bottom:1px solid #1d5e86;color:var(--cyan);
frontend/public/trfmc_unified_instrument_shell_lab_v1.html	57	  border:1px solid #183d58;background:#081522;border-radius:5px;margin-bottom:6px;padding:8px;cursor:pointer;
frontend/public/trfmc_unified_instrument_shell_lab_v1.html	59	.route:hover,.route.active{border-color:var(--yellow);box-shadow:inset 3px 0 0 var(--yellow);background:#10233a}
frontend/public/trfmc_unified_instrument_shell_lab_v1.html	63	  border:1px solid #1d5e86;border-radius:6px;overflow:hidden;background:#02070f;position:relative;
frontend/public/trfmc_unified_instrument_shell_lab_v1.html	66	  height:34px;background:#071524;border-bottom:1px solid #1d5e86;display:flex;align-items:center;justify-content:space-between;padding:0 8px;
frontend/public/trfmc_unified_instrument_shell_lab_v1.html	71	  width:100%;height:calc(100% - 34px);border:0;background:#02070f;display:block;
frontend/public/trfmc_unified_instrument_shell_lab_v1.html	74	.kv span{color:#cde7ff}.kv b{color:var(--green)}
frontend/public/trfmc_unified_instrument_shell_lab_v1.html	76	.cmd input{background:#02070f;border:1px solid #285d82;color:var(--text);border-radius:4px;padding:7px;font-family:ui-monospace,monospace}
frontend/public/trfmc_unified_instrument_shell_lab_v1.html	77	.log{height:210px;overflow:auto;border:1px solid #183d58;background:#02070f;border-radius:5px;padding:6px;font-family:ui-monospace,monospace;font-size:11px}
frontend/public/trfmc_unified_instrument_shell_lab_v1.html	78	.log div{border-bottom:1px solid rgba(255,255,255,.06);padding:3px 0;color:#cde7ff}
frontend/public/trfmc_3d_rf_asset_renderer_lab_v1r1_proportions.html	9	  --bg:#01060d;--panel:#071827;--panel2:#0a2135;--line:#0b75a8;--cyan:#00e5ff;
frontend/public/trfmc_3d_rf_asset_renderer_lab_v1r1_proportions.html	10	  --ok:#75ff5b;--warn:#ffd84d;--bad:#ff3d7f;--txt:#e8f9ff;--muted:#84a8ba;
frontend/public/trfmc_3d_rf_asset_renderer_lab_v1r1_proportions.html	11	  --gold:#ffd400;--violet:#b772ff;--blue:#1aa8ff;
frontend/public/trfmc_3d_rf_asset_renderer_lab_v1r1_proportions.html	14	html,body{margin:0;height:100%;background:radial-gradient(circle at 50% -10%,#07365a 0,#02070d 42%,#00050a 100%);color:var(--txt);font-family:Inter,Segoe UI,Arial,sans-serif;overflow:hidden}
frontend/public/trfmc_3d_rf_asset_renderer_lab_v1r1_proportions.html	20	.top{display:grid;grid-template-columns:1fr auto;gap:12px;align-items:center;border:1px solid #0b5f8a;background:linear-gradient(180deg,#071827,#020811);padding:9px 12px;box-shadow:0 0 28px rgba(0,180,255,.18)}
frontend/public/trfmc_3d_rf_asset_renderer_lab_v1r1_proportions.html	24	button,select,input{background:#0b2238;border:1px solid #1175a5;color:var(--txt);border-radius:4px;padding:7px 10px;font-size:12px}
frontend/public/trfmc_3d_rf_asset_renderer_lab_v1r1_proportions.html	28	.kpi{border:1px solid #0b5f8a;background:linear-gradient(180deg,#092037,#04101b);padding:7px 8px;min-height:82px}
frontend/public/trfmc_3d_rf_asset_renderer_lab_v1r1_proportions.html	29	.kpi .l{font-size:9px;color:#80bad0;text-transform:uppercase;letter-spacing:.8px}
frontend/public/trfmc_3d_rf_asset_renderer_lab_v1r1_proportions.html	33	.panel{border:1px solid #0b5f8a;background:rgba(3,14,24,.94);box-shadow:inset 0 0 22px rgba(0,150,255,.06),0 0 16px rgba(0,130,255,.08);overflow:hidden;position:relative}
frontend/public/trfmc_3d_rf_asset_renderer_lab_v1r1_proportions.html	34	.panel h2{margin:0;padding:8px 10px;border-bottom:1px solid #0b5f8a;color:#00e5ff;font-size:13px;text-transform:uppercase;letter-spacing:.8px;background:#061625}
frontend/public/trfmc_3d_rf_asset_renderer_lab_v1r1_proportions.html	36	fieldset{border:1px solid #123f5d;border-radius:6px;margin:0 0 8px;padding:8px;background:#061523}
frontend/public/trfmc_3d_rf_asset_renderer_lab_v1r1_proportions.html	38	.label{font-size:10px;color:#8fc0d2;text-transform:uppercase;margin:10px 0 4px}
frontend/public/trfmc_3d_rf_asset_renderer_lab_v1r1_proportions.html	42	.canvasBox{position:relative;border:1px solid #0d6f9e;background:#020b12;overflow:hidden}
frontend/public/trfmc_3d_rf_asset_renderer_lab_v1r1_proportions.html	44	.overlay{position:absolute;left:8px;top:8px;font-family:monospace;font-size:11px;color:var(--ok);background:rgba(0,0,0,.38);border:1px solid #154e34;padding:5px 7px}
frontend/public/trfmc_3d_rf_asset_renderer_lab_v1r1_proportions.html	45	.footerStatus{position:absolute;right:8px;bottom:6px;color:var(--ok);font-family:monospace;font-size:10px;border:1px solid #1d7c33;padding:3px 6px;background:#04110a}
frontend/public/trfmc_3d_rf_asset_renderer_lab_v1r1_proportions.html	47	.card{border:1px solid #104e73;background:#061625;padding:8px;border-radius:4px;margin-bottom:6px}
frontend/public/trfmc_3d_rf_asset_renderer_lab_v1r1_proportions.html	48	.card h3{margin:0 0 7px;font-size:12px;color:#00e5ff}
frontend/public/trfmc_3d_rf_asset_renderer_lab_v1r1_proportions.html	49	.mini{font-family:monospace;font-size:11px;color:#b9eaff;line-height:1.45}
frontend/public/trfmc_3d_rf_asset_renderer_lab_v1r1_proportions.html	52	.table th,.table td{border-bottom:1px solid #12344c;padding:5px;text-align:left}
frontend/public/trfmc_3d_rf_asset_renderer_lab_v1r1_proportions.html	53	.table th{color:#83cfff}
frontend/public/trfmc_3d_rf_asset_renderer_lab_v1r1_proportions.html	54	.badge{display:inline-block;border:1px solid #1c7ba8;background:#092238;padding:3px 6px;border-radius:4px;margin:2px;font-size:10px}
frontend/public/trfmc_3d_rf_asset_renderer_lab_v1r1_proportions.html	55	.log{height:230px;background:#02070d;border:1px solid #123f5d;padding:7px;overflow:auto;font-family:monospace;font-size:10px;color:#bcecff}
frontend/public/trfmc_3d_rf_asset_renderer_lab_v1r1_proportions.html	56	.modeCard{display:grid;grid-template-columns:1fr auto;align-items:center;gap:6px;border:1px solid #104e73;background:#061625;padding:8px;margin-bottom:6px;border-radius:4px}
frontend/public/trfmc_3d_rf_asset_renderer_lab_v1r1_proportions.html	57	.modeCard b{color:#00e5ff}
frontend/public/trfmc_3d_rf_asset_renderer_lab_v1r1_proportions.html	295	function poly(ctx,pts,fill,stroke="#1aa8ff",alpha=1){
frontend/public/trfmc_3d_rf_asset_renderer_lab_v1r1_proportions.html	299	function box(ctx,c,x,y,z,w,d,h,color="#0b72a8"){
frontend/public/trfmc_3d_rf_asset_renderer_lab_v1r1_proportions.html	313	function line3(ctx,c,a,b,col="#75ff5b",lw=1.5){
frontend/public/trfmc_3d_rf_asset_renderer_lab_v1r1_proportions.html	317	function label(ctx,text,x,y,col="#dff8ff"){
frontend/public/trfmc_3d_rf_asset_renderer_lab_v1r1_proportions.html	322	  line3(ctx,c,[0,0,0],[0,0,6.8],"#8fc0d2",4);
frontend/public/trfmc_3d_rf_asset_renderer_lab_v1r1_proportions.html	327	  box(ctx,c,-.92,-.34,2.65,.30,.18,2.45,"#d6edf5");
frontend/public/trfmc_3d_rf_asset_renderer_lab_v1r1_proportions.html	328	  box(ctx,c,-.58,-.40,2.35,.32,.24,1.55,"#0b72a8");
frontend/public/trfmc_3d_rf_asset_renderer_lab_v1r1_proportions.html	329	  box(ctx,c,.50,-.34,2.92,.30,.18,2.25,"#d6edf5");
frontend/public/trfmc_3d_rf_asset_renderer_lab_v1r1_proportions.html	330	  box(ctx,c,.86,-.40,2.50,.32,.24,1.38,"#0b72a8");
frontend/public/trfmc_3d_rf_asset_renderer_lab_v1r1_proportions.html	331	  box(ctx,c,-.25,-.7,.1,.55,.45,.55,"#4f6b7c");
frontend/public/trfmc_3d_rf_asset_renderer_lab_v1r1_proportions.html	332	  line3(ctx,c,[-.15,-.5,.65],[-.52,-.24,2.7],"#ffd400",1.2);
frontend/public/trfmc_3d_rf_asset_renderer_lab_v1r1_proportions.html	333	  line3(ctx,c,[.1,-.48,.65],[.42,-.24,2.9],"#00e5ff",1.2);
frontend/public/trfmc_3d_rf_asset_renderer_lab_v1r1_proportions.html	334	  drawBeam(ctx,c,[.7,-.22,3.8],p.beam,p.tilt,"#75ff5b");
frontend/public/trfmc_3d_rf_asset_renderer_lab_v1r1_proportions.html	335	  drawBeam(ctx,c,[-.6,-.22,3.8],p.beam,p.tilt,"#00e5ff");
frontend/public/trfmc_3d_rf_asset_renderer_lab_v1r1_proportions.html	341	  box(ctx,c,-1.4,-.12,1.9,2.8,.14,2.2,"#1b4f72");
frontend/public/trfmc_3d_rf_asset_renderer_lab_v1r1_proportions.html	345	      box(ctx,c,x,-.22,z,.07,.08,.07,(r+cc)%2?"#75ff5b":"#00e5ff");
frontend/public/trfmc_3d_rf_asset_renderer_lab_v1r1_proportions.html	351	  drawBeam(ctx,c,[0,-.32,3.05],p.beam,p.tilt,"#ffd400");
frontend/public/trfmc_3d_rf_asset_renderer_lab_v1r1_proportions.html	355	  box(ctx,c,-1.7,-.5,1,3.4,1,1,"#55738a");
frontend/public/trfmc_3d_rf_asset_renderer_lab_v1r1_proportions.html	357	    box(ctx,c,-1.35+i*.54,-.62,2.05,.26,.18,.16,"#d8edf5");
frontend/public/trfmc_3d_rf_asset_renderer_lab_v1r1_proportions.html	358	    line3(ctx,c,[-1.22+i*.54,-.7,2.21],[-1.22+i*.54,-.96,2.45],"#ffd400",1);
frontend/public/trfmc_3d_rf_asset_renderer_lab_v1r1_proportions.html	360	  box(ctx,c,-2.1,-.1,1.35,.38,.28,.34,"#00a7c9");
frontend/public/trfmc_3d_rf_asset_renderer_lab_v1r1_proportions.html	361	  box(ctx,c,1.72,-.1,1.35,.38,.28,.34,"#00a7c9");
frontend/public/trfmc_3d_rf_asset_renderer_lab_v1r1_proportions.html	362	  for(let i=0;i<5;i++) line3(ctx,c,[-1.1+i*.55,-.48,2.05],[-.84+i*.55,-.48,2.05],"#75ff5b",1);
frontend/public/trfmc_3d_rf_asset_renderer_lab_v1r1_proportions.html	368	  ctx.strokeStyle="#dff8ff";ctx.lineWidth=2;
frontend/public/trfmc_3d_rf_asset_renderer_lab_v1r1_proportions.html	370	  ctx.strokeStyle="#75ff5b";
frontend/public/trfmc_3d_rf_asset_renderer_lab_v1r1_proportions.html	373	  box(ctx,c,-.18,-.12,1.1,.36,.28,1.1,"#4f6b7c");
frontend/public/trfmc_3d_rf_asset_renderer_lab_v1r1_proportions.html	374	  box(ctx,c,.45,-.18,2.35,.35,.25,.28,"#00a7c9");
frontend/public/trfmc_3d_rf_asset_renderer_lab_v1r1_proportions.html	375	  line3(ctx,c,[.55,-.1,2.5],[0,0,2.6],"#ffd400",2);
frontend/public/trfmc_3d_rf_asset_renderer_lab_v1r1_proportions.html	376	  drawBeam(ctx,c,[.9,-.2,2.7],p.beam,p.tilt,"#75ff5b");
frontend/public/trfmc_3d_rf_asset_renderer_lab_v1r1_proportions.html	380	  box(ctx,c,-1.5,-.5,.2,3,1,1.3,"#344b5c");
frontend/public/trfmc_3d_rf_asset_renderer_lab_v1r1_proportions.html	381	  box(ctx,c,-1.35,-.76,1.42,.62,.34,2.75,"#d6edf5");
frontend/public/trfmc_3d_rf_asset_renderer_lab_v1r1_proportions.html	382	  box(ctx,c,-.48,-.78,1.32,.62,.34,2.95,"#d6edf5");
frontend/public/trfmc_3d_rf_asset_renderer_lab_v1r1_proportions.html	383	  box(ctx,c,.40,-.76,1.55,.62,.34,2.55,"#d6edf5");
frontend/public/trfmc_3d_rf_asset_renderer_lab_v1r1_proportions.html	384	  box(ctx,c,1.14,-.60,.88,.68,.50,1.20,"#0b72a8");
frontend/public/trfmc_3d_rf_asset_renderer_lab_v1r1_proportions.html	385	  for(let i=0;i<4;i++) line3(ctx,c,[-.9+i*.45,-.52,1.45],[-.9+i*.45,-.72,1.75+i*.15],"#ffd400",1);
frontend/public/trfmc_3d_rf_asset_renderer_lab_v1r1_proportions.html	386	  drawBeam(ctx,c,[-.95,-.85,3.0],p.beam,p.tilt,"#00e5ff");
frontend/public/trfmc_3d_rf_asset_renderer_lab_v1r1_proportions.html	387	  drawBeam(ctx,c,[-.15,-.85,3.1],p.beam,p.tilt,"#75ff5b");
frontend/public/trfmc_3d_rf_asset_renderer_lab_v1r1_proportions.html	388	  drawBeam(ctx,c,[.65,-.85,2.9],p.beam,p.tilt,"#ffd400");
frontend/public/trfmc_3d_rf_asset_renderer_lab_v1r1_proportions.html	410	  ctx.fillStyle="#020b12";ctx.fillRect(0,0,w,h);
frontend/public/trfmc_3d_rf_asset_renderer_lab_v1r1_proportions.html	426	  ctx.fillStyle="#83cfff";ctx.font="11px monospace";
frontend/public/trfmc_3d_rf_asset_renderer_lab_v1r1_proportions.html	428	  label(ctx,"4D layer: t="+(tick/60).toFixed(1)+"s / freq="+p.freq.toFixed(1)+"GHz",14,40,"#75ff5b");
frontend/public/trfmc_3d_rf_asset_renderer_lab_v1r1_proportions.html	429	  label(ctx,"5D state: RF POWER "+p.pow+" dBm · protocol KPI overlay simulated",14,58,"#ffd400");
frontend/public/trfmc_domain_registry_v1.html	9	  --bg:#030711;
frontend/public/trfmc_domain_registry_v1.html	12	  --text:#eaf3ff;
frontend/public/trfmc_domain_registry_v1.html	13	  --muted:#93a9c6;
frontend/public/trfmc_domain_registry_v1.html	14	  --cyan:#86d7ff;
frontend/public/trfmc_domain_registry_v1.html	15	  --green:#9dffc7;
frontend/public/trfmc_domain_registry_v1.html	16	  --amber:#ffd37a;
frontend/public/trfmc_domain_registry_v1.html	17	  --red:#ff8d8d;
frontend/public/trfmc_domain_registry_v1.html	18	  --violet:#bda7ff;
frontend/public/trfmc_domain_registry_v1.html	26	    linear-gradient(180deg,#030711,#07111f 48%,#030711);
frontend/public/trfmc_domain_registry_v1.html	79	a{color:#9ed0ff;text-decoration:none}
frontend/public/trfmc_soul_runtime_lab_v1.html	17	.mono{font-family:ui-monospace,Consolas,monospace;color:#dffaff;font-size:11px}
frontend/public/trfmc_soul_runtime_lab_v1.html	92	    g.addColorStop(0,"#061827");g.addColorStop(1,"#010409");
frontend/public/trfmc_soul_runtime_lab_v1.html	114	      ctx.fillStyle=i===5?"#ff3d7f":"#75ff5b";
frontend/public/trfmc_soul_runtime_lab_v1.html	119	    ctx.fillStyle="#00e5ff";
frontend/public/trfmc_rf_antenna_academy_wall_v2_premium.html	9	  --bg:#020711;
frontend/public/trfmc_rf_antenna_academy_wall_v2_premium.html	10	  --panel:#061321;
frontend/public/trfmc_rf_antenna_academy_wall_v2_premium.html	11	  --panel2:#0a1b2e;
frontend/public/trfmc_rf_antenna_academy_wall_v2_premium.html	12	  --line:#176f9f;
frontend/public/trfmc_rf_antenna_academy_wall_v2_premium.html	13	  --line2:#29bdf2;
frontend/public/trfmc_rf_antenna_academy_wall_v2_premium.html	14	  --text:#eaf5ff;
frontend/public/trfmc_rf_antenna_academy_wall_v2_premium.html	15	  --muted:#8dafc9;
frontend/public/trfmc_rf_antenna_academy_wall_v2_premium.html	16	  --cyan:#00d9ff;
frontend/public/trfmc_rf_antenna_academy_wall_v2_premium.html	17	  --green:#7dff4f;
frontend/public/trfmc_rf_antenna_academy_wall_v2_premium.html	18	  --yellow:#ffd500;
frontend/public/trfmc_rf_antenna_academy_wall_v2_premium.html	19	  --orange:#ff9e3d;
frontend/public/trfmc_rf_antenna_academy_wall_v2_premium.html	20	  --red:#ff3366;
frontend/public/trfmc_rf_antenna_academy_wall_v2_premium.html	21	  --violet:#c66bff;
frontend/public/trfmc_rf_antenna_academy_wall_v2_premium.html	22	  --blue:#3da8ff;
frontend/public/trfmc_rf_antenna_academy_wall_v2_premium.html	30	    linear-gradient(180deg,#020711,#01040a);
frontend/public/trfmc_rf_antenna_academy_wall_v2_premium.html	35	  background:#10233a;color:var(--text);border:1px solid #285d82;border-radius:4px;
frontend/public/trfmc_rf_antenna_academy_wall_v2_premium.html	39	button:hover{border-color:var(--cyan);background:#145078;box-shadow:inset 3px 0 0 var(--yellow)}
frontend/public/trfmc_rf_antenna_academy_wall_v2_premium.html	41	  height:58px;background:#050b13;border-bottom:1px solid var(--line);
frontend/public/trfmc_rf_antenna_academy_wall_v2_premium.html	50	  border:1px solid #245b7d;background:linear-gradient(180deg,#09223a,#06111f);
frontend/public/trfmc_rf_antenna_academy_wall_v2_premium.html	74	  border:1px solid #214a68;background:#081522;border-radius:5px;margin-bottom:7px;padding:6px;
frontend/public/trfmc_rf_antenna_academy_wall_v2_premium.html	78	  border-color:var(--cyan);background:#10233a;box-shadow:inset 4px 0 0 var(--yellow);
frontend/public/trfmc_rf_antenna_academy_wall_v2_premium.html	81	  height:42px;border:1px solid #285d82;border-radius:4px;
frontend/public/trfmc_rf_antenna_academy_wall_v2_premium.html	82	  display:grid;place-items:center;color:var(--cyan);font-size:23px;background:#04111e;
frontend/public/trfmc_rf_antenna_academy_wall_v2_premium.html	86	.workspace{border-top:1px solid var(--line);padding:8px;background:#061321}
frontend/public/trfmc_rf_antenna_academy_wall_v2_premium.html	91	  border-bottom:1px solid var(--line);background:#061321;
frontend/public/trfmc_rf_antenna_academy_wall_v2_premium.html	94	  border:1px solid #245b7d;background:#081522;border-radius:5px;padding:5px;min-width:0;
frontend/public/trfmc_rf_antenna_academy_wall_v2_premium.html	107	  border:1px solid #1d5e86;background:#020914;border-radius:7px;overflow:hidden;position:relative;
frontend/public/trfmc_rf_antenna_academy_wall_v2_premium.html	112	  background:linear-gradient(90deg,#071524,#0a1b2e);
frontend/public/trfmc_rf_antenna_academy_wall_v2_premium.html	113	  border-bottom:1px solid #1d5e86;
frontend/public/trfmc_rf_antenna_academy_wall_v2_premium.html	123	  border:1px solid #315575;background:rgba(3,9,18,.92);border-radius:6px;
frontend/public/trfmc_rf_antenna_academy_wall_v2_premium.html	126	.eqSmall{font:12px Consolas,monospace;color:#cde7ff;line-height:1.45}
frontend/public/trfmc_rf_antenna_academy_wall_v2_premium.html	128	.tbl th,.tbl td{border:1px solid #254a65;padding:5px;text-align:left}
frontend/public/trfmc_rf_antenna_academy_wall_v2_premium.html	129	.tbl th{color:var(--cyan);background:#0a1b2e}
frontend/public/trfmc_rf_antenna_academy_wall_v2_premium.html	130	.tbl td{color:#cde7ff}
frontend/public/trfmc_rf_antenna_academy_wall_v2_premium.html	135	  border:1px solid #245b7d;background:#081522;border-radius:5px;padding:6px;
frontend/public/trfmc_rf_antenna_academy_wall_v2_premium.html	141	  background:#0a1b2e;border-bottom:1px solid #1d5e86;color:var(--cyan);
frontend/public/trfmc_rf_antenna_academy_wall_v2_premium.html	156	  height:235px;overflow:auto;border:1px solid #183d58;background:#01060d;border-radius:5px;
frontend/public/trfmc_rf_antenna_academy_wall_v2_premium.html	159	.log div{border-bottom:1px solid rgba(255,255,255,.06);padding:3px 0;color:#cde7ff}
frontend/public/trfmc_rf_antenna_academy_wall_v2_premium.html	161	  height:30px;border-top:1px solid var(--line);background:#050b13;
frontend/public/trfmc_rf_antenna_academy_wall_v2_premium.html	164	.foot{border-left:1px solid #17384f;padding-left:8px;font:10px Consolas,monospace;color:var(--muted)}
frontend/public/trfmc_rf_antenna_academy_wall_v2_premium.html	172	  position:absolute;color:#cde7ff;font:10px Consolas,monospace;background:rgba(2,9,20,.65);
frontend/public/trfmc_rf_antenna_academy_wall_v2_premium.html	173	  border:1px solid #245b7d;border-radius:3px;padding:3px 5px;
frontend/public/trfmc_rf_antenna_academy_wall_v2_premium.html	469	    ctx.fillStyle="#cde7ff";ctx.fillText("Thermal agitation: random electron motion creates measurable noise voltage",18,24);
frontend/public/trfmc_rf_antenna_academy_wall_v2_premium.html	470	    ctx.strokeStyle="#00d9ff";ctx.beginPath();
frontend/public/trfmc_rf_antenna_academy_wall_v2_premium.html	473	    ctx.strokeStyle="#ffd500";ctx.strokeRect(30,h-80,w-60,45);
frontend/public/trfmc_rf_antenna_academy_wall_v2_premium.html	474	    ctx.fillStyle="#ffd500";ctx.fillText("Bandwidth window B controls integrated noise power",45,h-52);
frontend/public/trfmc_rf_antenna_academy_wall_v2_premium.html	483	    ctx.fillStyle="#eaf3ff";ctx.fillRect(-7,-55,14,110);
frontend/public/trfmc_rf_antenna_academy_wall_v2_premium.html	485	    ctx.fillStyle="#7dff4f";ctx.fillText("Directional energy concentration / directivity",18,24);
frontend/public/trfmc_rf_antenna_academy_wall_v2_premium.html	487	    ctx.strokeStyle="#ff7b22";ctx.lineWidth=5;let cx=w/2,cy=h/2,s=Math.min(w,h)*.65;
frontend/public/trfmc_rf_antenna_academy_wall_v2_premium.html	489	    ctx.fillStyle="#00d9ff";ctx.fillText("13.56 MHz square spiral near-field H-coupling",18,24);
frontend/public/trfmc_rf_antenna_academy_wall_v2_premium.html	490	    ctx.fillStyle="#ffd500";ctx.fillRect(cx-18,cy-18,36,36);ctx.fillStyle="#020711";ctx.fillText("S",cx-4,cy+4);
frontend/public/trfmc_rf_antenna_academy_wall_v2_premium.html	492	    ctx.fillStyle="#ff9e3d";ctx.beginPath();ctx.moveTo(60,h/2-8);
frontend/public/trfmc_rf_antenna_academy_wall_v2_premium.html	497	    ctx.fillStyle="#7dff4f";ctx.fillText("Vivaldi tapered slot: wideband end-fire radiator",18,24);
frontend/public/trfmc_rf_antenna_academy_wall_v2_premium.html	499	    let cx=w*.28,cy=h*.52;ctx.strokeStyle="#ffd500";ctx.lineWidth=3;
frontend/public/trfmc_rf_antenna_academy_wall_v2_premium.html	501	    ctx.strokeStyle="#00d9ff";ctx.lineWidth=1.5;
frontend/public/trfmc_rf_antenna_academy_wall_v2_premium.html	503	    ctx.fillStyle="#7dff4f";ctx.fillText("Metasurface / reflectarray unit-cell phase control",18,24);
frontend/public/trfmc_rf_antenna_academy_wall_v2_premium.html	505	    ctx.fillStyle="#7dff4f";ctx.fillText("Wi-Fi PHY comparison: OFDMA, MLO, 4096-QAM",18,24);
frontend/public/trfmc_rf_antenna_academy_wall_v2_premium.html	507	    bands.forEach((b,i)=>{let x=40+i*(w-80)/5;ctx.strokeStyle="#00d9ff";ctx.strokeRect(x,70,110,75);ctx.fillStyle="#cde7ff";ctx.fillText(b,x+12,95);ctx.fillStyle="#ffd500";ctx.fillText(i<1?"256-QAM":i<3?"1024-QAM":"4096-
frontend/public/trfmc_rf_antenna_academy_wall_v2_premium.html	509	    ctx.strokeStyle="#9fb5c9";ctx.lineWidth=3;ctx.strokeRect(w*.44,60,115,260);ctx.strokeRect(w*.68,35,65,320);
frontend/public/trfmc_rf_antenna_academy_wall_v2_premium.html	510	    ctx.fillStyle="#7dff4f";ctx.fillText("Tower / cabinet / ODU / PSU / NIU / ODF / grounding",18,24);
frontend/public/trfmc_rf_antenna_academy_wall_v2_premium.html	511	    [["PSU",w*.46,105],["NIU",w*.46,155],["ODF",w*.46,205],["RRU",w*.68,120],["RET",w*.68,175]].forEach(p=>{ctx.strokeStyle="#00d9ff";ctx.strokeRect(p[1],p[2],70,34);ctx.fillText(p[0],p[1]+20,p[2]+22)});
frontend/public/trfmc_rf_antenna_academy_wall_v2_premium.html	516	  ctx.lineWidth=2;ctx.strokeStyle="#ffd500";ctx.beginPath();
frontend/public/trfmc_rf_antenna_academy_wall_v2_premium.html	528	  ctx.fillStyle="#cde7ff";ctx.font="11px Consolas";ctx.fillText(current==="rfid"?"S11 notch / VSWR":current==="wifi"?"PHY rate / modulation density":"measurement trace",12,20);
frontend/public/trfmc_rf_antenna_academy_wall_v2_premium.html	532	  ctx.font="11px Consolas";ctx.fillStyle="#7dff4f";ctx.strokeStyle="#00d9ff";
frontend/public/trfmc_rf_antenna_academy_wall_v2_premium.html	540	    ctx.strokeStyle="#ff9e3d";ctx.lineWidth=4;for(let i=0;i<6;i++){ctx.strokeRect(w/2-95+i*14,h/2-95+i*14,190-i*28,190-i*28)}ctx.fillText("feed",w/2+70,h/2+105);
frontend/public/trfmc_rf_antenna_academy_wall_v2_premium.html	542	    ctx.fillStyle="#ff9e3d";ctx.beginPath();ctx.moveTo(30,h/2);ctx.lineTo(w-40,45);ctx.lineTo(w-40,h-45);ctx.closePath();ctx.fill();ctx.fillStyle="#7dff4f";ctx.fillText("W(x)=W0e^(Rx)",30,25);
frontend/public/reports/trfmc_v86f_design_token_audit_registry.json	24	      "#42f56f",
frontend/public/reports/trfmc_v86f_design_token_audit_registry.json	28	      "#8ff0ff",
frontend/public/reports/trfmc_v86f_design_token_audit_registry.json	36	      "#fbbf24",
frontend/public/reports/trfmc_v86f_design_token_audit_registry.json	44	      "#ff3b5c",
frontend/public/reports/trfmc_v86f_design_token_audit_registry.json	60	      "#020713",
frontend/public/reports/trfmc_v86f_design_token_audit_registry.json	76	      "#01040b",
frontend/public/reports/trfmc_v86f_design_token_audit_registry.json	80	      "#58d6f9",
frontend/public/reports/trfmc_v86f_design_token_audit_registry.json	92	      "#3fb950",
frontend/public/reports/trfmc_v86f_design_token_audit_registry.json	104	      "#2ea7ff",
frontend/public/reports/trfmc_v86f_design_token_audit_registry.json	112	      "#eaffff",
frontend/public/reports/trfmc_v86f_design_token_audit_registry.json	116	      "#fff",
frontend/public/reports/trfmc_v86f_design_token_audit_registry.json	134	      "ui-monospace,SFMono-Regular,Menlo,Consolas,monospace} body{ background: radial-gradient(circle at 10% 0%,rgba(143,240,255,.14),transparent 30%), radial-gradient(circle at 86% 8%,rgba(66,245,111,.08),transparent 34
frontend/public/reports/trfmc_v86f_design_token_audit_registry.json	138	      "ui-monospace,SFMono-Regular,Menlo,Consolas,monospace} body{ background: radial-gradient(circle at 10% 0%,rgba(143,240,255,.17),transparent 28%), radial-gradient(circle at 84% 8%,rgba(66,245,111,.12),transparent 32
frontend/public/reports/trfmc_v86f_design_token_audit_registry.json	166	      "ui-monospace,SFMono-Regular,Menlo,Consolas,monospace} body{ background: radial-gradient(circle at 12% 0%,rgba(143,240,255,.20),transparent 32%), radial-gradient(circle at 85% 8%,rgba(66,245,111,.12),transparent 34
frontend/public/reports/trfmc_v86f_design_token_audit_registry.json	170	      "ui-monospace,SFMono-Regular,Menlo,Consolas,monospace} body{ background: radial-gradient(circle at 14% 4%,rgba(143,240,255,.10),transparent 30%), radial-gradient(circle at 88% 18%,rgba(66,245,111,.07),transparent 3
frontend/public/reports/trfmc_v86f_design_token_audit_registry.json	671	          "text": "#commands {"
frontend/public/reports/trfmc_v86f_design_token_audit_registry.json	940	          "text": ".v42-status-tile.good b { color: #3fb950; }"
frontend/public/reports/trfmc_v86f_design_token_audit_registry.json	944	          "text": ".v42-status-tile.warn b { color: #d29922; }"
frontend/public/reports/trfmc_v86f_design_token_audit_registry.json	948	          "text": ".v42-status-tile.critical b { color: #ff4d6d; }"
frontend/public/reports/trfmc_v86f_design_token_audit_registry.json	1225	          "text": ".v57-holo-node.n3 { left: 178px; top: 188px; background: #fbbf24; box-shadow: 0 0 20px rgba(251,191,36,.70); }"
frontend/public/reports/trfmc_v86f_design_token_audit_registry.json	2639	          "text": ".v65-head h2{margin:0;color:#8ff0ff;letter-spacing:1px}.v65-head p{margin:8px 0 0;color:rgba(223,248,255,.72);line-height:1.45}"
frontend/public/reports/trfmc_v86f_design_token_audit_registry.json	2643	          "text": ".v65-pill{border:1px solid rgba(66,245,111,.35);color:#42f56f;border-radius:999px;padding:9px 14px;background:rgba(66,245,111,.08);white-space:nowrap}"
frontend/public/reports/trfmc_v86f_design_token_audit_registry.json	2651	          "text": ".v65-card h3{margin:0 0 12px;color:#8ff0ff}.v65-kpis{display:grid;grid-template-columns:repeat(2,1fr);gap:8px}"
frontend/public/reports/trfmc_v86f_design_token_audit_registry.json	2659	          "text": ".v65-kpis span{display:block;color:rgba(223,248,255,.55);font-size:10px}.v65-kpis b{display:block;color:#42f56f;margin-top:5px;font-size:18px}"
frontend/public/reports/trfmc_v86f_design_token_audit_registry.json	2663	          "text": ".v65-flow,.v65-fault{display:grid;gap:8px}.v65-flow b{color:#42f56f}.v65-fault b{color:#8ff0ff}"
frontend/public/reports/trfmc_v86f_design_token_audit_registry.json	2667	          "text": ".v65-actions{display:flex;gap:10px;flex-wrap:wrap;margin-top:16px}.v65-actions a{text-decoration:none;border:1px solid rgba(143,240,255,.24);color:#8ff0ff;background:rgba(143,240,2"
frontend/public/reports/trfmc_v86f_design_token_audit_registry.json	2671	          "text": ".v65-actions a:hover{border-color:rgba(66,245,111,.42);color:#42f56f}"
frontend/public/reports/trfmc_v86f_design_token_audit_registry.json	2792	          "text": "*{box-sizing:border-box}body{margin:0;background:#020713;color:#e9f8ff;font-family:ui-monospace,SFMono-Regular,Menlo,Consolas,monospace;overflow-x:hidden}"
frontend/public/reports/trfmc_v86f_design_token_audit_registry.json	2806	          "text": ".brand{display:flex;gap:12px;align-items:center}.orb{width:34px;height:34px;border-radius:50%;background:radial-gradient(circle,#8ff0ff,transparent 62%);box-shadow:0 0 32px rgba(14"
frontend/public/reports/trfmc_v86f_design_token_audit_registry.json	2810	          "text": "nav{display:flex;gap:8px;flex-wrap:wrap}nav a,.actions button{color:#8ff0ff;border:1px solid rgba(143,240,255,.32);background:rgba(143,240,255,.07);border-radius:999px;padding:8px "
frontend/public/reports/trfmc_v86f_design_token_audit_registry.json	2830	          "text": ".tower{position:absolute;left:22%;bottom:12%;width:210px;height:530px}.mast{position:absolute;left:98px;bottom:0;width:12px;height:510px;background:linear-gradient(#8ff0ff,#42f56f)"
frontend/public/reports/trfmc_v86f_design_token_audit_registry.json	2834	          "text": ".hotspot{position:absolute;border:1px solid rgba(143,240,255,.42);background:rgba(2,8,18,.75);color:#8ff0ff;border-radius:14px;padding:8px;font-family:inherit;font-size:10px;font-w"
frontend/public/reports/trfmc_v86f_design_token_audit_registry.json	2846	          "text": ".mw-link{position:absolute;left:37%;top:55%;width:44%;height:3px;background:linear-gradient(90deg,#8ff0ff,transparent);transform:rotate(-18deg);box-shadow:0 0 18px rgba(143,240,255"
frontend/public/reports/trfmc_v86f_design_token_audit_registry.json	2971	          "text": "*{box-sizing:border-box}body{margin:0;background:#020713;color:#e9f8ff;font-family:ui-monospace,SFMono-Regular,Menlo,Consolas,monospace}body:before{content:\"\";position:fixed;inset:"
frontend/public/reports/trfmc_v86f_design_token_audit_registry.json	2981	          "text": "nav{display:flex;gap:8px;flex-wrap:wrap}nav a,.actions a{color:#8ff0ff;border:1px solid rgba(143,240,255,.32);background:rgba(143,240,255,.07);border-radius:999px;padding:8px 11px;"
frontend/public/reports/trfmc_v86f_design_token_audit_registry.json	3003	          "text": "*{box-sizing:border-box} body{margin:0;background:#020814;color:#e7f8ff;font-family:ui-monospace,SFMono-Regular,Menlo,Consolas,monospace}"
frontend/public/reports/trfmc_v86f_design_token_audit_registry.json	3017	          "text": ".brand{display:flex;gap:12px;align-items:center}.orb{width:34px;height:34px;border-radius:50%;background:radial-gradient(circle,#8ff0ff,transparent 62%);box-shadow:0 0 30px #58d6f9"
frontend/public/reports/trfmc_v86f_design_token_audit_registry.json	3021	          "text": "nav{display:flex;gap:8px;flex-wrap:wrap}nav a,.actions a{color:#72e6ff;text-decoration:none;border:1px solid rgba(88,214,249,.36);border-radius:999px;padding:8px 12px;background:rg"
frontend/public/reports/trfmc_v86f_design_token_audit_registry.json	3029	          "text": ".eyebrow{display:inline-block;color:#42f56f;border:1px solid rgba(66,245,111,.4);border-radius:999px;padding:7px 12px;font-weight:900;font-size:11px}h1{font-size:clamp(42px,5vw,82p"
frontend/public/reports/trfmc_v86f_design_token_audit_registry.json	3049	          "text": ".roadmap{margin-top:12px;border:1px solid rgba(88,214,249,.28);border-radius:24px;padding:18px;background:rgba(3,13,28,.82)}.roadmap h2{color:#42f56f}.roadmap div{display:grid;grid"
frontend/public/reports/trfmc_v86f_design_token_audit_registry.json	3053	          "text": "footer{margin:12px;border:1px solid rgba(88,214,249,.2);border-radius:999px;padding:12px;text-align:center;color:#8ea6b8}"
frontend/public/reports/trfmc_v86f_design_token_audit_registry.json	3366	          "text": "*{box-sizing:border-box}body{margin:0;background:#020713;color:#e9f8ff;font-family:ui-monospace,SFMono-Regular,Menlo,Consolas,monospace;overflow-x:hidden}body:before{content:\"\";pos"
frontend/public/reports/trfmc_v86f_design_token_audit_registry.json	3376	          "text": "nav{display:flex;gap:8px;flex-wrap:wrap}nav a,.actions button{color:#8ff0ff;border:1px solid rgba(143,240,255,.32);background:rgba(143,240,255,.07);border-radius:999px;padding:8px "
frontend/public/reports/trfmc_v86f_design_token_audit_registry.json	3392	          "text": ".tower{position:absolute;left:8%;bottom:14%;width:90px;height:360px}.mast{position:absolute;left:43px;bottom:0;width:8px;height:330px;background:#8ff0ff;box-shadow:0 0 20px rgba(14"
frontend/public/reports/trfmc_v86f_design_token_audit_registry.json	3404	          "text": ".ray{position:absolute;height:2px;background:linear-gradient(90deg,#42f56f,transparent);transform-origin:left center;box-shadow:0 0 14px rgba(66,245,111,.4)}.los{left:15%;top:34%;w"
frontend/public/reports/trfmc_v86f_design_token_audit_registry.json	3647	          "text": "#v68_gl {"
frontend/public/reports/trfmc_v86f_design_token_audit_registry.json	3679	          "text": ".brand b { display: block; font-size: 13px; letter-spacing: .16em; color: #fff; }"
frontend/public/reports/trfmc_v86f_design_token_audit_registry.json	3855	          "text": "#v69_canvas{"
frontend/public/reports/trfmc_v86f_design_token_audit_registry.json	3891	          "text": ".v69-brand b{display:block;font-size:13px;letter-spacing:.16em;color:#fff}"
frontend/public/reports/trfmc_v86f_design_token_audit_registry.json	4435	          "text": "body.v81c-r2-physics .metric strong#riskVal.risk-low { color:var(--r2-green); }"
frontend/public/reports/trfmc_v86f_design_token_audit_registry.json	4439	          "text": "body.v81c-r2-physics .metric strong#riskVal.risk-medium { color:var(--r2-amber); }"
frontend/public/reports/trfmc_v86f_design_token_audit_registry.json	4443	          "text": "body.v81c-r2-physics .metric strong#riskVal.risk-high { color:#ff8a3d; }"
frontend/public/reports/trfmc_v86f_design_token_audit_registry.json	4447	          "text": "body.v81c-r2-physics .metric strong#riskVal.risk-critical {"
frontend/public/reports/trfmc_v86f_design_token_audit_registry.json	5307	          "text": "body.v83e-readability #rfCanvas {"
frontend/public/reports/trfmc_v86f_design_token_audit_registry.json	5394	          "text": "body.v83f-dual #rfCanvas {"
frontend/public/reports/trfmc_v86f_design_token_audit_registry.json	5426	          "text": "#v83fProfileCanvas {"
frontend/public/reports/trfmc_v86f_design_token_audit_registry.json	6513	          "text": "body.v84j-theater #fieldCanvas {"
frontend/public/reports/trfmc_v86f_design_token_audit_registry.json	6517	          "text": "#rf4dOverlayCanvas {"
frontend/public/reports/trfmc_v86f_design_token_audit_registry.json	6632	          "text": "body.mode-clean #rf4dOverlayCanvas {"
frontend/public/reports/trfmc_v86f_design_token_audit_registry.json	6636	          "text": "body.mode-4d #rf4dOverlayCanvas {"
frontend/public/reports/trfmc_v86f_design_token_audit_registry.json	6640	          "text": "body.mode-teach #rf4dOverlayCanvas {"
frontend/public/reports/trfmc_v86f_design_token_audit_registry.json	6850	          "text": "body.v84m-baseline #fieldCanvas {"
frontend/public/reports/trfmc_v86f_design_token_audit_registry.json	7608	          "text": ".brand b{display:block;font-size:12px;letter-spacing:.17em;color:#fff}"
frontend/public/reports/trfmc_v86f_design_token_audit_registry.json	7676	          "text": "body.v66-shell{margin:0;background:#020713;color:#dff8ff;font-family:Consolas,monospace;overflow-x:hidden}"
frontend/public/reports/trfmc_v86f_design_token_audit_registry.json	7688	          "text": ".v66-brand{display:flex;align-items:center;gap:12px}.v66-orb{width:34px;height:34px;border-radius:50%;background:radial-gradient(circle,#8ff0ff,transparent 62%);box-shadow:0 0 32px"
frontend/public/reports/trfmc_v86f_design_token_audit_registry.json	7692	          "text": "nav{display:flex;gap:8px;flex-wrap:wrap}nav a{color:#8ff0ff;border:1px solid rgba(143,240,255,.28);background:rgba(143,240,255,.065);border-radius:999px;padding:8px 11px;text-decor"
frontend/public/reports/trfmc_v86f_design_token_audit_registry.json	7708	          "text": ".v66-panel-head{display:flex;justify-content:space-between;align-items:center}.v66-panel-head h2,.v66-side-panel h2,.v66-knowledge h3{margin:0 0 12px;color:#8ff0ff}.v66-panel-head "
frontend/public/reports/trfmc_v86f_design_token_audit_registry.json	7712	          "text": ".v66-canvas-wrap{position:relative;border:1px solid rgba(143,240,255,.28);border-radius:22px;overflow:hidden;background:#01050d;box-shadow:inset 0 0 90px rgba(143,240,255,.05)}#v66"
frontend/public/reports/trfmc_v86f_design_token_audit_registry.json	7716	          "text": ".v66-side-panel label{display:block;color:#9fb4c2;font-size:10px;text-transform:uppercase;margin:14px 0 6px}.v66-side-panel input,.v66-side-panel select{width:100%;background:rgba("
frontend/public/signal_demod_v581.html	4	body{margin:0;background:#020617;color:#dff7ff;font-family:Inter,Segoe UI,Arial,sans-serif}.top{padding:14px 18px;border-bottom:1px solid #1e3a5f;background:#050b16;position:sticky;top:0}.sub{color:#8db4c9;font-size:12px
frontend/public/signal_demod_v581.html	18	function drawSpectrum(points){const c=$('spectrum'),ctx=c.getContext('2d'),w=c.width,h=c.height;ctx.fillStyle='#020617';ctx.fillRect(0,0,w,h);if(!points||!points.length)return;const minF=points[0].freq_hz,maxF=points[poi
frontend/public/trfmc_reset_browser_state_v6r1.html	3	<body style="background:#02070f;color:#eaf3ff;font-family:Segoe UI;padding:30px">
frontend/public/trfmc_reset_browser_state_v6r1.html	6	<a style="color:#ffd500" href="/trfmc_official_safe_entrypoint_v6r1_flat.html">Apri V6R1 Flat</a>
frontend/public/trfmc_signal_intelligence_center_v1.html	9	  --bg:#02070d;--panel:#071827;--panel2:#0a2135;--line:#0b75a8;--line2:#0ff0ff;
frontend/public/trfmc_signal_intelligence_center_v1.html	10	  --ok:#75ff5b;--warn:#ffd84d;--bad:#ff3d7f;--txt:#dff8ff;--muted:#7fa3b7;
frontend/public/trfmc_signal_intelligence_center_v1.html	11	  --blue:#1aa8ff;--gold:#ffd400;--violet:#b772ff;
frontend/public/trfmc_signal_intelligence_center_v1.html	14	html,body{margin:0;height:100%;background:radial-gradient(circle at 50% 0,#06213a 0,#02070d 42%,#00050a 100%);color:var(--txt);font-family:Inter,Segoe UI,Arial,sans-serif;overflow:hidden}
frontend/public/trfmc_signal_intelligence_center_v1.html	20	.top{display:grid;grid-template-columns:1.3fr auto;align-items:center;border:1px solid #0b5f8a;background:linear-gradient(180deg,#071827,#020811);box-shadow:0 0 28px rgba(0,180,255,.18);padding:9px 12px}
frontend/public/trfmc_signal_intelligence_center_v1.html	24	button,select,input{background:#0b2238;border:1px solid #1175a5;color:var(--txt);border-radius:4px;padding:7px 10px;font-size:12px}
frontend/public/trfmc_signal_intelligence_center_v1.html	28	.kpi{border:1px solid #0b5f8a;background:linear-gradient(180deg,#092037,#04101b);padding:7px 9px;min-height:78px;box-shadow:inset 0 0 18px rgba(0,160,255,.06)}
frontend/public/trfmc_signal_intelligence_center_v1.html	29	.kpi .l{font-size:9px;color:#80bad0;text-transform:uppercase;letter-spacing:.8px}
frontend/public/trfmc_signal_intelligence_center_v1.html	33	.panel{border:1px solid #0b5f8a;background:rgba(3,14,24,.92);box-shadow:inset 0 0 22px rgba(0,150,255,.06),0 0 16px rgba(0,130,255,.08);min-height:0;overflow:hidden;position:relative}
frontend/public/trfmc_signal_intelligence_center_v1.html	34	.panel h2{margin:0;padding:8px 10px;border-bottom:1px solid #0b5f8a;color:#00e5ff;font-size:13px;text-transform:uppercase;letter-spacing:.8px;background:#061625}
frontend/public/trfmc_signal_intelligence_center_v1.html	36	.label{font-size:10px;color:#8fc0d2;text-transform:uppercase;margin:10px 0 4px}
frontend/public/trfmc_signal_intelligence_center_v1.html	38	fieldset{border:1px solid #123f5d;border-radius:6px;margin:0 0 8px;padding:8px;background:#061523}
frontend/public/trfmc_signal_intelligence_center_v1.html	42	.stage{border:1px solid #135c82;background:#061827;padding:8px 5px;text-align:center;min-height:58px;position:relative}
frontend/public/trfmc_signal_intelligence_center_v1.html	43	.stage b{display:block;font-size:11px;color:#fff}
frontend/public/trfmc_signal_intelligence_center_v1.html	46	.canvasBox{height:330px;border:1px solid #0d6f9e;background:#020b12;position:relative;margin-bottom:6px}
frontend/public/trfmc_signal_intelligence_center_v1.html	48	.overlay{position:absolute;left:8px;top:8px;font-family:monospace;font-size:11px;color:var(--ok);background:rgba(0,0,0,.35);border:1px solid #154e34;padding:5px 7px}
frontend/public/trfmc_signal_intelligence_center_v1.html	51	.card{border:1px solid #104e73;background:#061625;padding:8px;border-radius:4px}
frontend/public/trfmc_signal_intelligence_center_v1.html	52	.card h3{margin:0 0 7px;font-size:12px;color:#00e5ff}
frontend/public/trfmc_signal_intelligence_center_v1.html	53	.mini{font-family:monospace;font-size:11px;color:#b9eaff;line-height:1.45}
frontend/public/trfmc_signal_intelligence_center_v1.html	56	.table th,.table td{border-bottom:1px solid #12344c;padding:5px;text-align:left}
frontend/public/trfmc_signal_intelligence_center_v1.html	57	.table th{color:#83cfff;font-weight:600}
frontend/public/trfmc_signal_intelligence_center_v1.html	58	.bar{height:8px;background:#082035;border:1px solid #11496a;margin-top:4px}
frontend/public/trfmc_signal_intelligence_center_v1.html	59	.bar i{display:block;height:100%;background:linear-gradient(90deg,#12e1ff,#75ff5b)}
frontend/public/trfmc_signal_intelligence_center_v1.html	60	.log{height:190px;background:#02070d;border:1px solid #123f5d;padding:7px;overflow:auto;font-family:monospace;font-size:10px;color:#bcecff}
frontend/public/trfmc_signal_intelligence_center_v1.html	61	.formula{font-family:Cambria,serif;font-size:17px;color:#fff;background:#061523;border:1px solid #174e73;padding:8px;margin:6px 0;border-radius:4px}
frontend/public/trfmc_signal_intelligence_center_v1.html	62	.badge{display:inline-block;border:1px solid #1c7ba8;background:#092238;padding:3px 6px;border-radius:4px;margin:2px;font-size:10px}
frontend/public/trfmc_signal_intelligence_center_v1.html	63	.radar{height:210px;border:1px solid #0d6f9e;background:radial-gradient(circle at 50% 50%,rgba(0,255,120,.12),rgba(0,0,0,.2) 32%,transparent 33%),#020b12}
frontend/public/trfmc_signal_intelligence_center_v1.html	64	.footerStatus{position:absolute;right:8px;bottom:6px;color:var(--ok);font-family:monospace;font-size:10px;border:1px solid #1d7c33;padding:3px 6px;background:#04110a}
frontend/public/trfmc_signal_intelligence_center_v1.html	212	            <canvas id="constel" style="height:180px;border:1px solid #0d6f9e;background:#020b12"></canvas>
frontend/public/trfmc_signal_intelligence_center_v1.html	333	  ctx.fillStyle="#020b12"; ctx.fillRect(0,0,w,h);
frontend/public/trfmc_signal_intelligence_center_v1.html	337	  ctx.strokeStyle="#ffe100"; ctx.lineWidth=1.5; ctx.beginPath();
frontend/public/trfmc_signal_intelligence_center_v1.html	348	  ctx.strokeStyle="#00e5ff"; ctx.lineWidth=1; ctx.beginPath();
frontend/public/trfmc_signal_intelligence_center_v1.html	359	  ctx.fillStyle="#7fa3b7"; ctx.font="10px monospace";
frontend/public/trfmc_signal_intelligence_center_v1.html	371	    ctx.fillStyle="#75ff5b";
frontend/public/trfmc_signal_intelligence_center_v1.html	385	  ctx.strokeStyle="#ffd400";ctx.lineWidth=2;
frontend/public/trfmc_signal_intelligence_center_v1.html	387	  ctx.strokeStyle="#75ff5b";
frontend/public/trfmc_signal_intelligence_center_v1.html	389	  ctx.fillStyle="#75ff5b";ctx.font="10px monospace";
frontend/public/scenario_runner_console_v16.html	11	      --cyan:#58d6f9;
frontend/public/scenario_runner_console_v16.html	12	      --amber:#d29922;
frontend/public/scenario_runner_console_v16.html	13	      --red:#ff4d6d;
frontend/public/scenario_runner_console_v16.html	14	      --green:#3fb950;
frontend/public/scenario_runner_console_v16.html	15	      --text:#edf8ff;
frontend/public/scenario_runner_console_v16.html	16	      --muted:#8da4b3;
frontend/public/scenario_runner_console_v16.html	25	        linear-gradient(135deg,#020711,#06111d 50%,#02040a);
frontend/public/scenario_runner_console_v16.html	121	      color:#e8f6ff;
frontend/public/rfpro_fullband_v586.html	9	  --bg:#020611;--panel:#071522;--line:#07536b;--txt:#e7fbff;--muted:#8ab6c8;
frontend/public/rfpro_fullband_v586.html	10	  --cyan:#00e5ff;--green:#36ff7d;--yellow:#ffd166;--orange:#ff9f1c;--red:#fb7185;
frontend/public/rfpro_fullband_v586.html	13	body{margin:0;background:radial-gradient(circle at 10% 0%,rgba(0,229,255,.15),transparent 28%),linear-gradient(180deg,#030914,#00040a 82%);color:var(--txt);font-family:Inter,Segoe UI,Arial,sans-serif}
frontend/public/rfpro_fullband_v586.html	16	.badge{display:inline-block;border:1px solid var(--line);border-radius:999px;padding:6px 10px;background:#04101b;color:var(--muted);font-size:12px;font-weight:800;margin:8px 4px 0 0}.ok{color:var(--green);border-color:rg
frontend/public/rfpro_fullband_v586.html	20	input,select{width:100%;background:#020a11;color:var(--txt);border:1px solid #16627a;border-radius:9px;padding:8px 9px;font-size:13px}
frontend/public/rfpro_fullband_v586.html	21	button{background:#062b39;border:1px solid var(--cyan);color:var(--txt);border-radius:9px;padding:8px 9px;font-size:12px;font-weight:800;cursor:pointer;margin:3px 2px}
frontend/public/rfpro_fullband_v586.html	22	button.good{background:#06341d;border-color:var(--green);color:var(--green)}button.warn{background:#3a2604;border-color:var(--yellow);color:var(--yellow)}button.orange{background:#3b1f04;border-color:var(--orange);color:
frontend/public/rfpro_fullband_v586.html	24	.kpis{display:grid;grid-template-columns:repeat(8,1fr);gap:8px;margin-bottom:10px}.kpi{border:1px solid #16445b;border-radius:10px;background:#020a11;padding:8px}.kpi span{display:block;color:var(--muted);font-size:10px;
frontend/public/rfpro_fullband_v586.html	25	canvas{display:block;width:100%;background:#02040a;border:1px solid #0f4058;border-radius:12px}
frontend/public/rfpro_fullband_v586.html	26	#spectrum{height:500px;cursor:crosshair}#waterfall{height:190px;margin-top:8px}#zerospan{height:170px}
frontend/public/rfpro_fullband_v586.html	27	.log{background:#02070d;border:1px solid #123c55;border-radius:10px;padding:9px;white-space:pre-wrap;overflow:auto;font:12px ui-monospace,Menlo,Consolas,monospace;color:#bdfbea;height:230px}
frontend/public/rfpro_fullband_v586.html	29	.tabs{display:flex;gap:6px;flex-wrap:wrap}.tab{border:1px solid #16445b;border-radius:10px;padding:7px 9px;background:#020a11;color:#bfefff;cursor:pointer;font-weight:800;font-size:12px}
frontend/public/rfpro_fullband_v586.html	30	@media(max-width:1450px){.main{grid-template-columns:1fr}.kpis{grid-template-columns:repeat(2,1fr)}#spectrum{height:380px}}
frontend/public/rfpro_fullband_v586.html	101	 const c=$('spectrum'),ctx=c.getContext('2d'),w=c.width,h=c.height;ctx.fillStyle='#02040a';ctx.fillRect(0,0,w,h);
frontend/public/rfpro_fullband_v586.html	105	 ctx.strokeStyle='#00e5ff';ctx.lineWidth=2;ctx.beginPath();trace.forEach((db,i)=>{const x=i/(trace.length-1)*w,y=h-((db-minDb)/(maxDb-minDb+1e-9))*h;if(i===0)ctx.moveTo(x,y);else ctx.lineTo(x,y)});ctx.stroke();
frontend/public/rfpro_fullband_v586.html	107	 if(cursorA)drawCursor(cursorA,'#36ff7d','A'); if(cursorB)drawCursor(cursorB,'#ff9f1c','B');
frontend/public/rfpro_fullband_v586.html	113	 function drawBand(a,b,col,label){const x1=freqToX(a,w),x2=freqToX(b,w);ctx.fillStyle=col;ctx.fillRect(Math.min(x1,x2),0,Math.abs(x2-x1),h);ctx.fillStyle='#ffd166';ctx.fillText(label,Math.min(x1,x2)+6,h-12)}
frontend/public/rfpro_fullband_v586.html	123	function renderZero(){const c=$('zerospan'),ctx=c.getContext('2d'),w=c.width,h=c.height;ctx.fillStyle='#02040a';ctx.fillRect(0,0,w,h);if(!zero.length)return;const vals=zero.map(z=>z.v),min=Math.min(...vals),max=Math.max(
frontend/public/rf_telco_knowledge_os_v60.html	50	      <a href="#journey">End-to-End</a>
frontend/public/rf_telco_knowledge_os_v60.html	51	      <a href="#propagation">Propagation</a>
frontend/public/rf_telco_knowledge_os_v60.html	52	      <a href="#infra">Infrastructure Twin</a>
frontend/public/rf_telco_knowledge_os_v60.html	53	      <a href="#em">EM Physics</a>
frontend/public/rf_telco_knowledge_os_v60.html	54	      <a href="#automation">RF Automation</a>
frontend/public/trfmc_rf_pro_signal_intelligence_lab_v1.html	15	.source-panel h2{color:#00e5ff;font-size:13px;text-transform:uppercase;letter-spacing:.10em}
frontend/public/trfmc_rf_pro_signal_intelligence_lab_v1.html	18	th{color:#00e5ff;background:rgba(0,229,255,.06)}
frontend/public/trfmc_antenna_system_explorer_v16r2_clean_dock_layout.html	9	  --bg:#01070f;--panel:#061120;--panel2:#0a1a2d;--line:#1774a6;--line2:#245b7d;
frontend/public/trfmc_antenna_system_explorer_v16r2_clean_dock_layout.html	10	  --text:#eaf3ff;--muted:#87a8c6;--cyan:#00d9ff;--green:#7dff4f;
frontend/public/trfmc_antenna_system_explorer_v16r2_clean_dock_layout.html	11	  --yellow:#ffd500;--red:#ff3366;--blue:#268cff;--orange:#ff9e3d;
frontend/public/trfmc_antenna_system_explorer_v16r2_clean_dock_layout.html	15	  margin:0;background:#01060d;color:var(--text);
frontend/public/trfmc_antenna_system_explorer_v16r2_clean_dock_layout.html	19	  height:54px;background:#050b13;border-bottom:1px solid var(--line);
frontend/public/trfmc_antenna_system_explorer_v16r2_clean_dock_layout.html	25	  color:var(--text);text-decoration:none;border:1px solid #1d6f9f;
frontend/public/trfmc_antenna_system_explorer_v16r2_clean_dock_layout.html	26	  background:#0a1828;border-radius:4px;padding:6px 9px;cursor:pointer;
frontend/public/trfmc_antenna_system_explorer_v16r2_clean_dock_layout.html	34	  background:linear-gradient(180deg,#071524,#02070f);
frontend/public/trfmc_antenna_system_explorer_v16r2_clean_dock_layout.html	35	  border:1px solid #1d5e86;border-radius:6px;overflow:hidden;
frontend/public/trfmc_antenna_system_explorer_v16r2_clean_dock_layout.html	38	  background:#0a1b2e;border-bottom:1px solid #1d5e86;color:var(--cyan);
frontend/public/trfmc_antenna_system_explorer_v16r2_clean_dock_layout.html	42	.ctrl{border:1px solid #183d58;background:#081522;border-radius:5px;padding:7px;margin-bottom:7px}
frontend/public/trfmc_antenna_system_explorer_v16r2_clean_dock_layout.html	46	select{background:#10233a;color:var(--text);border:1px solid #285d82;border-radius:4px;padding:6px}
frontend/public/trfmc_antenna_system_explorer_v16r2_clean_dock_layout.html	48	  width:100%;background:#10233a;color:var(--text);border:1px solid #285d82;
frontend/public/trfmc_antenna_system_explorer_v16r2_clean_dock_layout.html	51	button.active,button:hover{background:#145078;border-color:var(--cyan);box-shadow:inset 3px 0 0 var(--yellow)}
frontend/public/trfmc_antenna_system_explorer_v16r2_clean_dock_layout.html	54	  border:1px solid #0e88bf;background:linear-gradient(90deg,#071626,#0a1828,#071626);
frontend/public/trfmc_antenna_system_explorer_v16r2_clean_dock_layout.html	58	  background:linear-gradient(180deg,#091b2e,#07111f);border:1px solid #214c6a;
frontend/public/trfmc_antenna_system_explorer_v16r2_clean_dock_layout.html	68	.frame{background:#02070f;border:1px solid #1d5e86;border-radius:6px;overflow:hidden;position:relative}
frontend/public/trfmc_antenna_system_explorer_v16r2_clean_dock_layout.html	70	  margin:0;background:#0a1b2e;border-bottom:1px solid #1d5e86;
frontend/public/trfmc_antenna_system_explorer_v16r2_clean_dock_layout.html	74	#siteFrame{grid-column:1/3}
frontend/public/trfmc_antenna_system_explorer_v16r2_clean_dock_layout.html	81	  background:#061120d9;border:1px solid #1d5e86;border-radius:5px;padding:5px 8px;
frontend/public/trfmc_antenna_system_explorer_v16r2_clean_dock_layout.html	86	  border:1px solid #183d58;background:#081522;border-radius:5px;padding:7px;margin-bottom:6px;
frontend/public/trfmc_antenna_system_explorer_v16r2_clean_dock_layout.html	87	  font-family:ui-monospace,monospace;color:#d3e8ff;
frontend/public/trfmc_antenna_system_explorer_v16r2_clean_dock_layout.html	91	.log div{border-bottom:1px solid #17344c;padding:4px 0;color:#cde7ff}
frontend/public/trfmc_antenna_system_explorer_v16r2_clean_dock_layout.html	92	.alarm{border:1px solid #183d58;background:#081522;border-radius:5px;padding:8px;color:var(--green)}
frontend/public/trfmc_antenna_system_explorer_v16r2_clean_dock_layout.html	99	  #siteFrame{grid-column:auto}
frontend/public/trfmc_antenna_system_explorer_v16r2_clean_dock_layout.html	145	  color:#7dff4f;
frontend/public/trfmc_antenna_system_explorer_v16r2_clean_dock_layout.html	149	  border:1px solid #183d58;
frontend/public/trfmc_antenna_system_explorer_v16r2_clean_dock_layout.html	150	  background:#081522;
frontend/public/trfmc_antenna_system_explorer_v16r2_clean_dock_layout.html	157	  color:#ffd500;
frontend/public/trfmc_antenna_system_explorer_v16r2_clean_dock_layout.html	166	  color:#cde7ff;
frontend/public/trfmc_antenna_system_explorer_v16r2_clean_dock_layout.html	170	.opPanel .opRow span:last-child{color:#7dff4f}
frontend/public/trfmc_antenna_system_explorer_v16r2_clean_dock_layout.html	172	  border-color:#ffd500;
frontend/public/trfmc_antenna_system_explorer_v16r2_clean_dock_layout.html	173	  box-shadow:inset 0 -3px 0 #ffd500, 0 0 18px rgba(255,213,0,.18);
frontend/public/trfmc_antenna_system_explorer_v16r2_clean_dock_layout.html	176	  border-color:#ffd500;
frontend/public/trfmc_antenna_system_explorer_v16r2_clean_dock_layout.html	196	  background:linear-gradient(180deg,#09223a,#06111f);
frontend/public/trfmc_antenna_system_explorer_v16r2_clean_dock_layout.html	203	  color:#87a8c6;
frontend/public/trfmc_antenna_system_explorer_v16r2_clean_dock_layout.html	210	  color:#eaf3ff;
frontend/public/trfmc_antenna_system_explorer_v16r2_clean_dock_layout.html	216	  color:#7dff4f;
frontend/public/trfmc_antenna_system_explorer_v16r2_clean_dock_layout.html	220	.icCell.warn em{color:#ffd500}
frontend/public/trfmc_antenna_system_explorer_v16r2_clean_dock_layout.html	221	.icCell.bad em{color:#ff3366}
frontend/public/trfmc_antenna_system_explorer_v16r2_clean_dock_layout.html	223	  border:1px solid #183d58;
frontend/public/trfmc_antenna_system_explorer_v16r2_clean_dock_layout.html	224	  background:#081522;
frontend/public/trfmc_antenna_system_explorer_v16r2_clean_dock_layout.html	232	  border-bottom:1px solid #183d58;
frontend/public/trfmc_antenna_system_explorer_v16r2_clean_dock_layout.html	233	  color:#00d9ff;
frontend/public/trfmc_antenna_system_explorer_v16r2_clean_dock_layout.html	234	  background:#0a1b2e;
frontend/public/trfmc_antenna_system_explorer_v16r2_clean_dock_layout.html	249	  color:#cde7ff;
frontend/public/trfmc_antenna_system_explorer_v16r2_clean_dock_layout.html	251	.icRow strong{color:#ffd500;font-weight:600}
frontend/public/trfmc_antenna_system_explorer_v16r2_clean_dock_layout.html	252	.icRow b{color:#7dff4f}
frontend/public/trfmc_antenna_system_explorer_v16r2_clean_dock_layout.html	253	.icRow.bad b{color:#ff3366}
frontend/public/trfmc_antenna_system_explorer_v16r2_clean_dock_layout.html	254	.icRow.warn b{color:#ffd500}
frontend/public/trfmc_antenna_system_explorer_v16r2_clean_dock_layout.html	263	  background:#02070f;
frontend/public/trfmc_antenna_system_explorer_v16r2_clean_dock_layout.html	264	  border:1px solid #285d82;
frontend/public/trfmc_antenna_system_explorer_v16r2_clean_dock_layout.html	265	  color:#eaf3ff;
frontend/public/trfmc_antenna_system_explorer_v16r2_clean_dock_layout.html	299	  color:#00d9ff;
frontend/public/trfmc_antenna_system_explorer_v16r2_clean_dock_layout.html	314	.icMatrix th{color:#87a8c6}
frontend/public/trfmc_antenna_system_explorer_v16r2_clean_dock_layout.html	315	.icMatrix td:last-child{color:#7dff4f;text-align:right}
frontend/public/trfmc_antenna_system_explorer_v16r2_clean_dock_layout.html	350	  color:#7dff4f;
frontend/public/trfmc_antenna_system_explorer_v16r2_clean_dock_layout.html	361	  background:#081522;
frontend/public/trfmc_antenna_system_explorer_v16r2_clean_dock_layout.html	366	  color:#87a8c6;
frontend/public/trfmc_antenna_system_explorer_v16r2_clean_dock_layout.html	371	  color:#eaf3ff;
frontend/public/trfmc_antenna_system_explorer_v16r2_clean_dock_layout.html	389	  color:#87a8c6;
frontend/public/trfmc_antenna_system_explorer_v16r2_clean_dock_layout.html	393	.icStatusLine b{color:#7dff4f}
frontend/public/trfmc_antenna_system_explorer_v16r2_clean_dock_layout.html	418	  color:#00d9ff;
frontend/public/trfmc_antenna_system_explorer_v16r2_clean_dock_layout.html	430	  background:linear-gradient(180deg,#071626,#02070f);
frontend/public/trfmc_antenna_system_explorer_v16r2_clean_dock_layout.html	436	  color:#87a8c6;
frontend/public/trfmc_antenna_system_explorer_v16r2_clean_dock_layout.html	442	  color:#eaf3ff;
frontend/public/trfmc_antenna_system_explorer_v16r2_clean_dock_layout.html	445	.v16Metric.pass b{color:#7dff4f}
frontend/public/trfmc_antenna_system_explorer_v16r2_clean_dock_layout.html	446	.v16Metric.warn b{color:#ffd500}
frontend/public/trfmc_antenna_system_explorer_v16r2_clean_dock_layout.html	447	.v16Metric.fail b{color:#ff3366}
frontend/public/trfmc_antenna_system_explorer_v16r2_clean_dock_layout.html	459	.v16Acceptance th{color:#87a8c6}
frontend/public/trfmc_antenna_system_explorer_v16r2_clean_dock_layout.html	460	.v16Acceptance td:last-child{text-align:right;color:#7dff4f}
frontend/public/trfmc_antenna_system_explorer_v16r2_clean_dock_layout.html	461	.v16Acceptance tr.fail td:last-child{color:#ff3366}
frontend/public/trfmc_antenna_system_explorer_v16r2_clean_dock_layout.html	462	.v16Acceptance tr.warn td:last-child{color:#ffd500}
frontend/public/trfmc_antenna_system_explorer_v16r2_clean_dock_layout.html	480	  background:#081522;
frontend/public/trfmc_antenna_system_explorer_v16r2_clean_dock_layout.html	485	.v16BottomCell span{display:block;color:#87a8c6;font-size:8px;text-transform:uppercase}
frontend/public/trfmc_antenna_system_explorer_v16r2_clean_dock_layout.html	486	.v16BottomCell b{display:block;color:#7dff4f;font-size:12px}
frontend/public/trfmc_antenna_system_explorer_v16r2_clean_dock_layout.html	488	  border:1px solid #183d58;
frontend/public/trfmc_antenna_system_explorer_v16r2_clean_dock_layout.html	489	  background:#081522;
frontend/public/trfmc_antenna_system_explorer_v16r2_clean_dock_layout.html	496	  color:#ffd500;
frontend/public/trfmc_antenna_system_explorer_v16r2_clean_dock_layout.html	508	  border-color:#ffd500!important;
frontend/public/trfmc_antenna_system_explorer_v16r2_clean_dock_layout.html	509	  box-shadow:inset 3px 0 0 #ffd500;
frontend/public/trfmc_antenna_system_explorer_v16r2_clean_dock_layout.html	515	  background:#02070f;
frontend/public/trfmc_antenna_system_explorer_v16r2_clean_dock_layout.html	526	#v16Scope{
frontend/public/trfmc_antenna_system_explorer_v16r2_clean_dock_layout.html	535	#v16Scope .v16Glass{
frontend/public/trfmc_antenna_system_explorer_v16r2_clean_dock_layout.html	538	#v16Scope .v16Glass:nth-child(2){
frontend/public/trfmc_antenna_system_explorer_v16r2_clean_dock_layout.html	541	#v16Scope .v16Glass:nth-child(3){
frontend/public/trfmc_antenna_system_explorer_v16r2_clean_dock_layout.html	544	#icMeasureOverlay{
frontend/public/trfmc_antenna_system_explorer_v16r2_clean_dock_layout.html	549	#icMatrix{
frontend/public/trfmc_antenna_system_explorer_v16r2_clean_dock_layout.html	555	#v16BottomBar{
frontend/public/trfmc_antenna_system_explorer_v16r2_clean_dock_layout.html	562	#icCenterDock{
frontend/public/trfmc_antenna_system_explorer_v16r2_clean_dock_layout.html	565	#icStatusLine{
frontend/public/trfmc_antenna_system_explorer_v16r2_clean_dock_layout.html	568	#siteFrame::after{
frontend/public/trfmc_antenna_system_explorer_v16r2_clean_dock_layout.html	574	  color:#7dff4f;
frontend/public/trfmc_antenna_system_explorer_v16r2_clean_dock_layout.html	582	body.v16r2-clean #siteFrame{
frontend/public/trfmc_antenna_system_explorer_v16r2_clean_dock_layout.html	586	body.v16r2-clean #siteFrame::after{
frontend/public/trfmc_antenna_system_explorer_v16r2_clean_dock_layout.html	592	  color:#7dff4f;
frontend/public/trfmc_antenna_system_explorer_v16r2_clean_dock_layout.html	597	body.v16r2-clean #siteFrame .toolbar{
frontend/public/trfmc_antenna_system_explorer_v16r2_clean_dock_layout.html	601	body.v16r2-clean #siteFrame .overlayControls{
frontend/public/trfmc_antenna_system_explorer_v16r2_clean_dock_layout.html	606	body.v16r2-clean #siteFrame .opOverlay{
frontend/public/trfmc_antenna_system_explorer_v16r2_clean_dock_layout.html	610	body.v16r2-clean #siteFrame .opBadge{
frontend/public/trfmc_antenna_system_explorer_v16r2_clean_dock_layout.html	617	  border:1px solid #183d58;
frontend/public/trfmc_antenna_system_explorer_v16r2_clean_dock_layout.html	618	  background:#081522;
frontend/public/trfmc_antenna_system_explorer_v16r2_clean_dock_layout.html	627	  background:#0a1b2e;
frontend/public/trfmc_antenna_system_explorer_v16r2_clean_dock_layout.html	628	  border-bottom:1px solid #183d58;
frontend/public/trfmc_antenna_system_explorer_v16r2_clean_dock_layout.html	629	  color:#00d9ff;
frontend/public/trfmc_antenna_system_explorer_v16r2_clean_dock_layout.html	654	body.v16r2-clean #v16r2Dock #v16Scope,
frontend/public/trfmc_antenna_system_explorer_v16r2_clean_dock_layout.html	655	body.v16r2-clean #v16r2Dock #icMeasureOverlay,
frontend/public/trfmc_antenna_system_explorer_v16r2_clean_dock_layout.html	656	body.v16r2-clean #v16r2Dock #icMatrix,
frontend/public/trfmc_antenna_system_explorer_v16r2_clean_dock_layout.html	657	body.v16r2-clean #v16r2Dock #v16BottomBar,
frontend/public/trfmc_antenna_system_explorer_v16r2_clean_dock_layout.html	658	body.v16r2-clean #v16r2Dock #icCenterDock,
frontend/public/trfmc_antenna_system_explorer_v16r2_clean_dock_layout.html	659	body.v16r2-clean #v16r2Dock #icStatusLine{
frontend/public/trfmc_antenna_system_explorer_v16r2_clean_dock_layout.html	674	body.v16r2-clean #v16r2Dock #v16Scope{
frontend/public/trfmc_antenna_system_explorer_v16r2_clean_dock_layout.html	680	body.v16r2-clean #v16r2Dock #v16Scope .v16Glass{
frontend/public/trfmc_antenna_system_explorer_v16r2_clean_dock_layout.html	685	body.v16r2-clean #v16r2Dock #icMeasureOverlay{
frontend/public/trfmc_antenna_system_explorer_v16r2_clean_dock_layout.html	689	body.v16r2-clean #v16r2Dock #icMatrix{
frontend/public/trfmc_antenna_system_explorer_v16r2_clean_dock_layout.html	695	body.v16r2-clean #v16r2Dock #icCenterDock{
frontend/public/trfmc_antenna_system_explorer_v16r2_clean_dock_layout.html	701	  background:#061120 !important;
frontend/public/trfmc_antenna_system_explorer_v16r2_clean_dock_layout.html	704	body.v16r2-clean #v16r2Dock #icCenterDock button{
frontend/public/trfmc_antenna_system_explorer_v16r2_clean_dock_layout.html	710	body.v16r2-clean #v16r2Dock #icStatusLine{
frontend/public/trfmc_antenna_system_explorer_v16r2_clean_dock_layout.html	718	body.v16r2-clean #v16r2Dock #v16BottomBar{
frontend/public/trfmc_antenna_system_explorer_v16r2_clean_dock_layout.html	724	  background:#061120 !important;
frontend/public/trfmc_antenna_system_explorer_v16r2_clean_dock_layout.html	727	body.v16r2-clean #v16r2Dock .v16BottomCell{
frontend/public/trfmc_antenna_system_explorer_v16r2_clean_dock_layout.html	731	body.v16r2-minimal #v16r2Dock #v16Scope,
frontend/public/trfmc_antenna_system_explorer_v16r2_clean_dock_layout.html	732	body.v16r2-minimal #v16r2Dock #icMeasureOverlay,
frontend/public/trfmc_antenna_system_explorer_v16r2_clean_dock_layout.html	733	body.v16r2-minimal #v16r2Dock #icMatrix{
frontend/public/trfmc_antenna_system_explorer_v16r2_clean_dock_layout.html	737	body.v16r2-hide-markers #siteFrame .opOverlay,
frontend/public/trfmc_antenna_system_explorer_v16r2_clean_dock_layout.html	755	    <div style="color:#86a7c6;font-size:11px">Panel antenna · RRU/BBU · RET/AISG · MIMO · Port mapping · VSWR · EIRP · Beam · Coverage</div>
frontend/public/trfmc_antenna_system_explorer_v16r2_clean_dock_layout.html	933	  $("alarm").style.color=alarm?"#ff3366":"#7dff4f";
frontend/public/trfmc_antenna_system_explorer_v16r2_clean_dock_layout.html	958	  c.strokeStyle="#dcecff";c.lineWidth=3;
frontend/public/trfmc_antenna_system_explorer_v16r2_clean_dock_layout.html	962	  c.fillStyle="#eaf3ff";c.fillRect(cx-28,cy-65,18,105);c.fillRect(cx+10,cy-65,18,105);
frontend/public/trfmc_antenna_system_explorer_v16r2_clean_dock_layout.html	963	  c.fillStyle="#9aaec0";c.fillRect(cx-4,cy-55,8,90);
frontend/public/trfmc_antenna_system_explorer_v16r2_clean_dock_layout.html	1014	  c.fillStyle="#ffd500";c.font="13px system-ui";
frontend/public/trfmc_antenna_system_explorer_v16r2_clean_dock_layout.html	1017	  c.fillStyle="#dcecff";c.font="12px system-ui";
frontend/public/trfmc_antenna_system_explorer_v16r2_clean_dock_layout.html	1028	    [["#7dff4f",1],["#ffd500",.55],["#00d9ff",.4]].forEach(([col,scale])=>{
frontend/public/trfmc_antenna_system_explorer_v16r2_clean_dock_layout.html	1039	    c.fillStyle="#eaf3ff";c.fillText(name,ccx-25,h-20);
frontend/public/trfmc_antenna_system_explorer_v16r2_clean_dock_layout.html	1046	    ["P1","Low Band 900","880-960","80","24.0","OK","#ff3366"],
frontend/public/trfmc_antenna_system_explorer_v16r2_clean_dock_layout.html	1047	    ["P2","Mid Band 1800","1710-1880","170","24.0","OK","#ffd500"],
frontend/public/trfmc_antenna_system_explorer_v16r2_clean_dock_layout.html	1048	    ["P3","High Band 2100","1920-2170","250","24.0","OK","#00d9ff"],
frontend/public/trfmc_antenna_system_explorer_v16r2_clean_dock_layout.html	1049	    ["P4","n78 5G","3300-3800","100",p.ptx.toFixed(1),"OK","#7dff4f"],
frontend/public/trfmc_antenna_system_explorer_v16r2_clean_dock_layout.html	1050	    ["P5","n77 5G","3300-4200","900","—","N/A","#555"],
frontend/public/trfmc_antenna_system_explorer_v16r2_clean_dock_layout.html	1051	    ["P6","Wi-Fi 7","5925-7125","320","—","N/A","#c66bff"]
frontend/public/trfmc_antenna_system_explorer_v16r2_clean_dock_layout.html	1053	  c.fillStyle="#86a7c6";["PORT","BAND / SERVICE","FREQ MHz","BW","POWER","STATUS"].forEach((x,i)=>c.fillText(x,28+i*115,30));
frontend/public/trfmc_antenna_system_explorer_v16r2_clean_dock_layout.html	1057	    c.fillStyle="#dcecff";r.slice(0,6).forEach((x,i)=>c.fillText(x,55+i*115,y));
frontend/public/trfmc_antenna_system_explorer_v16r2_clean_dock_layout.html	1063	  c.fillStyle="#dcecff";c.fillText(`RET electrical tilt ${p.tilt.toFixed(1)}° · AISG connected · step 0.1°`,18,24);
frontend/public/trfmc_antenna_system_explorer_v16r2_clean_dock_layout.html	1071	    c.strokeStyle=["#ff3366","#ffd500","#7dff4f","#00d9ff"][idx];c.stroke();
frontend/public/trfmc_antenna_system_explorer_v16r2_clean_dock_layout.html	1085	    c.strokeStyle=["#00d9ff","#7dff4f","#ff3366","#ffd500","#c66bff"][i];
frontend/public/trfmc_antenna_system_explorer_v16r2_clean_dock_layout.html	1088	  c.fillStyle="#dcecff";c.fillText(`${mimoLabel(p.type)} array · beam width ${(65-p.gain).toFixed(0)}° · MU-MIMO vectors`,20,22);
frontend/public/trfmc_antenna_system_explorer_v16r2_clean_dock_layout.html	1235	    return {site:"#ffd500",polar:"#7dff4f",ports:"#00d9ff",ret:"#ff9e3d",mimo:"#c66bff"}[id] || "#00d9ff";
frontend/public/trfmc_antenna_system_explorer_v16r2_clean_dock_layout.html	2244	      el("v16Overall").style.color = m.overall==="PASS" ? "#7dff4f" : m.overall==="WARN" ? "#ffd500" : "#ff3366";
frontend/public/trfmc_antenna_system_explorer_v16r2_clean_dock_layout.html	2261	    [["snr","#7dff4f",70],["margin","#ffd500",20]].forEach(([key,col,scale])=>{
frontend/public/trfmc_antenna_system_explorer_v16r2_clean_dock_layout.html	2388	    <style>body{font-family:Segoe UI,Arial;background:#07111f;color:#eaf3ff;padding:24px}table{border-collapse:collapse;width:100%;margin:16px 0}td,th{border:1px solid #245b7d;padding:8px;text-align:left}th{background:#0
frontend/public/trfmc_antenna_system_explorer_v16r2_clean_dock_layout.html	2390	#v16Scope{
frontend/public/trfmc_antenna_system_explorer_v16r2_clean_dock_layout.html	2399	#v16Scope .v16Glass{
frontend/public/trfmc_antenna_system_explorer_v16r2_clean_dock_layout.html	2402	#v16Scope .v16Glass:nth-child(2){
frontend/public/trfmc_antenna_system_explorer_v16r2_clean_dock_layout.html	2405	#v16Scope .v16Glass:nth-child(3){
frontend/public/trfmc_antenna_system_explorer_v16r2_clean_dock_layout.html	2408	#icMeasureOverlay{
frontend/public/trfmc_antenna_system_explorer_v16r2_clean_dock_layout.html	2413	#icMatrix{
frontend/public/trfmc_antenna_system_explorer_v16r2_clean_dock_layout.html	2419	#v16BottomBar{
frontend/public/trfmc_antenna_system_explorer_v16r2_clean_dock_layout.html	2426	#icCenterDock{
frontend/public/trfmc_antenna_system_explorer_v16r2_clean_dock_layout.html	2429	#icStatusLine{
frontend/public/trfmc_antenna_system_explorer_v16r2_clean_dock_layout.html	2432	#siteFrame::after{
frontend/public/trfmc_antenna_system_explorer_v16r2_clean_dock_layout.html	2438	  color:#7dff4f;
frontend/public/trfmc_antenna_system_explorer_v16r2_clean_dock_layout.html	2446	body.v16r2-clean #siteFrame{
frontend/public/trfmc_antenna_system_explorer_v16r2_clean_dock_layout.html	2450	body.v16r2-clean #siteFrame::after{
frontend/public/trfmc_antenna_system_explorer_v16r2_clean_dock_layout.html	2456	  color:#7dff4f;
frontend/public/trfmc_antenna_system_explorer_v16r2_clean_dock_layout.html	2461	body.v16r2-clean #siteFrame .toolbar{
frontend/public/trfmc_antenna_system_explorer_v16r2_clean_dock_layout.html	2465	body.v16r2-clean #siteFrame .overlayControls{
frontend/public/trfmc_antenna_system_explorer_v16r2_clean_dock_layout.html	2470	body.v16r2-clean #siteFrame .opOverlay{
frontend/public/trfmc_antenna_system_explorer_v16r2_clean_dock_layout.html	2474	body.v16r2-clean #siteFrame .opBadge{
frontend/public/trfmc_antenna_system_explorer_v16r2_clean_dock_layout.html	2481	  border:1px solid #183d58;
frontend/public/trfmc_antenna_system_explorer_v16r2_clean_dock_layout.html	2482	  background:#081522;
frontend/public/trfmc_antenna_system_explorer_v16r2_clean_dock_layout.html	2491	  background:#0a1b2e;
frontend/public/trfmc_antenna_system_explorer_v16r2_clean_dock_layout.html	2492	  border-bottom:1px solid #183d58;
frontend/public/trfmc_antenna_system_explorer_v16r2_clean_dock_layout.html	2493	  color:#00d9ff;
frontend/public/trfmc_antenna_system_explorer_v16r2_clean_dock_layout.html	2518	body.v16r2-clean #v16r2Dock #v16Scope,
frontend/public/trfmc_antenna_system_explorer_v16r2_clean_dock_layout.html	2519	body.v16r2-clean #v16r2Dock #icMeasureOverlay,
frontend/public/trfmc_antenna_system_explorer_v16r2_clean_dock_layout.html	2520	body.v16r2-clean #v16r2Dock #icMatrix,
frontend/public/trfmc_antenna_system_explorer_v16r2_clean_dock_layout.html	2521	body.v16r2-clean #v16r2Dock #v16BottomBar,
frontend/public/trfmc_antenna_system_explorer_v16r2_clean_dock_layout.html	2522	body.v16r2-clean #v16r2Dock #icCenterDock,
frontend/public/trfmc_antenna_system_explorer_v16r2_clean_dock_layout.html	2523	body.v16r2-clean #v16r2Dock #icStatusLine{
frontend/public/trfmc_antenna_system_explorer_v16r2_clean_dock_layout.html	2538	body.v16r2-clean #v16r2Dock #v16Scope{
frontend/public/trfmc_antenna_system_explorer_v16r2_clean_dock_layout.html	2544	body.v16r2-clean #v16r2Dock #v16Scope .v16Glass{
frontend/public/trfmc_antenna_system_explorer_v16r2_clean_dock_layout.html	2549	body.v16r2-clean #v16r2Dock #icMeasureOverlay{
frontend/public/trfmc_antenna_system_explorer_v16r2_clean_dock_layout.html	2553	body.v16r2-clean #v16r2Dock #icMatrix{
frontend/public/trfmc_antenna_system_explorer_v16r2_clean_dock_layout.html	2559	body.v16r2-clean #v16r2Dock #icCenterDock{
frontend/public/trfmc_antenna_system_explorer_v16r2_clean_dock_layout.html	2565	  background:#061120 !important;
frontend/public/trfmc_antenna_system_explorer_v16r2_clean_dock_layout.html	2568	body.v16r2-clean #v16r2Dock #icCenterDock button{
frontend/public/trfmc_antenna_system_explorer_v16r2_clean_dock_layout.html	2574	body.v16r2-clean #v16r2Dock #icStatusLine{
frontend/public/trfmc_antenna_system_explorer_v16r2_clean_dock_layout.html	2582	body.v16r2-clean #v16r2Dock #v16BottomBar{
frontend/public/trfmc_antenna_system_explorer_v16r2_clean_dock_layout.html	2588	  background:#061120 !important;
frontend/public/trfmc_antenna_system_explorer_v16r2_clean_dock_layout.html	2591	body.v16r2-clean #v16r2Dock .v16BottomCell{
frontend/public/trfmc_antenna_system_explorer_v16r2_clean_dock_layout.html	2595	body.v16r2-minimal #v16r2Dock #v16Scope,
frontend/public/trfmc_antenna_system_explorer_v16r2_clean_dock_layout.html	2596	body.v16r2-minimal #v16r2Dock #icMeasureOverlay,
frontend/public/trfmc_antenna_system_explorer_v16r2_clean_dock_layout.html	2597	body.v16r2-minimal #v16r2Dock #icMatrix{
frontend/public/trfmc_antenna_system_explorer_v16r2_clean_dock_layout.html	2601	body.v16r2-hide-markers #siteFrame .opOverlay,
frontend/public/signal_workbench_v582.html	9	  --bg:#020713;--panel:#071522;--panel2:#0b1d2c;--line:#07536b;--line2:#123c55;
frontend/public/signal_workbench_v582.html	10	  --txt:#e4fbff;--muted:#7fb2c6;--cyan:#00e5ff;--green:#36ff7d;--yellow:#ffd166;--orange:#ff9f1c;--red:#fb7185;
frontend/public/signal_workbench_v582.html	17	    linear-gradient(180deg,#030914,#00040a 78%);
frontend/public/signal_workbench_v582.html	28	.badge{border:1px solid var(--line);border-radius:999px;padding:6px 10px;background:#04101b;color:var(--muted);font-size:12px;font-weight:700}
frontend/public/signal_workbench_v582.html	41	  color:#c9fbff;font-size:13px;letter-spacing:.08em;text-transform:uppercase;
frontend/public/signal_workbench_v582.html	46	  width:100%;background:#020a11;color:var(--txt);border:1px solid #16627a;border-radius:9px;padding:8px 9px;font-size:13px;
frontend/public/signal_workbench_v582.html	49	  background:#062b39;border:1px solid var(--cyan);color:var(--txt);border-radius:9px;padding:8px 9px;
frontend/public/signal_workbench_v582.html	52	button.good{background:#06341d;border-color:var(--green);color:var(--green)}
frontend/public/signal_workbench_v582.html	53	button.warn{background:#3a2604;border-color:var(--yellow);color:var(--yellow)}
frontend/public/signal_workbench_v582.html	54	button.orange{background:#3b1f04;border-color:var(--orange);color:var(--orange)}
frontend/public/signal_workbench_v582.html	55	button.red{background:#3b0714;border-color:var(--red);color:var(--red)}
frontend/public/signal_workbench_v582.html	59	.kpi{border:1px solid #16445b;border-radius:10px;background:#020a11;padding:8px;min-height:52px}
frontend/public/signal_workbench_v582.html	62	canvas{display:block;width:100%;background:#02040a;border:1px solid #0f4058;border-radius:12px}
frontend/public/signal_workbench_v582.html	63	#spectrum{height:430px}
frontend/public/signal_workbench_v582.html	64	#waterfall{height:170px;margin-top:8px}
frontend/public/signal_workbench_v582.html	65	#constellation{height:260px}
frontend/public/signal_workbench_v582.html	67	  background:#02070d;border:1px solid #123c55;border-radius:10px;padding:9px;white-space:pre-wrap;overflow:auto;
frontend/public/signal_workbench_v582.html	68	  font:12px ui-monospace,Menlo,Consolas,monospace;color:#bdfbea;height:260px;
frontend/public/signal_workbench_v582.html	197	  ctx.fillStyle='#02040a';ctx.fillRect(0,0,w,h);
frontend/public/signal_workbench_v582.html	203	  ctx.strokeStyle='#00e5ff';ctx.lineWidth=2;ctx.beginPath();
frontend/public/trfmc_master_digital_twin_console_v1.html	9	  --bg:#030711;
frontend/public/trfmc_master_digital_twin_console_v1.html	14	  --text:#eaf3ff;
frontend/public/trfmc_master_digital_twin_console_v1.html	15	  --muted:#94a9c5;
frontend/public/trfmc_master_digital_twin_console_v1.html	16	  --cyan:#86d7ff;
frontend/public/trfmc_master_digital_twin_console_v1.html	17	  --green:#9dffc7;
frontend/public/trfmc_master_digital_twin_console_v1.html	18	  --amber:#ffd37a;
frontend/public/trfmc_master_digital_twin_console_v1.html	19	  --red:#ff8d8d;
frontend/public/trfmc_master_digital_twin_console_v1.html	20	  --violet:#bda7ff;
frontend/public/trfmc_master_digital_twin_console_v1.html	31	    linear-gradient(180deg,#030711,#07111f 48%,#030711);
frontend/public/trfmc_master_digital_twin_console_v1.html	114	  color:#c9d9ef;
frontend/public/trfmc_measurement_chain_dsp_engine_v3.html	9	--bg:#02070f;--panel:#061120;--panel2:#0a1828;--line:#1d6f9f;--text:#eaf3ff;--muted:#86a7c6;
frontend/public/trfmc_measurement_chain_dsp_engine_v3.html	10	--cyan:#00d9ff;--green:#7dff4f;--yellow:#ffd500;--red:#ff3366;--blue:#268cff;--violet:#c66bff
frontend/public/trfmc_measurement_chain_dsp_engine_v3.html	13	body{margin:0;background:#01060d;color:var(--text);font:12px Inter,Segoe UI,system-ui,sans-serif;overflow:hidden}
frontend/public/trfmc_measurement_chain_dsp_engine_v3.html	14	header{height:48px;background:#050b13;border-bottom:1px solid var(--line);display:flex;justify-content:space-between;align-items:center;padding:0 12px}
frontend/public/trfmc_measurement_chain_dsp_engine_v3.html	17	a,.tool{color:var(--text);text-decoration:none;border:1px solid #1f6f9f;background:#0a1828;border-radius:4px;padding:6px 9px}
frontend/public/trfmc_measurement_chain_dsp_engine_v3.html	19	.panel{background:linear-gradient(180deg,#071524,#02070f);border:1px solid #1d5e86;border-radius:6px;overflow:hidden}
frontend/public/trfmc_measurement_chain_dsp_engine_v3.html	20	.title{background:#0a1b2e;border-bottom:1px solid #1d5e86;color:var(--cyan);font-weight:700;padding:6px 8px;text-transform:uppercase}
frontend/public/trfmc_measurement_chain_dsp_engine_v3.html	22	.ctrl{border:1px solid #183d58;background:#081522;border-radius:5px;padding:7px;margin-bottom:7px}
frontend/public/trfmc_measurement_chain_dsp_engine_v3.html	26	select{background:#10233a;color:var(--text);border:1px solid #285d82;border-radius:4px;padding:5px}
frontend/public/trfmc_measurement_chain_dsp_engine_v3.html	28	.kpi{background:#07111f;border:1px solid #214c6a;border-radius:5px;padding:6px}
frontend/public/trfmc_measurement_chain_dsp_engine_v3.html	31	.stage{background:#07111f;border:1px solid #216a36;border-radius:5px;height:72px;display:grid;place-items:center;text-align:center;position:relative}
frontend/public/trfmc_measurement_chain_dsp_engine_v3.html	34	.meta{border-color:#1d5e86;text-align:left;padding:8px;display:block}
frontend/public/trfmc_measurement_chain_dsp_engine_v3.html	36	.frame{background:#02070f;border:1px solid #1d5e86;border-radius:6px;overflow:hidden;position:relative}
frontend/public/trfmc_measurement_chain_dsp_engine_v3.html	37	.frame h3{margin:0;background:#0a1b2e;border-bottom:1px solid #1d5e86;padding:5px 7px;color:var(--cyan);font-size:12px}
frontend/public/trfmc_measurement_chain_dsp_engine_v3.html	39	#spectrumFrame{grid-column:1/4}
frontend/public/trfmc_measurement_chain_dsp_engine_v3.html	40	.formula{border:1px solid #183d58;background:#081522;border-radius:5px;padding:7px;margin-bottom:6px;font-family:ui-monospace,monospace;color:#d3e8ff}
frontend/public/trfmc_measurement_chain_dsp_engine_v3.html	43	.log div{border-bottom:1px solid #17344c;padding:4px 0;color:#cde7ff}
frontend/public/trfmc_measurement_chain_dsp_engine_v3.html	44	button{width:100%;background:#10233a;color:var(--text);border:1px solid #285d82;border-radius:4px;padding:7px;margin:4px 0;text-align:left;cursor:pointer}
frontend/public/trfmc_measurement_chain_dsp_engine_v3.html	45	button.active,button:hover{background:#145078;border-color:var(--cyan);box-shadow:inset 3px 0 0 var(--yellow)}
frontend/public/trfmc_measurement_chain_dsp_engine_v3.html	46	footer{position:fixed;left:8px;bottom:4px;color:#7898b8;font-size:11px}
frontend/public/trfmc_measurement_chain_dsp_engine_v3.html	57	<div><h1>TRFMC Measurement Chain DSP Engine V3</h1><div style="color:#86a7c6;font-size:11px">Receiver Chain · IF · RBW/VBW · Detector · Average · Peak · SNR · IQ/EVM · Spectrogram</div></div>
frontend/public/trfmc_measurement_chain_dsp_engine_v3.html	169	draw(peakHold,"#ffd500",1.4);draw(avgTrace,"#7dff4f",1.5);draw(minHold,"#ff3366",1);draw(a,"#00d9ff",2);
frontend/public/trfmc_measurement_chain_dsp_engine_v3.html	171	ctx.fillStyle="rgba(255,0,90,.16)";ctx.fillRect(830,0,150,h);ctx.strokeStyle="#ff3366";ctx.strokeRect(830,0,150,h);
frontend/public/trfmc_measurement_chain_dsp_engine_v3.html	172	ctx.fillStyle="#dcecff";ctx.font="12px system-ui";ctx.fillText(`Ref -30 dBm   RBW ${p.rbw} kHz   VBW ${p.vbw} kHz   Detector ${p.det}   Avg ${p.avg}   Scale 10 dB/div`,18,22);
frontend/public/trfmc_measurement_chain_dsp_engine_v3.html	173	ctx.fillStyle="#ffd500";ctx.fillText("Peak Hold",1110,34);ctx.fillStyle="#7dff4f";ctx.fillText("Average",1110,54);ctx.fillStyle="#00d9ff";ctx.fillText("Current",1110,74)}
frontend/public/trfmc_measurement_chain_dsp_engine_v3.html	174	function ifview(){let c=X.i,w=C.i.width,h=C.i.height;c.clearRect(0,0,w,h);grid(c,w,h);c.fillStyle="#dcecff";c.fillText("LO = 120.000 MHz    IF = |RF−LO|    Image Rejection",18,22);[[.18,"RF","#00d9ff"],[.42,"LO","#ffd5
frontend/public/trfmc_measurement_chain_dsp_engine_v3.html	175	function filterview(){let c=X.f,w=C.f.width,h=C.f.height,p=v();c.clearRect(0,0,w,h);grid(c,w,h);function curve(scale,col){c.beginPath();for(let x=0;x<w;x++){let u=(x-w/2)/scale,y=h-20-(1/(1+Math.pow(Math.abs(u),6)))*(h-5
frontend/public/trfmc_measurement_chain_dsp_engine_v3.html	176	function timeview(){let c=X.t,w=C.t.width,h=C.t.height,p=v();c.clearRect(0,0,w,h);grid(c,w,h);c.strokeStyle="#00d9ff";c.beginPath();for(let x=0;x<w;x++){let y=h/2-Math.sin(x*.06+tick*.08)*45+(Math.random()-.5)*p.vbw/10;x
frontend/public/trfmc_measurement_chain_dsp_engine_v3.html	177	function iqview(){let c=X.q,w=C.q.width,h=C.q.height,cx=w/2,cy=h/2,snr=+$("ksnr").textContent||20;c.clearRect(0,0,w,h);grid(c,w,h);c.strokeStyle="rgba(125,255,79,.22)";c.beginPath();c.moveTo(cx,15);c.lineTo(cx,h-15);c.mo
frontend/public/trfmc_measurement_chain_dsp_engine_v3.html	179	function zeroview(){let c=X.z,w=C.z.width,h=C.z.height;c.clearRect(0,0,w,h);grid(c,w,h);c.strokeStyle="#7dff4f";c.beginPath();for(let x=0;x<w;x++){let y=h/2+(Math.random()-.5)*45+Math.sin(x*.05+tick*.02)*6;x?c.lineTo(x,y
frontend/public/trfmc_visual_asset_engine_lab_v3.html	14	.mono{font-family:ui-monospace,Consolas,monospace;color:#dffaff;font-size:11px}
frontend/public/trfmc_antenna_rru_ret_cpri_port_mapping_v2.html	11	.ant-webgl-wrap{position:relative;min-height:430px;overflow:hidden;background:#010409}
frontend/public/trfmc_antenna_rru_ret_cpri_port_mapping_v2.html	12	#sectorCanvas{width:100%;height:100%;display:block;min-height:430px}
frontend/public/trfmc_antenna_rru_ret_cpri_port_mapping_v2.html	14	.plotBox{border:1px solid rgba(0,229,255,.27);background:#010409;position:relative;overflow:hidden}
frontend/public/trfmc_antenna_rru_ret_cpri_port_mapping_v2.html	15	.plotBox h3{position:absolute;left:10px;top:8px;margin:0;color:#00e5ff;font-size:11px;letter-spacing:1px;z-index:2}
frontend/public/trfmc_antenna_rru_ret_cpri_port_mapping_v2.html	17	.control label{display:block;color:#8fb8c8;font-size:10px;text-transform:uppercase;margin:8px 0 4px}
frontend/public/trfmc_antenna_rru_ret_cpri_port_mapping_v2.html	18	.control input,.control select{width:100%;background:#03101a;color:#e9fbff;border:1px solid rgba(0,229,255,.35);border-radius:5px;padding:7px;font-size:12px}
frontend/public/trfmc_antenna_rru_ret_cpri_port_mapping_v2.html	19	.value{color:#75ff5b;font-weight:800}
frontend/public/trfmc_antenna_rru_ret_cpri_port_mapping_v2.html	20	.good{color:#75ff5b}.warn{color:#ffd84d}.bad{color:#ff3d7f}
frontend/public/trfmc_antenna_rru_ret_cpri_port_mapping_v2.html	21	.formulaLive{font-family:ui-monospace,Consolas,monospace;background:#010409;border:1px solid rgba(0,229,255,.22);border-radius:6px;color:#dffaff;padding:8px;font-size:11px;line-height:1.5}
frontend/public/trfmc_antenna_rru_ret_cpri_port_mapping_v2.html	22	.portBadge{display:inline-block;border:1px solid rgba(0,229,255,.28);background:rgba(0,229,255,.06);border-radius:4px;padding:2px 5px;margin:1px;font-size:9px;color:#00e5ff}
frontend/public/trfmc_antenna_rru_ret_cpri_port_mapping_v2.html	255	  ctx.fillStyle="#010409";ctx.fillRect(0,0,w,h);
frontend/public/trfmc_antenna_rru_ret_cpri_port_mapping_v2.html	275	  ctx.fillStyle="#ffd84d";
frontend/public/trfmc_antenna_rru_ret_cpri_port_mapping_v2.html	277	  ctx.fillStyle="#75ff5b";
frontend/public/trfmc_antenna_rru_ret_cpri_port_mapping_v2.html	280	  ctx.fillStyle="#8fb8c8";ctx.font=(12*dpr)+"px monospace";
frontend/public/trfmc_antenna_rru_ret_cpri_port_mapping_v2.html	287	  ctx.fillStyle="#010409";ctx.fillRect(0,0,w,h);
frontend/public/trfmc_antenna_rru_ret_cpri_port_mapping_v2.html	294	  ctx.strokeStyle="#75ff5b";ctx.lineWidth=2*dpr;ctx.beginPath();
frontend/public/trfmc_antenna_rru_ret_cpri_port_mapping_v2.html	308	  ctx.fillStyle="#010409";ctx.fillRect(0,0,w,h);
frontend/public/trfmc_antenna_rru_ret_cpri_port_mapping_v2.html	317	    ctx.fillStyle=i%2?"#00e5ff":"#ffd84d";
frontend/public/trfmc_antenna_rru_ret_cpri_port_mapping_v2.html	319	    ctx.fillStyle="#e9fbff";ctx.font=(11*dpr)+"px monospace";
frontend/public/trfmc_3d_rf_asset_renderer_lab_v1r2_auto_fit.html	9	  --bg:#01060d;--panel:#071827;--panel2:#0a2135;--line:#0b75a8;--cyan:#00e5ff;
frontend/public/trfmc_3d_rf_asset_renderer_lab_v1r2_auto_fit.html	10	  --ok:#75ff5b;--warn:#ffd84d;--bad:#ff3d7f;--txt:#e8f9ff;--muted:#84a8ba;
frontend/public/trfmc_3d_rf_asset_renderer_lab_v1r2_auto_fit.html	11	  --gold:#ffd400;--violet:#b772ff;--blue:#1aa8ff;
frontend/public/trfmc_3d_rf_asset_renderer_lab_v1r2_auto_fit.html	14	html,body{margin:0;height:100%;background:radial-gradient(circle at 50% -10%,#07365a 0,#02070d 42%,#00050a 100%);color:var(--txt);font-family:Inter,Segoe UI,Arial,sans-serif;overflow:hidden}
frontend/public/trfmc_3d_rf_asset_renderer_lab_v1r2_auto_fit.html	20	.top{display:grid;grid-template-columns:1fr auto;gap:12px;align-items:center;border:1px solid #0b5f8a;background:linear-gradient(180deg,#071827,#020811);padding:9px 12px;box-shadow:0 0 28px rgba(0,180,255,.18)}
frontend/public/trfmc_3d_rf_asset_renderer_lab_v1r2_auto_fit.html	24	button,select,input{background:#0b2238;border:1px solid #1175a5;color:var(--txt);border-radius:4px;padding:7px 10px;font-size:12px}
frontend/public/trfmc_3d_rf_asset_renderer_lab_v1r2_auto_fit.html	28	.kpi{border:1px solid #0b5f8a;background:linear-gradient(180deg,#092037,#04101b);padding:7px 8px;min-height:82px}
frontend/public/trfmc_3d_rf_asset_renderer_lab_v1r2_auto_fit.html	29	.kpi .l{font-size:9px;color:#80bad0;text-transform:uppercase;letter-spacing:.8px}
frontend/public/trfmc_3d_rf_asset_renderer_lab_v1r2_auto_fit.html	33	.panel{border:1px solid #0b5f8a;background:rgba(3,14,24,.94);box-shadow:inset 0 0 22px rgba(0,150,255,.06),0 0 16px rgba(0,130,255,.08);overflow:hidden;position:relative}
frontend/public/trfmc_3d_rf_asset_renderer_lab_v1r2_auto_fit.html	34	.panel h2{margin:0;padding:8px 10px;border-bottom:1px solid #0b5f8a;color:#00e5ff;font-size:13px;text-transform:uppercase;letter-spacing:.8px;background:#061625}
frontend/public/trfmc_3d_rf_asset_renderer_lab_v1r2_auto_fit.html	36	fieldset{border:1px solid #123f5d;border-radius:6px;margin:0 0 8px;padding:8px;background:#061523}
frontend/public/trfmc_3d_rf_asset_renderer_lab_v1r2_auto_fit.html	38	.label{font-size:10px;color:#8fc0d2;text-transform:uppercase;margin:10px 0 4px}
frontend/public/trfmc_3d_rf_asset_renderer_lab_v1r2_auto_fit.html	42	.canvasBox{position:relative;border:1px solid #0d6f9e;background:#020b12;overflow:hidden}
frontend/public/trfmc_3d_rf_asset_renderer_lab_v1r2_auto_fit.html	44	.overlay{position:absolute;left:8px;top:8px;font-family:monospace;font-size:11px;color:var(--ok);background:rgba(0,0,0,.38);border:1px solid #154e34;padding:5px 7px}
frontend/public/trfmc_3d_rf_asset_renderer_lab_v1r2_auto_fit.html	45	.footerStatus{position:absolute;right:8px;bottom:6px;color:var(--ok);font-family:monospace;font-size:10px;border:1px solid #1d7c33;padding:3px 6px;background:#04110a}
frontend/public/trfmc_3d_rf_asset_renderer_lab_v1r2_auto_fit.html	47	.card{border:1px solid #104e73;background:#061625;padding:8px;border-radius:4px;margin-bottom:6px}
frontend/public/trfmc_3d_rf_asset_renderer_lab_v1r2_auto_fit.html	48	.card h3{margin:0 0 7px;font-size:12px;color:#00e5ff}
frontend/public/trfmc_3d_rf_asset_renderer_lab_v1r2_auto_fit.html	49	.mini{font-family:monospace;font-size:11px;color:#b9eaff;line-height:1.45}
frontend/public/trfmc_3d_rf_asset_renderer_lab_v1r2_auto_fit.html	52	.table th,.table td{border-bottom:1px solid #12344c;padding:5px;text-align:left}
frontend/public/trfmc_3d_rf_asset_renderer_lab_v1r2_auto_fit.html	53	.table th{color:#83cfff}
frontend/public/trfmc_3d_rf_asset_renderer_lab_v1r2_auto_fit.html	54	.badge{display:inline-block;border:1px solid #1c7ba8;background:#092238;padding:3px 6px;border-radius:4px;margin:2px;font-size:10px}
frontend/public/trfmc_3d_rf_asset_renderer_lab_v1r2_auto_fit.html	55	.log{height:230px;background:#02070d;border:1px solid #123f5d;padding:7px;overflow:auto;font-family:monospace;font-size:10px;color:#bcecff}
frontend/public/trfmc_3d_rf_asset_renderer_lab_v1r2_auto_fit.html	56	.modeCard{display:grid;grid-template-columns:1fr auto;align-items:center;gap:6px;border:1px solid #104e73;background:#061625;padding:8px;margin-bottom:6px;border-radius:4px}
frontend/public/trfmc_3d_rf_asset_renderer_lab_v1r2_auto_fit.html	57	.modeCard b{color:#00e5ff}
frontend/public/trfmc_3d_rf_asset_renderer_lab_v1r2_auto_fit.html	402	function poly(ctx,pts,fill,stroke="#1aa8ff",alpha=1){
frontend/public/trfmc_3d_rf_asset_renderer_lab_v1r2_auto_fit.html	406	function box(ctx,c,x,y,z,w,d,h,color="#0b72a8"){
frontend/public/trfmc_3d_rf_asset_renderer_lab_v1r2_auto_fit.html	420	function line3(ctx,c,a,b,col="#75ff5b",lw=1.5){
frontend/public/trfmc_3d_rf_asset_renderer_lab_v1r2_auto_fit.html	424	function label(ctx,text,x,y,col="#dff8ff"){
frontend/public/trfmc_3d_rf_asset_renderer_lab_v1r2_auto_fit.html	429	  line3(ctx,c,[0,0,0],[0,0,6.8],"#8fc0d2",4);
frontend/public/trfmc_3d_rf_asset_renderer_lab_v1r2_auto_fit.html	434	  box(ctx,c,-.92,-.34,2.65,.30,.18,2.45,"#d6edf5");
frontend/public/trfmc_3d_rf_asset_renderer_lab_v1r2_auto_fit.html	435	  box(ctx,c,-.58,-.40,2.35,.32,.24,1.55,"#0b72a8");
frontend/public/trfmc_3d_rf_asset_renderer_lab_v1r2_auto_fit.html	436	  box(ctx,c,.50,-.34,2.92,.30,.18,2.25,"#d6edf5");
frontend/public/trfmc_3d_rf_asset_renderer_lab_v1r2_auto_fit.html	437	  box(ctx,c,.86,-.40,2.50,.32,.24,1.38,"#0b72a8");
frontend/public/trfmc_3d_rf_asset_renderer_lab_v1r2_auto_fit.html	438	  box(ctx,c,-.25,-.7,.1,.55,.45,.55,"#4f6b7c");
frontend/public/trfmc_3d_rf_asset_renderer_lab_v1r2_auto_fit.html	439	  line3(ctx,c,[-.15,-.5,.65],[-.52,-.24,2.7],"#ffd400",1.2);
frontend/public/trfmc_3d_rf_asset_renderer_lab_v1r2_auto_fit.html	440	  line3(ctx,c,[.1,-.48,.65],[.42,-.24,2.9],"#00e5ff",1.2);
frontend/public/trfmc_3d_rf_asset_renderer_lab_v1r2_auto_fit.html	441	  drawBeam(ctx,c,[.7,-.22,3.8],p.beam,p.tilt,"#75ff5b");
frontend/public/trfmc_3d_rf_asset_renderer_lab_v1r2_auto_fit.html	442	  drawBeam(ctx,c,[-.6,-.22,3.8],p.beam,p.tilt,"#00e5ff");
frontend/public/trfmc_3d_rf_asset_renderer_lab_v1r2_auto_fit.html	448	  box(ctx,c,-1.4,-.12,1.9,2.8,.14,2.2,"#1b4f72");
frontend/public/trfmc_3d_rf_asset_renderer_lab_v1r2_auto_fit.html	452	      box(ctx,c,x,-.22,z,.07,.08,.07,(r+cc)%2?"#75ff5b":"#00e5ff");
frontend/public/trfmc_3d_rf_asset_renderer_lab_v1r2_auto_fit.html	458	  drawBeam(ctx,c,[0,-.32,3.05],p.beam,p.tilt,"#ffd400");
frontend/public/trfmc_3d_rf_asset_renderer_lab_v1r2_auto_fit.html	462	  box(ctx,c,-1.7,-.5,1,3.4,1,1,"#55738a");
frontend/public/trfmc_3d_rf_asset_renderer_lab_v1r2_auto_fit.html	464	    box(ctx,c,-1.35+i*.54,-.62,2.05,.26,.18,.16,"#d8edf5");
frontend/public/trfmc_3d_rf_asset_renderer_lab_v1r2_auto_fit.html	465	    line3(ctx,c,[-1.22+i*.54,-.7,2.21],[-1.22+i*.54,-.96,2.45],"#ffd400",1);
frontend/public/trfmc_3d_rf_asset_renderer_lab_v1r2_auto_fit.html	467	  box(ctx,c,-2.1,-.1,1.35,.38,.28,.34,"#00a7c9");
frontend/public/trfmc_3d_rf_asset_renderer_lab_v1r2_auto_fit.html	468	  box(ctx,c,1.72,-.1,1.35,.38,.28,.34,"#00a7c9");
frontend/public/trfmc_3d_rf_asset_renderer_lab_v1r2_auto_fit.html	469	  for(let i=0;i<5;i++) line3(ctx,c,[-1.1+i*.55,-.48,2.05],[-.84+i*.55,-.48,2.05],"#75ff5b",1);
frontend/public/trfmc_3d_rf_asset_renderer_lab_v1r2_auto_fit.html	475	  ctx.strokeStyle="#dff8ff";ctx.lineWidth=2;
frontend/public/trfmc_3d_rf_asset_renderer_lab_v1r2_auto_fit.html	477	  ctx.strokeStyle="#75ff5b";
frontend/public/trfmc_3d_rf_asset_renderer_lab_v1r2_auto_fit.html	480	  box(ctx,c,-.18,-.12,1.1,.36,.28,1.1,"#4f6b7c");
frontend/public/trfmc_3d_rf_asset_renderer_lab_v1r2_auto_fit.html	481	  box(ctx,c,.45,-.18,2.35,.35,.25,.28,"#00a7c9");
frontend/public/trfmc_3d_rf_asset_renderer_lab_v1r2_auto_fit.html	482	  line3(ctx,c,[.55,-.1,2.5],[0,0,2.6],"#ffd400",2);
frontend/public/trfmc_3d_rf_asset_renderer_lab_v1r2_auto_fit.html	483	  drawBeam(ctx,c,[.9,-.2,2.7],p.beam,p.tilt,"#75ff5b");
frontend/public/trfmc_3d_rf_asset_renderer_lab_v1r2_auto_fit.html	487	  box(ctx,c,-1.5,-.5,.2,3,1,1.3,"#344b5c");
frontend/public/trfmc_3d_rf_asset_renderer_lab_v1r2_auto_fit.html	488	  box(ctx,c,-1.35,-.76,1.42,.62,.34,2.75,"#d6edf5");
frontend/public/trfmc_3d_rf_asset_renderer_lab_v1r2_auto_fit.html	489	  box(ctx,c,-.48,-.78,1.32,.62,.34,2.95,"#d6edf5");
frontend/public/trfmc_3d_rf_asset_renderer_lab_v1r2_auto_fit.html	490	  box(ctx,c,.40,-.76,1.55,.62,.34,2.55,"#d6edf5");
frontend/public/trfmc_3d_rf_asset_renderer_lab_v1r2_auto_fit.html	491	  box(ctx,c,1.14,-.60,.88,.68,.50,1.20,"#0b72a8");
frontend/public/trfmc_3d_rf_asset_renderer_lab_v1r2_auto_fit.html	492	  for(let i=0;i<4;i++) line3(ctx,c,[-.9+i*.45,-.52,1.45],[-.9+i*.45,-.72,1.75+i*.15],"#ffd400",1);
frontend/public/trfmc_3d_rf_asset_renderer_lab_v1r2_auto_fit.html	493	  drawBeam(ctx,c,[-.95,-.85,3.0],p.beam,p.tilt,"#00e5ff");
frontend/public/trfmc_3d_rf_asset_renderer_lab_v1r2_auto_fit.html	494	  drawBeam(ctx,c,[-.15,-.85,3.1],p.beam,p.tilt,"#75ff5b");
frontend/public/trfmc_3d_rf_asset_renderer_lab_v1r2_auto_fit.html	495	  drawBeam(ctx,c,[.65,-.85,2.9],p.beam,p.tilt,"#ffd400");
frontend/public/trfmc_3d_rf_asset_renderer_lab_v1r2_auto_fit.html	517	  ctx.fillStyle="#020b12";ctx.fillRect(0,0,w,h);
frontend/public/trfmc_3d_rf_asset_renderer_lab_v1r2_auto_fit.html	535	  ctx.fillStyle="#83cfff";ctx.font="11px monospace";
frontend/public/trfmc_3d_rf_asset_renderer_lab_v1r2_auto_fit.html	537	  label(ctx,"bbox: "+Math.round(c.bbox.w)+"x"+Math.round(c.bbox.h)+" px · target "+Math.round(c.targetW)+"x"+Math.round(c.targetH)+" px",14,40,"#00e5ff");
frontend/public/trfmc_3d_rf_asset_renderer_lab_v1r2_auto_fit.html	538	  label(ctx,"4D layer: t="+(tick/60).toFixed(1)+"s / freq="+p.freq.toFixed(1)+"GHz",14,58,"#75ff5b");
frontend/public/trfmc_3d_rf_asset_renderer_lab_v1r2_auto_fit.html	539	  label(ctx,"5D state: RF POWER "+p.pow+" dBm · protocol KPI overlay simulated",14,76,"#ffd400");
frontend/public/trfmc_antenna_system_explorer_v12_operativo.html	9	  --bg:#02070f;--panel:#061120;--panel2:#0a1828;--line:#1d6f9f;
frontend/public/trfmc_antenna_system_explorer_v12_operativo.html	10	  --text:#eaf3ff;--muted:#86a7c6;--cyan:#00d9ff;--green:#7dff4f;
frontend/public/trfmc_antenna_system_explorer_v12_operativo.html	11	  --yellow:#ffd500;--red:#ff3366;--orange:#ff9e3d;--blue:#268cff;
frontend/public/trfmc_antenna_system_explorer_v12_operativo.html	14	body{margin:0;background:#01060d;color:var(--text);font:12px Inter,Segoe UI,system-ui,sans-serif;overflow:hidden}
frontend/public/trfmc_antenna_system_explorer_v12_operativo.html	15	header{height:54px;background:#050b13;border-bottom:1px solid var(--line);display:flex;justify-content:space-between;align-items:center;padding:0 12px}
frontend/public/trfmc_antenna_system_explorer_v12_operativo.html	18	a,.tool{color:var(--text);text-decoration:none;border:1px solid #1d6f9f;background:#0a1828;border-radius:4px;padding:6px 9px}
frontend/public/trfmc_antenna_system_explorer_v12_operativo.html	22	.panel{background:linear-gradient(180deg,#071524,#02070f);border:1px solid #1d5e86;border-radius:6px;overflow:hidden}
frontend/public/trfmc_antenna_system_explorer_v12_operativo.html	23	.title{background:#0a1b2e;border-bottom:1px solid #1d5e86;color:var(--cyan);font-weight:700;padding:6px 8px;text-transform:uppercase}
frontend/public/trfmc_antenna_system_explorer_v12_operativo.html	25	.ctrl{border:1px solid #183d58;background:#081522;border-radius:5px;padding:7px;margin-bottom:7px}
frontend/public/trfmc_antenna_system_explorer_v12_operativo.html	29	select{background:#10233a;color:var(--text);border:1px solid #285d82;border-radius:4px;padding:6px}
frontend/public/trfmc_antenna_system_explorer_v12_operativo.html	30	button{width:100%;background:#10233a;color:var(--text);border:1px solid #285d82;border-radius:4px;padding:7px;margin:4px 0;text-align:left;cursor:pointer}
frontend/public/trfmc_antenna_system_explorer_v12_operativo.html	31	button.active,button:hover{background:#145078;border-color:var(--cyan);box-shadow:inset 3px 0 0 var(--yellow)}
frontend/public/trfmc_antenna_system_explorer_v12_operativo.html	33	.kpi{background:#07111f;border:1px solid #214c6a;border-radius:5px;padding:7px;min-height:64px}
frontend/public/trfmc_antenna_system_explorer_v12_operativo.html	36	.frame{background:#02070f;border:1px solid #1d5e86;border-radius:6px;overflow:hidden;position:relative}
frontend/public/trfmc_antenna_system_explorer_v12_operativo.html	37	.frame h3{margin:0;background:#0a1b2e;border-bottom:1px solid #1d5e86;padding:5px 7px;color:var(--cyan);font-size:12px}
frontend/public/trfmc_antenna_system_explorer_v12_operativo.html	39	#siteFrame{grid-column:1/3}
frontend/public/trfmc_antenna_system_explorer_v12_operativo.html	42	.overlayControls{position:absolute;top:34px;right:8px;display:flex;gap:10px;align-items:center;z-index:3;background:#061120cc;border:1px solid #1d5e86;border-radius:5px;padding:5px 8px}
frontend/public/trfmc_antenna_system_explorer_v12_operativo.html	45	.formula{border:1px solid #183d58;background:#081522;border-radius:5px;padding:7px;margin-bottom:6px;font-family:ui-monospace,monospace;color:#d3e8ff}
frontend/public/trfmc_antenna_system_explorer_v12_operativo.html	48	.log div{border-bottom:1px solid #17344c;padding:4px 0;color:#cde7ff}
frontend/public/trfmc_antenna_system_explorer_v12_operativo.html	49	.alarm{border:1px solid #183d58;background:#081522;border-radius:5px;padding:8px;color:var(--green)}
frontend/public/trfmc_antenna_system_explorer_v12_operativo.html	51	@media(max-width:1300px){body{overflow:auto}main{height:auto;grid-template-columns:1fr}.kpis,.grid{grid-template-columns:1fr}.grid{height:auto}#siteFrame{grid-column:auto}.frame{height:280px}}
frontend/public/trfmc_antenna_system_explorer_v12_operativo.html	64	    <div style="color:#86a7c6;font-size:11px">Panel antenna · RRU/BBU · RET/AISG · MIMO · Port mapping · VSWR · EIRP · Beam · Coverage</div>
frontend/public/trfmc_antenna_system_explorer_v12_operativo.html	225	  $("alarm").style.color=alarm?"#ff3366":"#7dff4f";
frontend/public/trfmc_antenna_system_explorer_v12_operativo.html	258	  c.strokeStyle="#86a7c6"; c.lineWidth=5; c.beginPath(); c.moveTo(cx,cy+80); c.lineTo(cx,cy-70); c.stroke();
frontend/public/trfmc_antenna_system_explorer_v12_operativo.html	259	  c.fillStyle="#eaf3ff"; c.fillRect(cx-18,cy-65,36,100);
frontend/public/trfmc_antenna_system_explorer_v12_operativo.html	260	  c.fillStyle="#ffd500"; c.font="13px system-ui"; c.fillText(`${p.type} · ${$("kfreq").textContent} · Gain ${p.gain.toFixed(1)} dBi · Az ${p.az}° · Tilt ${p.tilt}° · ${view}`,20,26);
frontend/public/trfmc_antenna_system_explorer_v12_operativo.html	261	  c.fillStyle="#eaf3ff"; c.fillText("500 m",w-300,h-35); c.fillText("2 km",w-220,h-35); c.fillText("5 km",w-120,h-35);
frontend/public/trfmc_antenna_system_explorer_v12_operativo.html	269	    [["#7dff4f",1],["#ffd500",.55],["#00d9ff",.4]].forEach(([col,scale])=>{
frontend/public/trfmc_antenna_system_explorer_v12_operativo.html	274	    c.fillStyle="#eaf3ff";c.fillText(name,ccx-25,h-20)
frontend/public/trfmc_antenna_system_explorer_v12_operativo.html	280	    ["P1","Low Band 900","880-960","80","24.0","OK","#ff3366"],
frontend/public/trfmc_antenna_system_explorer_v12_operativo.html	281	    ["P2","Mid Band 1800","1710-1880","170","24.0","OK","#ffd500"],
frontend/public/trfmc_antenna_system_explorer_v12_operativo.html	282	    ["P3","High Band 2100","1920-2170","250","24.0","OK","#00d9ff"],
frontend/public/trfmc_antenna_system_explorer_v12_operativo.html	283	    ["P4","n78 5G","3300-3800","100",p.ptx.toFixed(1),"OK","#7dff4f"],
frontend/public/trfmc_antenna_system_explorer_v12_operativo.html	284	    ["P5","n77 5G","3300-4200","900","—","N/A","#555"]
frontend/public/trfmc_antenna_system_explorer_v12_operativo.html	286	  c.fillStyle="#86a7c6";["PORT","BAND / SERVICE","FREQ MHz","BW","POWER","STATUS"].forEach((x,i)=>c.fillText(x,28+i*115,30));
frontend/public/trfmc_antenna_system_explorer_v12_operativo.html	287	  rows.forEach((r,idx)=>{let y=55+idx*34;c.fillStyle=r[6];c.beginPath();c.arc(35,y-5,5,0,Math.PI*2);c.fill();c.fillStyle="#dcecff";r.slice(0,6).forEach((x,i)=>c.fillText(x,55+i*115,y));});
frontend/public/trfmc_antenna_system_explorer_v12_operativo.html	291	  c.fillStyle="#dcecff"; c.fillText(`RET electrical tilt ${p.tilt.toFixed(1)}° · AISG connected · step 0.1°`,18,24);
frontend/public/trfmc_antenna_system_explorer_v12_operativo.html	292	  [-2,0,4,8].forEach((tilt,idx)=>{c.beginPath();for(let x=0;x<w;x++){let d=x/w*10+.1,y=h-30-(90/(1+Math.pow(d,2)))+tilt*5+idx*4;x?c.lineTo(x,y):c.moveTo(x,y)}c.strokeStyle=["#ff3366","#ffd500","#7dff4f","#00d9ff"][idx];c
frontend/public/trfmc_antenna_system_explorer_v12_operativo.html	298	  const cx=300,cy=125; [-60,-30,0,30,60].forEach((a,i)=>{let rad=(a+p.az)*Math.PI/180;c.strokeStyle=["#00d9ff","#7dff4f","#ff3366","#ffd500","#c66bff"][i];c.beginPath();c.moveTo(cx,cy);c.lineTo(cx+Math.cos(rad)*320,cy+Ma
frontend/public/trfmc_antenna_system_explorer_v12_operativo.html	299	  c.fillStyle="#dcecff"; c.fillText(`${mimoLabel(p.type)} array · beam width ${(65-p.gain).toFixed(0)}° · MU-MIMO vectors`,20,22)
frontend/public/trfmc_portal_link_graph_v1.html	8	:root{--bg:#01060d;--p:#061120;--p2:#081522;--line:#1d6f9f;--text:#eaf3ff;--muted:#86a7c6;--cyan:#00d9ff;--green:#7dff4f;--yellow:#ffd500}
frontend/public/trfmc_portal_link_graph_v1.html	10	html,body{margin:0;min-height:100%;background:radial-gradient(circle at 50% 0,rgba(0,217,255,.14),transparent 35%),#01060d;color:var(--text);font:12px Segoe UI,system-ui,sans-serif}
frontend/public/trfmc_portal_link_graph_v1.html	11	header{height:58px;background:#050b13;border-bottom:1px solid var(--line);display:flex;align-items:center;justify-content:space-between;padding:0 14px;position:sticky;top:0;z-index:10}
frontend/public/trfmc_portal_link_graph_v1.html	14	button,a.btn{background:#10233a;color:var(--text);border:1px solid #285d82;border-radius:4px;padding:7px 10px;text-decoration:none;cursor:pointer}
frontend/public/trfmc_portal_link_graph_v1.html	15	button:hover,a.btn:hover{border-color:var(--cyan);background:#145078;box-shadow:inset 3px 0 0 var(--yellow)}
frontend/public/trfmc_portal_link_graph_v1.html	17	aside,.stage{border:1px solid var(--line);background:linear-gradient(180deg,#061321,#02070f);border-radius:8px;overflow:hidden}
frontend/public/trfmc_portal_link_graph_v1.html	18	.title{background:#0a1b2e;border-bottom:1px solid #1d5e86;color:var(--cyan);font-weight:700;padding:8px;text-transform:uppercase}
frontend/public/trfmc_portal_link_graph_v1.html	23	.card{border:1px solid #214a68;background:#081522;border-radius:7px;padding:10px;min-height:130px;position:relative}
frontend/public/trfmc_portal_link_graph_v1.html	24	.card:hover{border-color:var(--yellow);box-shadow:inset 4px 0 0 var(--yellow);background:#10233a}
frontend/public/trfmc_portal_link_graph_v1.html	27	.card code{display:block;margin:8px 0;color:#cde7ff;font-size:10px;word-break:break-all}
frontend/public/trfmc_portal_link_graph_v1.html	125	  display:block; padding:11px 14px; border:1px solid #00e5ff;
frontend/public/trfmc_portal_link_graph_v1.html	126	  background:linear-gradient(180deg,#092238,#020811); color:#dff8ff;
frontend/public/trfmc_portal_link_graph_v1.html	130	.trfmc-v6r4-signal-link small {display:block;color:#75ff5b;font-weight:500;margin-top:2px}
frontend/public/security_console_v18.html	11	      --cyan:#58d6f9;
frontend/public/security_console_v18.html	12	      --amber:#d29922;
frontend/public/security_console_v18.html	13	      --red:#ff4d6d;
frontend/public/security_console_v18.html	14	      --green:#3fb950;
frontend/public/security_console_v18.html	15	      --text:#edf8ff;
frontend/public/security_console_v18.html	16	      --muted:#8da4b3;
frontend/public/security_console_v18.html	25	        linear-gradient(135deg,#020711,#06111d 50%,#02040a);
frontend/public/security_console_v18.html	104	      color:#e8f6ff;
frontend/public/trfmc_measurement_chain_dsp_engine_v2.html	9	  --bg:#02070f;--panel:#07111f;--panel2:#0b1728;--line:#1c6f9f;
frontend/public/trfmc_measurement_chain_dsp_engine_v2.html	10	  --text:#eaf3ff;--muted:#8aa7c5;--cyan:#54d7ff;--green:#9dff6a;
frontend/public/trfmc_measurement_chain_dsp_engine_v2.html	11	  --yellow:#ffd84d;--blue:#38a5ff;--red:#ff5f6d;--orange:#ff9e3d;
frontend/public/trfmc_measurement_chain_dsp_engine_v2.html	14	body{margin:0;background:#02070f;color:var(--text);font-family:Inter,Segoe UI,system-ui,sans-serif;font-size:12px}
frontend/public/trfmc_measurement_chain_dsp_engine_v2.html	15	header{height:56px;background:#060b13;border-bottom:1px solid var(--line);display:flex;align-items:center;justify-content:space-between;padding:0 12px}
frontend/public/trfmc_measurement_chain_dsp_engine_v2.html	18	a{color:var(--text);text-decoration:none;border:1px solid #2c7ba8;background:#0c1a2b;border-radius:4px;padding:6px 8px}
frontend/public/trfmc_measurement_chain_dsp_engine_v2.html	20	.panel{background:var(--panel);border:1px solid #214c6a;border-radius:6px;overflow:hidden}
frontend/public/trfmc_measurement_chain_dsp_engine_v2.html	21	.title{background:#0b1b2d;border-bottom:1px solid #214c6a;padding:7px 9px;color:var(--cyan);font-weight:700;text-transform:uppercase}
frontend/public/trfmc_measurement_chain_dsp_engine_v2.html	23	.ctrl{border:1px solid #214c6a;background:#081524;border-radius:5px;padding:8px;margin-bottom:7px}
frontend/public/trfmc_measurement_chain_dsp_engine_v2.html	27	select{background:#10233a;color:var(--text);border:1px solid #285d82;border-radius:4px;padding:6px}
frontend/public/trfmc_measurement_chain_dsp_engine_v2.html	29	.kpi{background:#07111f;border:1px solid #214c6a;border-radius:5px;padding:7px}
frontend/public/trfmc_measurement_chain_dsp_engine_v2.html	32	.stage{background:#081524;border:1px solid #285d82;border-radius:5px;padding:7px;text-align:center;position:relative}
frontend/public/trfmc_measurement_chain_dsp_engine_v2.html	33	.stage b{display:block;color:#eaf3ff}.stage span{color:var(--muted);font-size:10px}
frontend/public/trfmc_measurement_chain_dsp_engine_v2.html	36	.frame{background:#02070f;border:1px solid #214c6a;border-radius:6px;overflow:hidden}
frontend/public/trfmc_measurement_chain_dsp_engine_v2.html	37	.frame h3{margin:0;background:#0b1b2d;border-bottom:1px solid #214c6a;padding:6px 8px;font-size:12px;color:#dcecff}
frontend/public/trfmc_measurement_chain_dsp_engine_v2.html	38	canvas{width:100%;display:block;background:#030912}
frontend/public/trfmc_measurement_chain_dsp_engine_v2.html	39	#spectrum{height:320px}#ifview,#filterview,#timeview,#iqview{height:220px}
frontend/public/trfmc_measurement_chain_dsp_engine_v2.html	40	.formula{border:1px solid #214c6a;background:#081524;border-radius:5px;padding:8px;margin-bottom:6px;color:#c8daf1;font-family:ui-monospace,monospace}
frontend/public/trfmc_measurement_chain_dsp_engine_v2.html	42	.log{height:220px;overflow:auto;font-family:ui-monospace,monospace;color:#c7ddf4;font-size:11px}
frontend/public/trfmc_measurement_chain_dsp_engine_v2.html	43	.log div{border-bottom:1px solid #18364d;padding:5px 0}
frontend/public/trfmc_measurement_chain_dsp_engine_v2.html	44	button{width:100%;text-align:left;color:var(--text);background:#10233a;border:1px solid #285d82;border-radius:4px;margin:5px 0;padding:8px;cursor:pointer}
frontend/public/trfmc_measurement_chain_dsp_engine_v2.html	45	button:hover,button.active{background:#17456d;border-color:#54d7ff;box-shadow:inset 3px 0 0 #ffd84d}
frontend/public/trfmc_measurement_chain_dsp_engine_v2.html	59	    <div style="color:#8aa7c5;font-size:11px">Receiver chain · Filters · IF · RBW/VBW · Detector · Average · Peak · SNR · DSP math</div>
frontend/public/trfmc_measurement_chain_dsp_engine_v2.html	184	 draw(arr,"#54d7ff");draw(avgTrace,"#9dff6a");draw(peakHold,"#ffd84d",1.4);draw(minHold,"#ff5f6d",1);
frontend/public/trfmc_measurement_chain_dsp_engine_v2.html	187	 ctx.fillStyle="#eaf3ff";ctx.font="13px system-ui";ctx.fillText(`${mode} · ${p.det} detector · ${p.win} window · RBW ${p.rbw} kHz · VBW ${p.vbw} kHz · Avg ${p.avg}`,18,24);
frontend/public/trfmc_measurement_chain_dsp_engine_v2.html	189	function ifview(){let ctx=X.i,w=C.i.width,h=C.i.height,p=val();ctx.clearRect(0,0,w,h);grid(ctx,w,h);ctx.fillStyle="#eaf3ff";ctx.fillText("Mixer products: RF, LO, IF = |RF-LO|, image responses",18,24);let pts=[.18,.42,.58
frontend/public/trfmc_measurement_chain_dsp_engine_v2.html	190	function filterview(){let ctx=X.f,w=C.f.width,h=C.f.height,p=val();ctx.clearRect(0,0,w,h);grid(ctx,w,h);ctx.beginPath();for(let x=0;x<w;x++){let u=(x-w/2)/(40+p.rbw*.08),y=h-36-(1/(1+Math.pow(Math.abs(u),6)))*(h-70);x?ct
frontend/public/trfmc_measurement_chain_dsp_engine_v2.html	191	function timeview(){let ctx=X.t,w=C.t.width,h=C.t.height,p=val();ctx.clearRect(0,0,w,h);grid(ctx,w,h);ctx.strokeStyle="#54d7ff";ctx.lineWidth=2;ctx.beginPath();for(let x=0;x<w;x++){let y=h/2-Math.sin(x*.05+tick*.06)*55-M
frontend/public/trfmc_measurement_chain_dsp_engine_v2.html	192	function iqview(){let ctx=X.q,w=C.q.width,h=C.q.height,cx=w/2,cy=h/2,p=val(),snr=+( $("ksnr").textContent||20);ctx.clearRect(0,0,w,h);grid(ctx,w,h);ctx.strokeStyle="rgba(157,255,106,.25)";ctx.beginPath();ctx.moveTo(cx,20
frontend/public/trfmc_emergency_reset_layout_state.html	7	body{margin:0;background:#02070f;color:#eaf3ff;font-family:Segoe UI,system-ui,sans-serif;display:grid;place-items:center;height:100vh}
frontend/public/trfmc_emergency_reset_layout_state.html	8	.box{border:1px solid #1d6f9f;background:#061120;border-radius:10px;padding:26px;max-width:760px}
frontend/public/trfmc_emergency_reset_layout_state.html	9	h1{color:#00d9ff;margin-top:0}
frontend/public/trfmc_emergency_reset_layout_state.html	10	code{color:#7dff4f}
frontend/public/trfmc_emergency_reset_layout_state.html	11	a{color:#ffd500}
frontend/public/trfmc_perfection_authority_v1.html	16	.pa-kpi small{display:block;color:#8fb8c8;text-transform:uppercase;font-size:10px}
frontend/public/trfmc_perfection_authority_v1.html	17	.pa-kpi b{display:block;color:#75ff5b;font-size:20px;margin-top:4px}
frontend/public/trfmc_perfection_authority_v1.html	20	th{color:#00e5ff;background:rgba(0,229,255,.06)}
frontend/public/trfmc_perfection_authority_v1.html	21	tr.critical td{color:#ff9abc}
frontend/public/trfmc_perfection_authority_v1.html	22	tr.weak td{color:#ffd84d}
frontend/public/trfmc_perfection_authority_v1.html	23	tr.good td{color:#dffaff}
frontend/public/trfmc_perfection_authority_v1.html	24	tr.premium td{color:#75ff5b}
frontend/public/trfmc_perfection_authority_v1.html	26	.debt b{color:#ffd84d} .debt span{color:#8fb8c8}
frontend/public/trfmc_integration_control_room_v2.html	11	input,select{background:#03101a;color:#e8f9ff;border:1px solid #0b75a8;border-radius:4px;padding:7px}
frontend/public/trfmc_integration_control_room_v2.html	12	.small{font-size:11px;color:#8bb7c9}
frontend/public/trfmc_wifi_5_6_7_8_qam_engine_v1.html	8	body{margin:0;background:#02070f;color:#eaf3ff;font:12px Inter,Segoe UI,system-ui,sans-serif}
frontend/public/trfmc_wifi_5_6_7_8_qam_engine_v1.html	9	header{height:48px;background:#050b13;border-bottom:1px solid #1d6f9f;display:flex;justify-content:space-between;align-items:center;padding:0 12px}
frontend/public/trfmc_wifi_5_6_7_8_qam_engine_v1.html	11	a{color:#eaf3ff;text-decoration:none;border:1px solid #1d6f9f;background:#0a1828;border-radius:4px;padding:6px 9px;margin-left:5px}
frontend/public/trfmc_wifi_5_6_7_8_qam_engine_v1.html	13	.panel{background:#061120;border:1px solid #1d5e86;border-radius:6px;overflow:hidden}
frontend/public/trfmc_wifi_5_6_7_8_qam_engine_v1.html	14	.title{background:#0a1b2e;border-bottom:1px solid #1d5e86;color:#00d9ff;font-weight:700;padding:6px 8px;text-transform:uppercase}
frontend/public/trfmc_wifi_5_6_7_8_qam_engine_v1.html	16	.ctrl{border:1px solid #183d58;background:#081522;border-radius:5px;padding:8px;margin-bottom:7px}
frontend/public/trfmc_wifi_5_6_7_8_qam_engine_v1.html	17	.ctrl b{color:#7dff4f;display:block;margin-bottom:5px}
frontend/public/trfmc_wifi_5_6_7_8_qam_engine_v1.html	18	label{display:flex;justify-content:space-between;color:#86a7c6;font-size:11px}
frontend/public/trfmc_wifi_5_6_7_8_qam_engine_v1.html	20	select{background:#10233a;color:#eaf3ff;border:1px solid #285d82;border-radius:4px;padding:6px}
frontend/public/trfmc_wifi_5_6_7_8_qam_engine_v1.html	22	.kpi{background:#07111f;border:1px solid #214c6a;border-radius:5px;padding:6px}
frontend/public/trfmc_wifi_5_6_7_8_qam_engine_v1.html	23	.kpi b{font-size:14px;display:block}.kpi span{font-size:9px;color:#86a7c6}
frontend/public/trfmc_wifi_5_6_7_8_qam_engine_v1.html	25	.frame{background:#02070f;border:1px solid #1d5e86;border-radius:6px;overflow:hidden}
frontend/public/trfmc_wifi_5_6_7_8_qam_engine_v1.html	26	.frame h3{margin:0;background:#0a1b2e;border-bottom:1px solid #1d5e86;padding:5px 7px;color:#00d9ff;font-size:12px}
frontend/public/trfmc_wifi_5_6_7_8_qam_engine_v1.html	28	#specFrame{grid-column:1/3}
frontend/public/trfmc_wifi_5_6_7_8_qam_engine_v1.html	29	button{width:100%;background:#10233a;color:#eaf3ff;border:1px solid #285d82;border-radius:4px;padding:7px;margin:4px 0;text-align:left;cursor:pointer}
frontend/public/trfmc_wifi_5_6_7_8_qam_engine_v1.html	30	button.active,button:hover{background:#145078;border-color:#00d9ff;box-shadow:inset 3px 0 0 #ffd500}
frontend/public/trfmc_wifi_5_6_7_8_qam_engine_v1.html	31	.formula{border:1px solid #183d58;background:#081522;border-radius:5px;padding:7px;margin-bottom:6px;font-family:ui-monospace,monospace;color:#d3e8ff}
frontend/public/trfmc_wifi_5_6_7_8_qam_engine_v1.html	32	.formula b{color:#ffd500}
frontend/public/trfmc_wifi_5_6_7_8_qam_engine_v1.html	34	.log div{border-bottom:1px solid #17344c;padding:4px 0;color:#cde7ff}
frontend/public/trfmc_wifi_5_6_7_8_qam_engine_v1.html	45	<div><h1>TRFMC Wi-Fi 5/6/6E/7/8 OFDM QAM Engine</h1><div style="color:#86a7c6;font-size:11px">OFDM/OFDMA · MCS · RU · 1024/4096-QAM · EVM · SNR · Channel width · Spectrum mask</div></div>
frontend/public/trfmc_wifi_5_6_7_8_qam_engine_v1.html	137	function spectrum(){let c=cv.spec,w=1500,h=330,q=p();c.clearRect(0,0,w,h);grid(c,w,h);let occ=w*(q.load/100),start=(w-occ)/2,end=start+occ,punct=occ*q.pun/100;c.fillStyle="rgba(255,51,102,.13)";c.fillRect(start+occ*.55,0
frontend/public/trfmc_wifi_5_6_7_8_qam_engine_v1.html	138	function rumap(){let c=cv.ru,w=760,h=230,q=p();c.clearRect(0,0,w,h);grid(c,w,h);let cols=q.bw>=320?16:q.bw>=160?8:q.bw>=80?4:2;let rows=8,gw=(w-40)/cols,gh=(h-50)/rows;for(let r=0;r<rows;r++)for(let col=0;col<cols;col++)
frontend/public/trfmc_wifi_5_6_7_8_qam_engine_v1.html	139	function constellation(){let c=cv.const,w=760,h=230,q=p(),cx=w/2,cy=h/2;c.clearRect(0,0,w,h);grid(c,w,h);c.strokeStyle="rgba(125,255,79,.20)";c.beginPath();c.moveTo(cx,15);c.lineTo(cx,h-15);c.moveTo(15,cy);c.lineTo(w-15,
frontend/public/trfmc_wifi_5_6_7_8_qam_engine_v1.html	140	function mlo(){let c=cv.mlo,w=760,h=230,q=p();c.clearRect(0,0,w,h);grid(c,w,h);let links=q.std==="be"||q.std==="bn"?3:1;for(let i=0;i<links;i++){let y=55+i*55;c.strokeStyle=["#00d9ff","#7dff4f","#ffd500"][i];c.lineWidth=
frontend/public/trfmc_wifi_5_6_7_8_qam_engine_v1.html	141	function trend(){let c=cv.trend,w=760,h=230,q=p();c.clearRect(0,0,w,h);grid(c,w,h);["#00d9ff","#7dff4f","#ffd500","#ff3366"].forEach((col,k)=>{c.beginPath();for(let x=0;x<w;x++){let y=h/2+Math.sin(x*.02+t*.03+k)*35+k*18+
frontend/public/rf_instrumentation_signal_cockpit_v38.html	14	  --cyan:#58d6f9;
frontend/public/rf_instrumentation_signal_cockpit_v38.html	15	  --green:#3fb950;
frontend/public/rf_instrumentation_signal_cockpit_v38.html	16	  --amber:#d29922;
frontend/public/rf_instrumentation_signal_cockpit_v38.html	17	  --red:#ff4d6d;
frontend/public/rf_instrumentation_signal_cockpit_v38.html	18	  --violet:#a371f7;
frontend/public/rf_instrumentation_signal_cockpit_v38.html	19	  --text:#edf8ff;
frontend/public/rf_instrumentation_signal_cockpit_v38.html	20	  --muted:#8da4b3;
frontend/public/rf_instrumentation_signal_cockpit_v38.html	192	pre{margin:0;max-height:360px;overflow:auto;background:rgba(0,0,0,.25);padding:12px;color:#e8f6ff;font-size:10px;line-height:1.4}
frontend/public/trfmc_final_promotion_gate_v1.html	16	.final-kpi small{display:block;color:#8fb8c8;text-transform:uppercase;font-size:10px}
frontend/public/trfmc_final_promotion_gate_v1.html	17	.final-kpi b{display:block;color:#75ff5b;font-size:20px}
frontend/public/trfmc_final_promotion_gate_v1.html	20	th{color:#00e5ff;background:rgba(0,229,255,.06)}
frontend/public/trfmc_final_promotion_gate_v1.html	21	tr.good td{color:#dffaff}
frontend/public/trfmc_final_promotion_gate_v1.html	22	tr.premium td{color:#75ff5b}
frontend/public/trfmc_change_control_policy_v1.html	16	.gov-kpi small{display:block;color:#8fb8c8;text-transform:uppercase;font-size:10px}
frontend/public/trfmc_change_control_policy_v1.html	17	.gov-kpi b{display:block;color:#75ff5b;font-size:20px}
frontend/public/trfmc_change_control_policy_v1.html	20	th{color:#00e5ff;background:rgba(0,229,255,.06)}
frontend/public/trfmc_change_control_policy_v1.html	21	.badge{display:inline-block;border:1px solid rgba(117,255,91,.35);background:rgba(117,255,91,.07);color:#75ff5b;border-radius:6px;padding:2px 6px;font-size:9px}
frontend/public/trfmc_change_control_policy_v1.html	22	.warn{color:#ffd84d}
frontend/public/trfmc_change_control_policy_v1.html	23	.danger{color:#ff3d7f}
frontend/public/trfmc_assets/visual_knowledge/05_rf_lab_visuals/rf_microwave_engineering_lab.svg	2	  <rect width="1672" height="941" fill="#020812"/>
frontend/public/trfmc_assets/visual_knowledge/05_rf_lab_visuals/rf_microwave_engineering_lab.svg	3	  <text x="70" y="90" fill="#75eaff" font-family="Arial" font-size="42" font-weight="700">TRFMC RF &amp; MICROWAVE ENGINEERING LAB</text>
frontend/public/trfmc_assets/visual_knowledge/05_rf_lab_visuals/rf_microwave_engineering_lab.svg	4	  <text x="70" y="145" fill="#f1fbff" font-family="Arial" font-size="24">VNA · Spectrum Analyzer · RF Signal Generator · DUT · S-Parameters · Smith Chart · Power Sensor</text>
frontend/public/trfmc_assets/visual_knowledge/05_rf_lab_visuals/rf_microwave_engineering_lab.svg	5	  <rect x="70" y="210" width="1532" height="520" rx="28" fill="#06111f" stroke="#75eaff"/>
frontend/public/trfmc_assets/visual_knowledge/05_rf_lab_visuals/rf_microwave_engineering_lab.svg	6	  <text x="110" y="300" fill="#8dffbd" font-family="Arial" font-size="30">Generated coherent PNG render available:</text>
frontend/public/trfmc_assets/visual_knowledge/05_rf_lab_visuals/rf_microwave_engineering_lab.svg	7	  <text x="110" y="350" fill="#f1fbff" font-family="Arial" font-size="24">/trfmc_assets/visual_knowledge/05_rf_lab_visuals/rf_microwave_engineering_lab.png</text>
frontend/public/trfmc_assets/visual_knowledge/06_uav_rf_links/falco_xplorer_vs_bayraktar_tb2.svg	4	      <stop offset="0%" stop-color="#75eaff" stop-opacity=".26"/>
frontend/public/trfmc_assets/visual_knowledge/06_uav_rf_links/falco_xplorer_vs_bayraktar_tb2.svg	5	      <stop offset="42%" stop-color="#06111f" stop-opacity=".95"/>
frontend/public/trfmc_assets/visual_knowledge/06_uav_rf_links/falco_xplorer_vs_bayraktar_tb2.svg	6	      <stop offset="100%" stop-color="#020812" stop-opacity="1"/>
frontend/public/trfmc_assets/visual_knowledge/06_uav_rf_links/falco_xplorer_vs_bayraktar_tb2.svg	9	      <stop offset="0%" stop-color="#0b2741"/>
frontend/public/trfmc_assets/visual_knowledge/06_uav_rf_links/falco_xplorer_vs_bayraktar_tb2.svg	10	      <stop offset="100%" stop-color="#04101d"/>
frontend/public/trfmc_assets/visual_knowledge/06_uav_rf_links/falco_xplorer_vs_bayraktar_tb2.svg	18	  <rect width="1600" height="900" fill="url(#g1)"/>
frontend/public/trfmc_assets/visual_knowledge/06_uav_rf_links/falco_xplorer_vs_bayraktar_tb2.svg	20	    <path d="M0 670 H1600 M0 730 H1600 M0 790 H1600 M0 850 H1600" stroke="#75eaff" stroke-width="1"/>
frontend/public/trfmc_assets/visual_knowledge/06_uav_rf_links/falco_xplorer_vs_bayraktar_tb2.svg	21	    <path d="M120 0 V900 M260 0 V900 M400 0 V900 M540 0 V900 M680 0 V900 M820 0 V900 M960 0 V900 M1100 0 V900 M1240 0 V900 M1380 0 V900" stroke="#75eaff" stroke-width="1"/>
frontend/public/trfmc_assets/visual_knowledge/06_uav_rf_links/falco_xplorer_vs_bayraktar_tb2.svg	25	    <text x="0" y="0" font-size="28" font-family="Inter,Segoe UI,Arial" font-weight="800" fill="#75eaff" letter-spacing="6">TRFMC VISUAL FALLBACK ASSET</text>
frontend/public/trfmc_assets/visual_knowledge/06_uav_rf_links/falco_xplorer_vs_bayraktar_tb2.svg	26	    <text x="0" y="58" font-size="58" font-family="Inter,Segoe UI,Arial" font-weight="900" fill="#f1fbff">UAV Platforms and ISR Systems</text>
frontend/public/trfmc_assets/visual_knowledge/06_uav_rf_links/falco_xplorer_vs_bayraktar_tb2.svg	27	    <text x="0" y="104" font-size="24" font-family="Inter,Segoe UI,Arial" fill="#9ab5c9">Fallback tecnico per UAV ISR, payload, datalink, telemetry e GCS.</text>
frontend/public/trfmc_assets/visual_knowledge/06_uav_rf_links/falco_xplorer_vs_bayraktar_tb2.svg	30	  <g transform="translate(820,390)" filter="url(#glow)">
frontend/public/trfmc_assets/visual_knowledge/06_uav_rf_links/falco_xplorer_vs_bayraktar_tb2.svg	31	    <ellipse cx="0" cy="0" rx="260" ry="92" fill="#75eaff" opacity=".18"/>
frontend/public/trfmc_assets/visual_knowledge/06_uav_rf_links/falco_xplorer_vs_bayraktar_tb2.svg	32	    <ellipse cx="0" cy="0" rx="170" ry="58" fill="#ffd37b" opacity=".16"/>
frontend/public/trfmc_assets/visual_knowledge/06_uav_rf_links/falco_xplorer_vs_bayraktar_tb2.svg	33	    <path d="M-340 80 L-120 -60 L120 -60 L340 80 Z" fill="url(#panel)" stroke="#75eaff" stroke-opacity=".6" stroke-width="3"/>
frontend/public/trfmc_assets/visual_knowledge/06_uav_rf_links/falco_xplorer_vs_bayraktar_tb2.svg	34	    <path d="M-200 25 L-60 -35 L80 -20 L210 48" fill="none" stroke="#ffd37b" stroke-width="9" stroke-linecap="round"/>
frontend/public/trfmc_assets/visual_knowledge/06_uav_rf_links/falco_xplorer_vs_bayraktar_tb2.svg	35	    <circle cx="-220" cy="50" r="22" fill="#75eaff" opacity=".75"/>
frontend/public/trfmc_assets/visual_knowledge/06_uav_rf_links/falco_xplorer_vs_bayraktar_tb2.svg	36	    <circle cx="220" cy="50" r="22" fill="#ffd37b" opacity=".75"/>
frontend/public/trfmc_assets/visual_knowledge/06_uav_rf_links/falco_xplorer_vs_bayraktar_tb2.svg	37	    <path d="M-80 -105 C-30 -170 80 -170 140 -110" fill="none" stroke="#75eaff" stroke-width="5" opacity=".75"/>
frontend/public/trfmc_assets/visual_knowledge/06_uav_rf_links/falco_xplorer_vs_bayraktar_tb2.svg	38	    <path d="M-140 -155 C-60 -255 110 -255 210 -155" fill="none" stroke="#ffd37b" stroke-width="3" opacity=".52"/>
frontend/public/trfmc_assets/visual_knowledge/06_uav_rf_links/falco_xplorer_vs_bayraktar_tb2.svg	41	  <g transform="translate(90,760)"><rect x="-70" y="-24" width="140" height="48" rx="18" fill="rgba(5,17,31,.88)" stroke="#75eaff" stroke-opacity=".45"/><text x="0" y="6" text-anchor="middle" font-size="22" font-weight="
frontend/public/trfmc_assets/visual_knowledge/06_uav_rf_links/falco_xplorer_vs_bayraktar_tb2.svg	44	    <rect x="0" y="-46" width="520" height="74" rx="22" fill="rgba(5,17,31,.82)" stroke="#ffd37b" stroke-opacity=".35"/>
frontend/public/trfmc_assets/visual_knowledge/06_uav_rf_links/falco_xplorer_vs_bayraktar_tb2.svg	45	    <text x="24" y="-6" font-size="24" font-family="Inter,Segoe UI,Arial" fill="#ffd37b" font-weight="800">source_mode: fallback · replaceable with real render</text>
frontend/public/trfmc_assets/visual_knowledge/02_antennas_microstrip/microstrip_patch_antenna_5g.svg	4	      <stop offset="0%" stop-color="#ffb06d" stop-opacity=".26"/>
frontend/public/trfmc_assets/visual_knowledge/02_antennas_microstrip/microstrip_patch_antenna_5g.svg	5	      <stop offset="42%" stop-color="#06111f" stop-opacity=".95"/>
frontend/public/trfmc_assets/visual_knowledge/02_antennas_microstrip/microstrip_patch_antenna_5g.svg	6	      <stop offset="100%" stop-color="#020812" stop-opacity="1"/>
frontend/public/trfmc_assets/visual_knowledge/02_antennas_microstrip/microstrip_patch_antenna_5g.svg	9	      <stop offset="0%" stop-color="#0b2741"/>
frontend/public/trfmc_assets/visual_knowledge/02_antennas_microstrip/microstrip_patch_antenna_5g.svg	10	      <stop offset="100%" stop-color="#04101d"/>
frontend/public/trfmc_assets/visual_knowledge/02_antennas_microstrip/microstrip_patch_antenna_5g.svg	18	  <rect width="1600" height="900" fill="url(#g1)"/>
frontend/public/trfmc_assets/visual_knowledge/02_antennas_microstrip/microstrip_patch_antenna_5g.svg	20	    <path d="M0 670 H1600 M0 730 H1600 M0 790 H1600 M0 850 H1600" stroke="#ffb06d" stroke-width="1"/>
frontend/public/trfmc_assets/visual_knowledge/02_antennas_microstrip/microstrip_patch_antenna_5g.svg	21	    <path d="M120 0 V900 M260 0 V900 M400 0 V900 M540 0 V900 M680 0 V900 M820 0 V900 M960 0 V900 M1100 0 V900 M1240 0 V900 M1380 0 V900" stroke="#ffb06d" stroke-width="1"/>
frontend/public/trfmc_assets/visual_knowledge/02_antennas_microstrip/microstrip_patch_antenna_5g.svg	25	    <text x="0" y="0" font-size="28" font-family="Inter,Segoe UI,Arial" font-weight="800" fill="#ffb06d" letter-spacing="6">TRFMC VISUAL FALLBACK ASSET</text>
frontend/public/trfmc_assets/visual_knowledge/02_antennas_microstrip/microstrip_patch_antenna_5g.svg	26	    <text x="0" y="58" font-size="58" font-family="Inter,Segoe UI,Arial" font-weight="900" fill="#f1fbff">Microstrip Patch Antenna</text>
frontend/public/trfmc_assets/visual_knowledge/02_antennas_microstrip/microstrip_patch_antenna_5g.svg	27	    <text x="0" y="104" font-size="24" font-family="Inter,Segoe UI,Arial" fill="#9ab5c9">Fallback tecnico per patch, substrate, feed line, ground plane e pattern.</text>
frontend/public/trfmc_assets/visual_knowledge/02_antennas_microstrip/microstrip_patch_antenna_5g.svg	30	  <g transform="translate(820,390)" filter="url(#glow)">
frontend/public/trfmc_assets/visual_knowledge/02_antennas_microstrip/microstrip_patch_antenna_5g.svg	31	    <ellipse cx="0" cy="0" rx="260" ry="92" fill="#ffb06d" opacity=".18"/>
frontend/public/trfmc_assets/visual_knowledge/02_antennas_microstrip/microstrip_patch_antenna_5g.svg	32	    <ellipse cx="0" cy="0" rx="170" ry="58" fill="#75eaff" opacity=".16"/>
frontend/public/trfmc_assets/visual_knowledge/02_antennas_microstrip/microstrip_patch_antenna_5g.svg	33	    <path d="M-340 80 L-120 -60 L120 -60 L340 80 Z" fill="url(#panel)" stroke="#ffb06d" stroke-opacity=".6" stroke-width="3"/>
frontend/public/trfmc_assets/visual_knowledge/02_antennas_microstrip/microstrip_patch_antenna_5g.svg	34	    <path d="M-200 25 L-60 -35 L80 -20 L210 48" fill="none" stroke="#75eaff" stroke-width="9" stroke-linecap="round"/>
frontend/public/trfmc_assets/visual_knowledge/02_antennas_microstrip/microstrip_patch_antenna_5g.svg	35	    <circle cx="-220" cy="50" r="22" fill="#ffb06d" opacity=".75"/>
frontend/public/trfmc_assets/visual_knowledge/02_antennas_microstrip/microstrip_patch_antenna_5g.svg	36	    <circle cx="220" cy="50" r="22" fill="#75eaff" opacity=".75"/>
frontend/public/trfmc_assets/visual_knowledge/02_antennas_microstrip/microstrip_patch_antenna_5g.svg	37	    <path d="M-80 -105 C-30 -170 80 -170 140 -110" fill="none" stroke="#ffb06d" stroke-width="5" opacity=".75"/>
frontend/public/trfmc_assets/visual_knowledge/02_antennas_microstrip/microstrip_patch_antenna_5g.svg	38	    <path d="M-140 -155 C-60 -255 110 -255 210 -155" fill="none" stroke="#75eaff" stroke-width="3" opacity=".52"/>
frontend/public/trfmc_assets/visual_knowledge/02_antennas_microstrip/microstrip_patch_antenna_5g.svg	41	  <g transform="translate(90,760)"><rect x="-70" y="-24" width="140" height="48" rx="18" fill="rgba(5,17,31,.88)" stroke="#ffb06d" stroke-opacity=".45"/><text x="0" y="6" text-anchor="middle" font-size="22" font-weight="
frontend/public/trfmc_assets/visual_knowledge/02_antennas_microstrip/microstrip_patch_antenna_5g.svg	44	    <rect x="0" y="-46" width="520" height="74" rx="22" fill="rgba(5,17,31,.82)" stroke="#75eaff" stroke-opacity=".35"/>
frontend/public/trfmc_assets/visual_knowledge/02_antennas_microstrip/microstrip_patch_antenna_5g.svg	45	    <text x="24" y="-6" font-size="24" font-family="Inter,Segoe UI,Arial" fill="#75eaff" font-weight="800">source_mode: fallback · replaceable with real render</text>
frontend/public/trfmc_assets/visual_knowledge/03_antennas_types/types_of_telecom_antennas.svg	4	      <stop offset="0%" stop-color="#75eaff" stop-opacity=".26"/>
frontend/public/trfmc_assets/visual_knowledge/03_antennas_types/types_of_telecom_antennas.svg	5	      <stop offset="42%" stop-color="#06111f" stop-opacity=".95"/>
frontend/public/trfmc_assets/visual_knowledge/03_antennas_types/types_of_telecom_antennas.svg	6	      <stop offset="100%" stop-color="#020812" stop-opacity="1"/>
frontend/public/trfmc_assets/visual_knowledge/03_antennas_types/types_of_telecom_antennas.svg	9	      <stop offset="0%" stop-color="#0b2741"/>
frontend/public/trfmc_assets/visual_knowledge/03_antennas_types/types_of_telecom_antennas.svg	10	      <stop offset="100%" stop-color="#04101d"/>
frontend/public/trfmc_assets/visual_knowledge/03_antennas_types/types_of_telecom_antennas.svg	18	  <rect width="1600" height="900" fill="url(#g1)"/>
frontend/public/trfmc_assets/visual_knowledge/03_antennas_types/types_of_telecom_antennas.svg	20	    <path d="M0 670 H1600 M0 730 H1600 M0 790 H1600 M0 850 H1600" stroke="#75eaff" stroke-width="1"/>
frontend/public/trfmc_assets/visual_knowledge/03_antennas_types/types_of_telecom_antennas.svg	21	    <path d="M120 0 V900 M260 0 V900 M400 0 V900 M540 0 V900 M680 0 V900 M820 0 V900 M960 0 V900 M1100 0 V900 M1240 0 V900 M1380 0 V900" stroke="#75eaff" stroke-width="1"/>
frontend/public/trfmc_assets/visual_knowledge/03_antennas_types/types_of_telecom_antennas.svg	25	    <text x="0" y="0" font-size="28" font-family="Inter,Segoe UI,Arial" font-weight="800" fill="#75eaff" letter-spacing="6">TRFMC VISUAL FALLBACK ASSET</text>
frontend/public/trfmc_assets/visual_knowledge/03_antennas_types/types_of_telecom_antennas.svg	26	    <text x="0" y="58" font-size="58" font-family="Inter,Segoe UI,Arial" font-weight="900" fill="#f1fbff">Types of Telecom Antennas</text>
frontend/public/trfmc_assets/visual_knowledge/03_antennas_types/types_of_telecom_antennas.svg	27	    <text x="0" y="104" font-size="24" font-family="Inter,Segoe UI,Arial" fill="#9ab5c9">Fallback tecnico per sector, dish, MIMO, small cell, GPS, Yagi e horn.</text>
frontend/public/trfmc_assets/visual_knowledge/03_antennas_types/types_of_telecom_antennas.svg	30	  <g transform="translate(820,390)" filter="url(#glow)">
frontend/public/trfmc_assets/visual_knowledge/03_antennas_types/types_of_telecom_antennas.svg	31	    <ellipse cx="0" cy="0" rx="260" ry="92" fill="#75eaff" opacity=".18"/>
frontend/public/trfmc_assets/visual_knowledge/03_antennas_types/types_of_telecom_antennas.svg	32	    <ellipse cx="0" cy="0" rx="170" ry="58" fill="#ffd37b" opacity=".16"/>
frontend/public/trfmc_assets/visual_knowledge/03_antennas_types/types_of_telecom_antennas.svg	33	    <path d="M-340 80 L-120 -60 L120 -60 L340 80 Z" fill="url(#panel)" stroke="#75eaff" stroke-opacity=".6" stroke-width="3"/>
frontend/public/trfmc_assets/visual_knowledge/03_antennas_types/types_of_telecom_antennas.svg	34	    <path d="M-200 25 L-60 -35 L80 -20 L210 48" fill="none" stroke="#ffd37b" stroke-width="9" stroke-linecap="round"/>
frontend/public/trfmc_assets/visual_knowledge/03_antennas_types/types_of_telecom_antennas.svg	35	    <circle cx="-220" cy="50" r="22" fill="#75eaff" opacity=".75"/>
frontend/public/trfmc_assets/visual_knowledge/03_antennas_types/types_of_telecom_antennas.svg	36	    <circle cx="220" cy="50" r="22" fill="#ffd37b" opacity=".75"/>
frontend/public/trfmc_assets/visual_knowledge/03_antennas_types/types_of_telecom_antennas.svg	37	    <path d="M-80 -105 C-30 -170 80 -170 140 -110" fill="none" stroke="#75eaff" stroke-width="5" opacity=".75"/>
frontend/public/trfmc_assets/visual_knowledge/03_antennas_types/types_of_telecom_antennas.svg	38	    <path d="M-140 -155 C-60 -255 110 -255 210 -155" fill="none" stroke="#ffd37b" stroke-width="3" opacity=".52"/>
frontend/public/trfmc_assets/visual_knowledge/03_antennas_types/types_of_telecom_antennas.svg	41	  <g transform="translate(90,760)"><rect x="-70" y="-24" width="140" height="48" rx="18" fill="rgba(5,17,31,.88)" stroke="#75eaff" stroke-opacity=".45"/><text x="0" y="6" text-anchor="middle" font-size="22" font-weight="
frontend/public/trfmc_assets/visual_knowledge/03_antennas_types/types_of_telecom_antennas.svg	44	    <rect x="0" y="-46" width="520" height="74" rx="22" fill="rgba(5,17,31,.82)" stroke="#ffd37b" stroke-opacity=".35"/>
frontend/public/trfmc_assets/visual_knowledge/03_antennas_types/types_of_telecom_antennas.svg	45	    <text x="24" y="-6" font-size="24" font-family="Inter,Segoe UI,Arial" fill="#ffd37b" font-weight="800">source_mode: fallback · replaceable with real render</text>
frontend/public/trfmc_assets/visual_knowledge/03_antennas_types/beamwidth_narrow_wide.svg	4	      <stop offset="0%" stop-color="#8dffbd" stop-opacity=".26"/>
frontend/public/trfmc_assets/visual_knowledge/03_antennas_types/beamwidth_narrow_wide.svg	5	      <stop offset="42%" stop-color="#06111f" stop-opacity=".95"/>
frontend/public/trfmc_assets/visual_knowledge/03_antennas_types/beamwidth_narrow_wide.svg	6	      <stop offset="100%" stop-color="#020812" stop-opacity="1"/>
frontend/public/trfmc_assets/visual_knowledge/03_antennas_types/beamwidth_narrow_wide.svg	9	      <stop offset="0%" stop-color="#0b2741"/>
frontend/public/trfmc_assets/visual_knowledge/03_antennas_types/beamwidth_narrow_wide.svg	10	      <stop offset="100%" stop-color="#04101d"/>
frontend/public/trfmc_assets/visual_knowledge/03_antennas_types/beamwidth_narrow_wide.svg	18	  <rect width="1600" height="900" fill="url(#g1)"/>
frontend/public/trfmc_assets/visual_knowledge/03_antennas_types/beamwidth_narrow_wide.svg	20	    <path d="M0 670 H1600 M0 730 H1600 M0 790 H1600 M0 850 H1600" stroke="#8dffbd" stroke-width="1"/>
frontend/public/trfmc_assets/visual_knowledge/03_antennas_types/beamwidth_narrow_wide.svg	21	    <path d="M120 0 V900 M260 0 V900 M400 0 V900 M540 0 V900 M680 0 V900 M820 0 V900 M960 0 V900 M1100 0 V900 M1240 0 V900 M1380 0 V900" stroke="#8dffbd" stroke-width="1"/>
frontend/public/trfmc_assets/visual_knowledge/03_antennas_types/beamwidth_narrow_wide.svg	25	    <text x="0" y="0" font-size="28" font-family="Inter,Segoe UI,Arial" font-weight="800" fill="#8dffbd" letter-spacing="6">TRFMC VISUAL FALLBACK ASSET</text>
frontend/public/trfmc_assets/visual_knowledge/03_antennas_types/beamwidth_narrow_wide.svg	26	    <text x="0" y="58" font-size="58" font-family="Inter,Segoe UI,Arial" font-weight="900" fill="#f1fbff">Beamwidth and Coverage</text>
frontend/public/trfmc_assets/visual_knowledge/03_antennas_types/beamwidth_narrow_wide.svg	27	    <text x="0" y="104" font-size="24" font-family="Inter,Segoe UI,Arial" fill="#9ab5c9">Fallback tecnico per confronto narrow/wide beam, HPBW, gain e coverage.</text>
frontend/public/trfmc_assets/visual_knowledge/03_antennas_types/beamwidth_narrow_wide.svg	30	  <g transform="translate(820,390)" filter="url(#glow)">
frontend/public/trfmc_assets/visual_knowledge/03_antennas_types/beamwidth_narrow_wide.svg	31	    <ellipse cx="0" cy="0" rx="260" ry="92" fill="#8dffbd" opacity=".18"/>
frontend/public/trfmc_assets/visual_knowledge/03_antennas_types/beamwidth_narrow_wide.svg	32	    <ellipse cx="0" cy="0" rx="170" ry="58" fill="#75eaff" opacity=".16"/>
frontend/public/trfmc_assets/visual_knowledge/03_antennas_types/beamwidth_narrow_wide.svg	33	    <path d="M-340 80 L-120 -60 L120 -60 L340 80 Z" fill="url(#panel)" stroke="#8dffbd" stroke-opacity=".6" stroke-width="3"/>
frontend/public/trfmc_assets/visual_knowledge/03_antennas_types/beamwidth_narrow_wide.svg	34	    <path d="M-200 25 L-60 -35 L80 -20 L210 48" fill="none" stroke="#75eaff" stroke-width="9" stroke-linecap="round"/>
frontend/public/trfmc_assets/visual_knowledge/03_antennas_types/beamwidth_narrow_wide.svg	35	    <circle cx="-220" cy="50" r="22" fill="#8dffbd" opacity=".75"/>
frontend/public/trfmc_assets/visual_knowledge/03_antennas_types/beamwidth_narrow_wide.svg	36	    <circle cx="220" cy="50" r="22" fill="#75eaff" opacity=".75"/>
frontend/public/trfmc_assets/visual_knowledge/03_antennas_types/beamwidth_narrow_wide.svg	37	    <path d="M-80 -105 C-30 -170 80 -170 140 -110" fill="none" stroke="#8dffbd" stroke-width="5" opacity=".75"/>
frontend/public/trfmc_assets/visual_knowledge/03_antennas_types/beamwidth_narrow_wide.svg	38	    <path d="M-140 -155 C-60 -255 110 -255 210 -155" fill="none" stroke="#75eaff" stroke-width="3" opacity=".52"/>
frontend/public/trfmc_assets/visual_knowledge/03_antennas_types/beamwidth_narrow_wide.svg	41	  <g transform="translate(90,760)"><rect x="-70" y="-24" width="140" height="48" rx="18" fill="rgba(5,17,31,.88)" stroke="#8dffbd" stroke-opacity=".45"/><text x="0" y="6" text-anchor="middle" font-size="22" font-weight="
frontend/public/trfmc_assets/visual_knowledge/03_antennas_types/beamwidth_narrow_wide.svg	44	    <rect x="0" y="-46" width="520" height="74" rx="22" fill="rgba(5,17,31,.82)" stroke="#75eaff" stroke-opacity=".35"/>
frontend/public/trfmc_assets/visual_knowledge/03_antennas_types/beamwidth_narrow_wide.svg	45	    <text x="24" y="-6" font-size="24" font-family="Inter,Segoe UI,Arial" fill="#75eaff" font-weight="800">source_mode: fallback · replaceable with real render</text>
frontend/public/trfmc_assets/visual_knowledge/04_telco_infrastructure/cellular_satellite_site_photo.svg	4	      <stop offset="0%" stop-color="#75eaff" stop-opacity=".26"/>
frontend/public/trfmc_assets/visual_knowledge/04_telco_infrastructure/cellular_satellite_site_photo.svg	5	      <stop offset="42%" stop-color="#06111f" stop-opacity=".95"/>
frontend/public/trfmc_assets/visual_knowledge/04_telco_infrastructure/cellular_satellite_site_photo.svg	6	      <stop offset="100%" stop-color="#020812" stop-opacity="1"/>
frontend/public/trfmc_assets/visual_knowledge/04_telco_infrastructure/cellular_satellite_site_photo.svg	9	      <stop offset="0%" stop-color="#0b2741"/>
frontend/public/trfmc_assets/visual_knowledge/04_telco_infrastructure/cellular_satellite_site_photo.svg	10	      <stop offset="100%" stop-color="#04101d"/>
frontend/public/trfmc_assets/visual_knowledge/04_telco_infrastructure/cellular_satellite_site_photo.svg	18	  <rect width="1600" height="900" fill="url(#g1)"/>
frontend/public/trfmc_assets/visual_knowledge/04_telco_infrastructure/cellular_satellite_site_photo.svg	20	    <path d="M0 670 H1600 M0 730 H1600 M0 790 H1600 M0 850 H1600" stroke="#75eaff" stroke-width="1"/>
frontend/public/trfmc_assets/visual_knowledge/04_telco_infrastructure/cellular_satellite_site_photo.svg	21	    <path d="M120 0 V900 M260 0 V900 M400 0 V900 M540 0 V900 M680 0 V900 M820 0 V900 M960 0 V900 M1100 0 V900 M1240 0 V900 M1380 0 V900" stroke="#75eaff" stroke-width="1"/>
frontend/public/trfmc_assets/visual_knowledge/04_telco_infrastructure/cellular_satellite_site_photo.svg	25	    <text x="0" y="0" font-size="28" font-family="Inter,Segoe UI,Arial" font-weight="800" fill="#75eaff" letter-spacing="6">TRFMC VISUAL FALLBACK ASSET</text>
frontend/public/trfmc_assets/visual_knowledge/04_telco_infrastructure/cellular_satellite_site_photo.svg	26	    <text x="0" y="58" font-size="58" font-family="Inter,Segoe UI,Arial" font-weight="900" fill="#f1fbff">Cellular and Satellite Site</text>
frontend/public/trfmc_assets/visual_knowledge/04_telco_infrastructure/cellular_satellite_site_photo.svg	27	    <text x="0" y="104" font-size="24" font-family="Inter,Segoe UI,Arial" fill="#9ab5c9">Fallback tecnico per sito cellulare/satellitare e apparati outdoor.</text>
frontend/public/trfmc_assets/visual_knowledge/04_telco_infrastructure/cellular_satellite_site_photo.svg	30	  <g transform="translate(820,390)" filter="url(#glow)">
frontend/public/trfmc_assets/visual_knowledge/04_telco_infrastructure/cellular_satellite_site_photo.svg	31	    <ellipse cx="0" cy="0" rx="260" ry="92" fill="#75eaff" opacity=".18"/>
frontend/public/trfmc_assets/visual_knowledge/04_telco_infrastructure/cellular_satellite_site_photo.svg	32	    <ellipse cx="0" cy="0" rx="170" ry="58" fill="#c6a8ff" opacity=".16"/>
frontend/public/trfmc_assets/visual_knowledge/04_telco_infrastructure/cellular_satellite_site_photo.svg	33	    <path d="M-340 80 L-120 -60 L120 -60 L340 80 Z" fill="url(#panel)" stroke="#75eaff" stroke-opacity=".6" stroke-width="3"/>
frontend/public/trfmc_assets/visual_knowledge/04_telco_infrastructure/cellular_satellite_site_photo.svg	34	    <path d="M-200 25 L-60 -35 L80 -20 L210 48" fill="none" stroke="#c6a8ff" stroke-width="9" stroke-linecap="round"/>
frontend/public/trfmc_assets/visual_knowledge/04_telco_infrastructure/cellular_satellite_site_photo.svg	35	    <circle cx="-220" cy="50" r="22" fill="#75eaff" opacity=".75"/>
frontend/public/trfmc_assets/visual_knowledge/04_telco_infrastructure/cellular_satellite_site_photo.svg	36	    <circle cx="220" cy="50" r="22" fill="#c6a8ff" opacity=".75"/>
frontend/public/trfmc_assets/visual_knowledge/04_telco_infrastructure/cellular_satellite_site_photo.svg	37	    <path d="M-80 -105 C-30 -170 80 -170 140 -110" fill="none" stroke="#75eaff" stroke-width="5" opacity=".75"/>
frontend/public/trfmc_assets/visual_knowledge/04_telco_infrastructure/cellular_satellite_site_photo.svg	38	    <path d="M-140 -155 C-60 -255 110 -255 210 -155" fill="none" stroke="#c6a8ff" stroke-width="3" opacity=".52"/>
frontend/public/trfmc_assets/visual_knowledge/04_telco_infrastructure/cellular_satellite_site_photo.svg	41	  <g transform="translate(90,760)"><rect x="-70" y="-24" width="140" height="48" rx="18" fill="rgba(5,17,31,.88)" stroke="#75eaff" stroke-opacity=".45"/><text x="0" y="6" text-anchor="middle" font-size="22" font-weight="
frontend/public/trfmc_assets/visual_knowledge/04_telco_infrastructure/cellular_satellite_site_photo.svg	44	    <rect x="0" y="-46" width="520" height="74" rx="22" fill="rgba(5,17,31,.82)" stroke="#c6a8ff" stroke-opacity=".35"/>
frontend/public/trfmc_assets/visual_knowledge/04_telco_infrastructure/cellular_satellite_site_photo.svg	45	    <text x="24" y="-6" font-size="24" font-family="Inter,Segoe UI,Arial" fill="#c6a8ff" font-weight="800">source_mode: fallback · replaceable with real render</text>
frontend/public/trfmc_assets/visual_knowledge/04_telco_infrastructure/telecom_towers_arabic_overview.svg	4	      <stop offset="0%" stop-color="#75eaff" stop-opacity=".26"/>
frontend/public/trfmc_assets/visual_knowledge/04_telco_infrastructure/telecom_towers_arabic_overview.svg	5	      <stop offset="42%" stop-color="#06111f" stop-opacity=".95"/>
frontend/public/trfmc_assets/visual_knowledge/04_telco_infrastructure/telecom_towers_arabic_overview.svg	6	      <stop offset="100%" stop-color="#020812" stop-opacity="1"/>
frontend/public/trfmc_assets/visual_knowledge/04_telco_infrastructure/telecom_towers_arabic_overview.svg	9	      <stop offset="0%" stop-color="#0b2741"/>
frontend/public/trfmc_assets/visual_knowledge/04_telco_infrastructure/telecom_towers_arabic_overview.svg	10	      <stop offset="100%" stop-color="#04101d"/>
frontend/public/trfmc_assets/visual_knowledge/04_telco_infrastructure/telecom_towers_arabic_overview.svg	18	  <rect width="1600" height="900" fill="url(#g1)"/>
frontend/public/trfmc_assets/visual_knowledge/04_telco_infrastructure/telecom_towers_arabic_overview.svg	20	    <path d="M0 670 H1600 M0 730 H1600 M0 790 H1600 M0 850 H1600" stroke="#75eaff" stroke-width="1"/>
frontend/public/trfmc_assets/visual_knowledge/04_telco_infrastructure/telecom_towers_arabic_overview.svg	21	    <path d="M120 0 V900 M260 0 V900 M400 0 V900 M540 0 V900 M680 0 V900 M820 0 V900 M960 0 V900 M1100 0 V900 M1240 0 V900 M1380 0 V900" stroke="#75eaff" stroke-width="1"/>
frontend/public/trfmc_assets/visual_knowledge/04_telco_infrastructure/telecom_towers_arabic_overview.svg	25	    <text x="0" y="0" font-size="28" font-family="Inter,Segoe UI,Arial" font-weight="800" fill="#75eaff" letter-spacing="6">TRFMC VISUAL FALLBACK ASSET</text>
frontend/public/trfmc_assets/visual_knowledge/04_telco_infrastructure/telecom_towers_arabic_overview.svg	26	    <text x="0" y="58" font-size="58" font-family="Inter,Segoe UI,Arial" font-weight="900" fill="#f1fbff">Telecom Towers Overview</text>
frontend/public/trfmc_assets/visual_knowledge/04_telco_infrastructure/telecom_towers_arabic_overview.svg	27	    <text x="0" y="104" font-size="24" font-family="Inter,Segoe UI,Arial" fill="#9ab5c9">Fallback tecnico per torri, macro site, radome, backhaul e smart pole.</text>
frontend/public/trfmc_assets/visual_knowledge/04_telco_infrastructure/telecom_towers_arabic_overview.svg	30	  <g transform="translate(820,390)" filter="url(#glow)">
frontend/public/trfmc_assets/visual_knowledge/04_telco_infrastructure/telecom_towers_arabic_overview.svg	31	    <ellipse cx="0" cy="0" rx="260" ry="92" fill="#75eaff" opacity=".18"/>
frontend/public/trfmc_assets/visual_knowledge/04_telco_infrastructure/telecom_towers_arabic_overview.svg	32	    <ellipse cx="0" cy="0" rx="170" ry="58" fill="#ffb06d" opacity=".16"/>
frontend/public/trfmc_assets/visual_knowledge/04_telco_infrastructure/telecom_towers_arabic_overview.svg	33	    <path d="M-340 80 L-120 -60 L120 -60 L340 80 Z" fill="url(#panel)" stroke="#75eaff" stroke-opacity=".6" stroke-width="3"/>
frontend/public/trfmc_assets/visual_knowledge/04_telco_infrastructure/telecom_towers_arabic_overview.svg	34	    <path d="M-200 25 L-60 -35 L80 -20 L210 48" fill="none" stroke="#ffb06d" stroke-width="9" stroke-linecap="round"/>
frontend/public/trfmc_assets/visual_knowledge/04_telco_infrastructure/telecom_towers_arabic_overview.svg	35	    <circle cx="-220" cy="50" r="22" fill="#75eaff" opacity=".75"/>
frontend/public/trfmc_assets/visual_knowledge/04_telco_infrastructure/telecom_towers_arabic_overview.svg	36	    <circle cx="220" cy="50" r="22" fill="#ffb06d" opacity=".75"/>
frontend/public/trfmc_assets/visual_knowledge/04_telco_infrastructure/telecom_towers_arabic_overview.svg	37	    <path d="M-80 -105 C-30 -170 80 -170 140 -110" fill="none" stroke="#75eaff" stroke-width="5" opacity=".75"/>
frontend/public/trfmc_assets/visual_knowledge/04_telco_infrastructure/telecom_towers_arabic_overview.svg	38	    <path d="M-140 -155 C-60 -255 110 -255 210 -155" fill="none" stroke="#ffb06d" stroke-width="3" opacity=".52"/>
frontend/public/trfmc_assets/visual_knowledge/04_telco_infrastructure/telecom_towers_arabic_overview.svg	41	  <g transform="translate(90,760)"><rect x="-70" y="-24" width="140" height="48" rx="18" fill="rgba(5,17,31,.88)" stroke="#75eaff" stroke-opacity=".45"/><text x="0" y="6" text-anchor="middle" font-size="22" font-weight="
frontend/public/trfmc_assets/visual_knowledge/04_telco_infrastructure/telecom_towers_arabic_overview.svg	44	    <rect x="0" y="-46" width="520" height="74" rx="22" fill="rgba(5,17,31,.82)" stroke="#ffb06d" stroke-opacity=".35"/>
frontend/public/trfmc_assets/visual_knowledge/04_telco_infrastructure/telecom_towers_arabic_overview.svg	45	    <text x="24" y="-6" font-size="24" font-family="Inter,Segoe UI,Arial" fill="#ffb06d" font-weight="800">source_mode: fallback · replaceable with real render</text>
frontend/public/trfmc_assets/visual_knowledge/01_electronics_symbols/electronics_symbols_basic_concepts.svg	4	      <stop offset="0%" stop-color="#75eaff" stop-opacity=".26"/>
frontend/public/trfmc_assets/visual_knowledge/01_electronics_symbols/electronics_symbols_basic_concepts.svg	5	      <stop offset="42%" stop-color="#06111f" stop-opacity=".95"/>
frontend/public/trfmc_assets/visual_knowledge/01_electronics_symbols/electronics_symbols_basic_concepts.svg	6	      <stop offset="100%" stop-color="#020812" stop-opacity="1"/>
frontend/public/trfmc_assets/visual_knowledge/01_electronics_symbols/electronics_symbols_basic_concepts.svg	9	      <stop offset="0%" stop-color="#0b2741"/>
frontend/public/trfmc_assets/visual_knowledge/01_electronics_symbols/electronics_symbols_basic_concepts.svg	10	      <stop offset="100%" stop-color="#04101d"/>
frontend/public/trfmc_assets/visual_knowledge/01_electronics_symbols/electronics_symbols_basic_concepts.svg	18	  <rect width="1600" height="900" fill="url(#g1)"/>
frontend/public/trfmc_assets/visual_knowledge/01_electronics_symbols/electronics_symbols_basic_concepts.svg	20	    <path d="M0 670 H1600 M0 730 H1600 M0 790 H1600 M0 850 H1600" stroke="#75eaff" stroke-width="1"/>
frontend/public/trfmc_assets/visual_knowledge/01_electronics_symbols/electronics_symbols_basic_concepts.svg	21	    <path d="M120 0 V900 M260 0 V900 M400 0 V900 M540 0 V900 M680 0 V900 M820 0 V900 M960 0 V900 M1100 0 V900 M1240 0 V900 M1380 0 V900" stroke="#75eaff" stroke-width="1"/>
frontend/public/trfmc_assets/visual_knowledge/01_electronics_symbols/electronics_symbols_basic_concepts.svg	25	    <text x="0" y="0" font-size="28" font-family="Inter,Segoe UI,Arial" font-weight="800" fill="#75eaff" letter-spacing="6">TRFMC VISUAL FALLBACK ASSET</text>
frontend/public/trfmc_assets/visual_knowledge/01_electronics_symbols/electronics_symbols_basic_concepts.svg	26	    <text x="0" y="58" font-size="58" font-family="Inter,Segoe UI,Arial" font-weight="900" fill="#f1fbff">Electronics Fundamentals</text>
frontend/public/trfmc_assets/visual_knowledge/01_electronics_symbols/electronics_symbols_basic_concepts.svg	27	    <text x="0" y="104" font-size="24" font-family="Inter,Segoe UI,Arial" fill="#9ab5c9">Fallback tecnico per symbol library elettronica: componenti, segnali, logica e strumenti.</text>
frontend/public/trfmc_assets/visual_knowledge/01_electronics_symbols/electronics_symbols_basic_concepts.svg	30	  <g transform="translate(820,390)" filter="url(#glow)">
frontend/public/trfmc_assets/visual_knowledge/01_electronics_symbols/electronics_symbols_basic_concepts.svg	31	    <ellipse cx="0" cy="0" rx="260" ry="92" fill="#75eaff" opacity=".18"/>
frontend/public/trfmc_assets/visual_knowledge/01_electronics_symbols/electronics_symbols_basic_concepts.svg	32	    <ellipse cx="0" cy="0" rx="170" ry="58" fill="#8dffbd" opacity=".16"/>
frontend/public/trfmc_assets/visual_knowledge/01_electronics_symbols/electronics_symbols_basic_concepts.svg	33	    <path d="M-340 80 L-120 -60 L120 -60 L340 80 Z" fill="url(#panel)" stroke="#75eaff" stroke-opacity=".6" stroke-width="3"/>
frontend/public/trfmc_assets/visual_knowledge/01_electronics_symbols/electronics_symbols_basic_concepts.svg	34	    <path d="M-200 25 L-60 -35 L80 -20 L210 48" fill="none" stroke="#8dffbd" stroke-width="9" stroke-linecap="round"/>
frontend/public/trfmc_assets/visual_knowledge/01_electronics_symbols/electronics_symbols_basic_concepts.svg	35	    <circle cx="-220" cy="50" r="22" fill="#75eaff" opacity=".75"/>
frontend/public/trfmc_assets/visual_knowledge/01_electronics_symbols/electronics_symbols_basic_concepts.svg	36	    <circle cx="220" cy="50" r="22" fill="#8dffbd" opacity=".75"/>
frontend/public/trfmc_assets/visual_knowledge/01_electronics_symbols/electronics_symbols_basic_concepts.svg	37	    <path d="M-80 -105 C-30 -170 80 -170 140 -110" fill="none" stroke="#75eaff" stroke-width="5" opacity=".75"/>
frontend/public/trfmc_assets/visual_knowledge/01_electronics_symbols/electronics_symbols_basic_concepts.svg	38	    <path d="M-140 -155 C-60 -255 110 -255 210 -155" fill="none" stroke="#8dffbd" stroke-width="3" opacity=".52"/>
frontend/public/trfmc_assets/visual_knowledge/01_electronics_symbols/electronics_symbols_basic_concepts.svg	41	  <g transform="translate(90,760)"><rect x="-70" y="-24" width="140" height="48" rx="18" fill="rgba(5,17,31,.88)" stroke="#75eaff" stroke-opacity=".45"/><text x="0" y="6" text-anchor="middle" font-size="22" font-weight="
frontend/public/trfmc_assets/visual_knowledge/01_electronics_symbols/electronics_symbols_basic_concepts.svg	44	    <rect x="0" y="-46" width="520" height="74" rx="22" fill="rgba(5,17,31,.82)" stroke="#8dffbd" stroke-opacity=".35"/>
frontend/public/trfmc_assets/visual_knowledge/01_electronics_symbols/electronics_symbols_basic_concepts.svg	45	    <text x="24" y="-6" font-size="24" font-family="Inter,Segoe UI,Arial" fill="#8dffbd" font-weight="800">source_mode: fallback · replaceable with real render</text>
frontend/public/trfmc_orphan_consolidation_dossier_v1.html	16	.dossier-kpi small{display:block;color:#8fb8c8;text-transform:uppercase;font-size:10px}
frontend/public/trfmc_orphan_consolidation_dossier_v1.html	17	.dossier-kpi b{display:block;color:#75ff5b;font-size:20px}
frontend/public/trfmc_orphan_consolidation_dossier_v1.html	20	th{color:#00e5ff;background:rgba(0,229,255,.06)}
frontend/public/trfmc_antenna_rru_ret_cpri_port_mapping_v3.html	11	.eng-viewport{position:relative;min-height:450px;overflow:hidden;background:#010409}
frontend/public/trfmc_antenna_rru_ret_cpri_port_mapping_v3.html	14	.plotBox{border:1px solid rgba(0,229,255,.27);background:#010409;position:relative;overflow:hidden}
frontend/public/trfmc_antenna_rru_ret_cpri_port_mapping_v3.html	15	.plotBox h3{position:absolute;left:10px;top:8px;margin:0;color:#00e5ff;font-size:11px;letter-spacing:1px;z-index:2}
frontend/public/trfmc_antenna_rru_ret_cpri_port_mapping_v3.html	17	.control label{display:block;color:#8fb8c8;font-size:10px;text-transform:uppercase;margin:8px 0 4px}
frontend/public/trfmc_antenna_rru_ret_cpri_port_mapping_v3.html	18	.control input,.control select{width:100%;background:#03101a;color:#e9fbff;border:1px solid rgba(0,229,255,.35);border-radius:5px;padding:7px;font-size:12px}
frontend/public/trfmc_antenna_rru_ret_cpri_port_mapping_v3.html	19	.value{color:#75ff5b;font-weight:800}
frontend/public/trfmc_antenna_rru_ret_cpri_port_mapping_v3.html	20	.good{color:#75ff5b}.warn{color:#ffd84d}.bad{color:#ff3d7f}
frontend/public/trfmc_antenna_rru_ret_cpri_port_mapping_v3.html	21	.formulaLive{font-family:ui-monospace,Consolas,monospace;background:#010409;border:1px solid rgba(0,229,255,.22);border-radius:6px;color:#dffaff;padding:8px;font-size:10.5px;line-height:1.48;overflow:auto}
frontend/public/trfmc_antenna_rru_ret_cpri_port_mapping_v3.html	22	.portBadge{display:inline-block;border:1px solid rgba(0,229,255,.28);background:rgba(0,229,255,.06);border-radius:4px;padding:2px 5px;margin:1px;font-size:9px;color:#00e5ff}
frontend/public/trfmc_antenna_rru_ret_cpri_port_mapping_v3.html	24	.cell{border:1px solid rgba(0,229,255,.22);background:rgba(0,229,255,.05);padding:5px;border-radius:5px;font-size:9px;color:#8fb8c8}
frontend/public/trfmc_antenna_rru_ret_cpri_port_mapping_v3.html	25	.cell b{display:block;color:#75ff5b;font-size:11px}
frontend/public/trfmc_antenna_rru_ret_cpri_port_mapping_v3.html	318	  ctx.fillStyle="#010409";ctx.fillRect(0,0,w,h);
frontend/public/trfmc_antenna_rru_ret_cpri_port_mapping_v3.html	342	  ctx.fillStyle="#ffd84d";
frontend/public/trfmc_antenna_rru_ret_cpri_port_mapping_v3.html	344	  ctx.fillStyle="#75ff5b";
frontend/public/trfmc_antenna_rru_ret_cpri_port_mapping_v3.html	347	  ctx.fillStyle="#8fb8c8";
frontend/public/trfmc_antenna_rru_ret_cpri_port_mapping_v3.html	355	  ctx.fillStyle="#010409";ctx.fillRect(0,0,w,h);
frontend/public/trfmc_antenna_rru_ret_cpri_port_mapping_v3.html	362	  ctx.strokeStyle="#75ff5b";
frontend/public/trfmc_antenna_rru_ret_cpri_port_mapping_v3.html	381	  ctx.fillStyle="#010409";ctx.fillRect(0,0,w,h);
frontend/public/trfmc_antenna_rru_ret_cpri_port_mapping_v3.html	390	    ctx.fillStyle=i%2?"#00e5ff":"#ffd84d";
frontend/public/trfmc_antenna_rru_ret_cpri_port_mapping_v3.html	392	    ctx.fillStyle="#e9fbff";ctx.font=(11*dpr)+"px monospace";
frontend/public/timeline_console_v14.html	9	      --bg:#020711;
frontend/public/timeline_console_v14.html	12	      --cyan:#58d6f9;
frontend/public/timeline_console_v14.html	13	      --amber:#d29922;
frontend/public/timeline_console_v14.html	14	      --red:#ff4d6d;
frontend/public/timeline_console_v14.html	15	      --green:#3fb950;
frontend/public/timeline_console_v14.html	16	      --text:#edf8ff;
frontend/public/timeline_console_v14.html	17	      --muted:#8da4b3;
frontend/public/timeline_console_v14.html	26	        linear-gradient(135deg,#020711,#06111d 50%,#02040a);
frontend/public/timeline_console_v14.html	134	      color:#e8f6ff;
frontend/public/trfmc_enterprise_prime_portal_v1.html	9	:root{--bg:#01040c;--panel:rgba(5,13,30,.94);--line:rgba(105,190,255,.30);--text:#eaf3ff;--muted:#90a9c7;--cyan:#74dcff;--green:#9dffc7;--amber:#ffd37a;--red:#ff8585;--violet:#bda7ff}
frontend/public/trfmc_enterprise_prime_portal_v1.html	11	body{margin:0;min-height:100vh;color:var(--text);font-family:Inter,system-ui,-apple-system,BlinkMacSystemFont,"Segoe UI",sans-serif;background:radial-gradient(circle at 12% 0%,rgba(48,132,255,.34),transparent 31%),radial
frontend/public/trfmc_enterprise_prime_portal_v1.html	18	.heroMain{padding:22px}.heroMain h2{margin:0 0 12px;font-size:46px;line-height:1;letter-spacing:-.05em}.heroMain p{color:#c8daf1;line-height:1.55;max-width:1120px}
frontend/public/trfmc_enterprise_prime_portal_v1.html	28	.eventLog{max-height:330px;overflow:auto;font-family:ui-monospace,SFMono-Regular,Menlo,Monaco,Consolas,monospace;font-size:11px;color:#c0d5ee}.eventLog div{padding:5px 0;border-bottom:1px solid rgba(255,255,255,.06)}
frontend/public/trfmc_enterprise_prime_portal_v1.html	121	const nodes=[["RF World",.08,.56,"#74dcff"],["HackRF",.19,.34,"#9dffc7"],["Receiver",.19,.70,"#74dcff"],["UE/SUPI",.33,.56,"#74dcff"],["gNB",.45,.45,"#9dffc7"],["AMF",.58,.35,"#74dcff"],["AUSF",.70,.20,"#bda7ff"],["UDM/A
frontend/public/trfmc_antenna_system_explorer_v1.html	8	:root{--bg:#02070f;--panel:#061120;--line:#1d6f9f;--text:#eaf3ff;--muted:#86a7c6;--cyan:#00d9ff;--green:#7dff4f;--yellow:#ffd500;--red:#ff3366}
frontend/public/trfmc_antenna_system_explorer_v1.html	10	body{margin:0;background:#01060d;color:var(--text);font:12px Inter,Segoe UI,system-ui,sans-serif}
frontend/public/trfmc_antenna_system_explorer_v1.html	11	header{height:52px;background:#050b13;border-bottom:1px solid var(--line);display:flex;justify-content:space-between;align-items:center;padding:0 12px}
frontend/public/trfmc_antenna_system_explorer_v1.html	13	a{color:var(--text);text-decoration:none;border:1px solid #1d6f9f;background:#0a1828;border-radius:4px;padding:6px 9px;margin-left:5px}
frontend/public/trfmc_antenna_system_explorer_v1.html	15	.panel{background:linear-gradient(180deg,#071524,#02070f);border:1px solid #1d5e86;border-radius:6px;overflow:hidden}
frontend/public/trfmc_antenna_system_explorer_v1.html	16	.title{background:#0a1b2e;border-bottom:1px solid #1d5e86;color:var(--cyan);font-weight:700;padding:7px 9px;text-transform:uppercase}
frontend/public/trfmc_antenna_system_explorer_v1.html	18	.ctrl{border:1px solid #183d58;background:#081522;border-radius:5px;padding:8px;margin-bottom:7px}
frontend/public/trfmc_antenna_system_explorer_v1.html	22	select{background:#10233a;color:var(--text);border:1px solid #285d82;border-radius:4px;padding:6px}
frontend/public/trfmc_antenna_system_explorer_v1.html	24	.kpi{background:#07111f;border:1px solid #214c6a;border-radius:5px;padding:6px}
frontend/public/trfmc_antenna_system_explorer_v1.html	27	.frame{background:#02070f;border:1px solid #1d5e86;border-radius:6px;overflow:hidden}
frontend/public/trfmc_antenna_system_explorer_v1.html	28	.frame h3{margin:0;background:#0a1b2e;border-bottom:1px solid #1d5e86;padding:5px 7px;color:var(--cyan);font-size:12px}
frontend/public/trfmc_antenna_system_explorer_v1.html	30	#siteFrame{grid-column:1/3}
frontend/public/trfmc_antenna_system_explorer_v1.html	31	button{width:100%;background:#10233a;color:var(--text);border:1px solid #285d82;border-radius:4px;padding:7px;margin:4px 0;text-align:left;cursor:pointer}
frontend/public/trfmc_antenna_system_explorer_v1.html	32	button.active,button:hover{background:#145078;border-color:var(--cyan);box-shadow:inset 3px 0 0 var(--yellow)}
frontend/public/trfmc_antenna_system_explorer_v1.html	33	.formula{border:1px solid #183d58;background:#081522;border-radius:5px;padding:7px;margin-bottom:6px;font-family:ui-monospace,monospace;color:#d3e8ff}
frontend/public/trfmc_antenna_system_explorer_v1.html	36	.log div{border-bottom:1px solid #17344c;padding:4px 0;color:#cde7ff}
frontend/public/trfmc_antenna_system_explorer_v1.html	47	<div><h1>TRFMC Antenna System Explorer V1</h1><div style="color:#86a7c6;font-size:11px">Panel antenna · RRU/BBU · RET/AISG · MIMO · Port mapping · VSWR · Gain · Tilt/Azimuth</div></div>
frontend/public/trfmc_antenna_system_explorer_v1.html	125	function site(){let c=ctx.site,w=1500,h=380,q=p();c.clearRect(0,0,w,h);grid(c,w,h);let cx=w/2,cy=h*.64;c.strokeStyle="#86a7c6";c.lineWidth=5;c.beginPath();c.moveTo(cx,cy);c.lineTo(cx,80);c.stroke();c.fillStyle="#eaf3ff";
frontend/public/trfmc_antenna_system_explorer_v1.html	126	function polar(){let c=ctx.polar,w=720,h=260,q=p(),cx=w/2,cy=h/2;c.clearRect(0,0,w,h);grid(c,w,h);c.strokeStyle="rgba(255,255,255,.18)";for(let r=30;r<110;r+=25){c.beginPath();c.arc(cx,cy,r,0,Math.PI*2);c.stroke()}c.begi
frontend/public/trfmc_antenna_system_explorer_v1.html	127	function ports(){let c=ctx.ports,w=720,h=260;c.clearRect(0,0,w,h);grid(c,w,h);let labels=["R1 900 MHz Low","Y1 2100 MHz High","Y2 1800 MHz Mid","n78 3500 MHz 5G"];labels.forEach((l,i)=>{let y=45+i*48;c.fillStyle=["#ff336
frontend/public/trfmc_antenna_system_explorer_v1.html	128	function ret(){let c=ctx.ret,w=720,h=260,q=p();c.clearRect(0,0,w,h);grid(c,w,h);let base=170,cx=90;c.strokeStyle="#7dff4f";c.lineWidth=3;c.beginPath();c.moveTo(cx,base);for(let x=0;x<w;x++){let y=base-Math.exp(-Math.pow(
frontend/public/trfmc_antenna_system_explorer_v1.html	129	function mimo(){let c=ctx.mimo,w=720,h=260,q=p();c.clearRect(0,0,w,h);grid(c,w,h);let n=q.type.includes("32")?8:q.type.includes("8")?4:2;for(let r=0;r<n;r++)for(let col=0;col<n;col++){let x=120+col*45,y=45+r*28;c.fillSty
frontend/public/trfmc_3d_rf_asset_renderer_webgl_v2.html	9	  --bg:#01060d;--panel:#071827;--panel2:#0a2135;--line:#0b75a8;--cyan:#00e5ff;
frontend/public/trfmc_3d_rf_asset_renderer_webgl_v2.html	10	  --ok:#75ff5b;--warn:#ffd84d;--bad:#ff3d7f;--txt:#e8f9ff;--muted:#84a8ba;
frontend/public/trfmc_3d_rf_asset_renderer_webgl_v2.html	11	  --gold:#ffd400;--violet:#b772ff;--blue:#1aa8ff;
frontend/public/trfmc_3d_rf_asset_renderer_webgl_v2.html	14	html,body{margin:0;height:100%;background:#01060d;color:var(--txt);font-family:Inter,Segoe UI,Arial,sans-serif;overflow:hidden}
frontend/public/trfmc_3d_rf_asset_renderer_webgl_v2.html	21	.top{display:grid;grid-template-columns:1fr auto;gap:12px;align-items:center;border:1px solid #0b5f8a;background:linear-gradient(180deg,#071827,#020811);padding:9px 12px;box-shadow:0 0 28px rgba(0,180,255,.18)}
frontend/public/trfmc_3d_rf_asset_renderer_webgl_v2.html	25	button,select,input{background:#0b2238;border:1px solid #1175a5;color:var(--txt);border-radius:4px;padding:7px 10px;font-size:12px}
frontend/public/trfmc_3d_rf_asset_renderer_webgl_v2.html	29	.kpi{border:1px solid #0b5f8a;background:linear-gradient(180deg,#092037,#04101b);padding:7px 8px;min-height:76px}
frontend/public/trfmc_3d_rf_asset_renderer_webgl_v2.html	30	.kpi .l{font-size:9px;color:#80bad0;text-transform:uppercase;letter-spacing:.8px}
frontend/public/trfmc_3d_rf_asset_renderer_webgl_v2.html	34	.panel{border:1px solid #0b5f8a;background:rgba(3,14,24,.94);box-shadow:inset 0 0 22px rgba(0,150,255,.06),0 0 16px rgba(0,130,255,.08);overflow:hidden;position:relative}
frontend/public/trfmc_3d_rf_asset_renderer_webgl_v2.html	35	.panel h2{margin:0;padding:8px 10px;border-bottom:1px solid #0b5f8a;color:#00e5ff;font-size:13px;text-transform:uppercase;letter-spacing:.8px;background:#061625}
frontend/public/trfmc_3d_rf_asset_renderer_webgl_v2.html	37	fieldset{border:1px solid #123f5d;border-radius:6px;margin:0 0 8px;padding:8px;background:#061523}
frontend/public/trfmc_3d_rf_asset_renderer_webgl_v2.html	39	.label{font-size:10px;color:#8fc0d2;text-transform:uppercase;margin:10px 0 4px}
frontend/public/trfmc_3d_rf_asset_renderer_webgl_v2.html	42	.viewport{position:relative;border:1px solid #0d6f9e;background:#020b12;min-height:0}
frontend/public/trfmc_3d_rf_asset_renderer_webgl_v2.html	43	#threeRoot{position:absolute;inset:0}
frontend/public/trfmc_3d_rf_asset_renderer_webgl_v2.html	44	.overlay{position:absolute;left:10px;top:10px;font-family:monospace;font-size:11px;color:var(--ok);background:rgba(0,0,0,.46);border:1px solid #154e34;padding:6px 8px;z-index:5}
frontend/public/trfmc_3d_rf_asset_renderer_webgl_v2.html	45	.footerStatus{position:absolute;right:10px;bottom:8px;color:var(--ok);font-family:monospace;font-size:10px;border:1px solid #1d7c33;padding:3px 6px;background:#04110a;z-index:5}
frontend/public/trfmc_3d_rf_asset_renderer_webgl_v2.html	46	.card{border:1px solid #104e73;background:#061625;padding:8px;border-radius:4px;margin-bottom:6px}
frontend/public/trfmc_3d_rf_asset_renderer_webgl_v2.html	47	.card h3{margin:0 0 7px;font-size:12px;color:#00e5ff}
frontend/public/trfmc_3d_rf_asset_renderer_webgl_v2.html	48	.mini{font-family:monospace;font-size:11px;color:#b9eaff;line-height:1.45}
frontend/public/trfmc_3d_rf_asset_renderer_webgl_v2.html	51	.table th,.table td{border-bottom:1px solid #12344c;padding:5px;text-align:left}
frontend/public/trfmc_3d_rf_asset_renderer_webgl_v2.html	52	.table th{color:#83cfff}
frontend/public/trfmc_3d_rf_asset_renderer_webgl_v2.html	53	.modeCard{display:grid;grid-template-columns:1fr auto;align-items:center;gap:6px;border:1px solid #104e73;background:#061625;padding:8px;margin-bottom:6px;border-radius:4px}
frontend/public/trfmc_3d_rf_asset_renderer_webgl_v2.html	54	.modeCard b{color:#00e5ff}
frontend/public/trfmc_3d_rf_asset_renderer_webgl_v2.html	55	.log{height:230px;background:#02070d;border:1px solid #123f5d;padding:7px;overflow:auto;font-family:monospace;font-size:10px;color:#bcecff}
frontend/public/trfmc_3d_rf_asset_renderer_webgl_v2.html	323	  ctx.fillStyle = "#e8f9ff";
frontend/public/network_journey_world_map_v37.html	14	  --cyan:#58d6f9;
frontend/public/network_journey_world_map_v37.html	15	  --green:#3fb950;
frontend/public/network_journey_world_map_v37.html	16	  --amber:#d29922;
frontend/public/network_journey_world_map_v37.html	17	  --red:#ff4d6d;
frontend/public/network_journey_world_map_v37.html	18	  --violet:#a371f7;
frontend/public/network_journey_world_map_v37.html	19	  --text:#edf8ff;
frontend/public/network_journey_world_map_v37.html	20	  --muted:#8da4b3;
frontend/public/network_journey_world_map_v37.html	166	pre{margin:0;max-height:360px;overflow:auto;background:rgba(0,0,0,.25);padding:12px;color:#e8f6ff;font-size:10px;line-height:1.4}
frontend/public/assets/trfmc_v083b_rf_precision_scale_probe.js	190	    const c = $("#rfCanvas");
frontend/public/assets/trfmc_v083b_rf_precision_scale_probe.js	222	    const fMHz = num("#freqMHz");
frontend/public/assets/trfmc_v083b_rf_precision_scale_probe.js	223	    const eirp = num("#eirp");
frontend/public/assets/trfmc_v083b_rf_precision_scale_probe.js	224	    const n = num("#pathN") / 10;
frontend/public/assets/trfmc_v083b_rf_precision_scale_probe.js	225	    const veg = num("#vegDepth");
frontend/public/assets/trfmc_v083b_rf_precision_scale_probe.js	226	    const shadow = num("#shadowDb");
frontend/public/assets/trfmc_v083b_rf_precision_scale_probe.js	227	    const gain = num("#sectorGain") / 10;
frontend/public/assets/trfmc_v083b_rf_precision_scale_probe.js	228	    const fade = num("#fading") / 10;
frontend/public/assets/trfmc_v083b_rf_precision_scale_probe.js	230	    $("#freqMHzVal").textContent = fMHz + " MHz";
frontend/public/assets/trfmc_v083b_rf_precision_scale_probe.js	231	    $("#eirpVal").textContent = eirp + " dBm";
frontend/public/assets/trfmc_v083b_rf_precision_scale_probe.js	232	    $("#pathNVal").textContent = n.toFixed(1);
frontend/public/assets/trfmc_v083b_rf_precision_scale_probe.js	233	    $("#vegDepthVal").textContent = veg + " m";
frontend/public/assets/trfmc_v083b_rf_precision_scale_probe.js	234	    $("#shadowDbVal").textContent = shadow + " dB";
frontend/public/assets/trfmc_v083b_rf_precision_scale_probe.js	235	    $("#sectorGainVal").textContent = gain.toFixed(1) + " dB";
frontend/public/assets/trfmc_v083b_rf_precision_scale_probe.js	236	    $("#fadingVal").textContent = fade.toFixed(1) + " dB";
frontend/public/assets/trfmc_v083b_rf_precision_scale_probe.js	252	    $("#rsrpVal").textContent = prx.toFixed(1) + " dBm";
frontend/public/assets/trfmc_v083b_rf_precision_scale_probe.js	253	    $("#sinrVal").textContent = sinr.toFixed(1) + " dB";
frontend/public/assets/trfmc_v083b_rf_precision_scale_probe.js	254	    $("#lossVal").textContent = totalLoss.toFixed(1) + " dB";
frontend/public/assets/trfmc_v083b_rf_precision_scale_probe.js	255	    $("#coverageVal").textContent = coverage + "%";
frontend/public/assets/trfmc_v083b_rf_precision_scale_probe.js	256	    $("#cellVal").textContent = cell;
frontend/public/assets/trfmc_v083b_rf_precision_scale_probe.js	257	    $("#physicsScore").textContent = coverage + "%";
frontend/public/assets/trfmc_v083b_rf_precision_scale_probe.js	259	    $("#fsplLive").textContent = "d=180 m, f=" + fMHz + " MHz → FSPL≈" + fspl.toFixed(1) + " dB.";
frontend/public/assets/trfmc_v083b_rf_precision_scale_probe.js	260	    $("#plLive").textContent = "n=" + n.toFixed(1) + ", d=180 m → PL≈" + pl.toFixed(1) + " dB.";
frontend/public/assets/trfmc_v083b_rf_precision_scale_probe.js	261	    $("#vegLive").textContent = "dveg=" + veg + " m, density=0.68 → Lveg≈" + lveg.toFixed(1) + " dB.";
frontend/public/assets/trfmc_v083b_rf_precision_scale_probe.js	262	    $("#prxLive").textContent = "EIRP=" + eirp + " dBm, Gsector=" + gain.toFixed(1) + " dB → Prx≈" + prx.toFixed(1) + " dBm.";
frontend/public/assets/trfmc_v083b_rf_precision_scale_probe.js	264	    $("#captionText").textContent =
frontend/public/assets/trfmc_v083b_rf_precision_scale_probe.js	268	    $("#copilot").innerHTML =
frontend/public/assets/trfmc_v083b_rf_precision_scale_probe.js	276	    gl.uniform2f(gl.getUniformLocation(program,"u_res"), $("#rfCanvas").width, $("#rfCanvas").height);
frontend/public/assets/trfmc_v083b_rf_precision_scale_probe.js	278	    gl.uniform1f(gl.getUniformLocation(program,"u_freqMHz"), num("#freqMHz"));
frontend/public/assets/trfmc_v083b_rf_precision_scale_probe.js	279	    gl.uniform1f(gl.getUniformLocation(program,"u_eirp"), num("#eirp"));
frontend/public/assets/trfmc_v083b_rf_precision_scale_probe.js	280	    gl.uniform1f(gl.getUniformLocation(program,"u_pathN"), num("#pathN")/10);
frontend/public/assets/trfmc_v083b_rf_precision_scale_probe.js	281	    gl.uniform1f(gl.getUniformLocation(program,"u_vegDepth"), num("#vegDepth"));
frontend/public/assets/trfmc_v083b_rf_precision_scale_probe.js	282	    gl.uniform1f(gl.getUniformLocation(program,"u_shadowDb"), num("#shadowDb"));
frontend/public/assets/trfmc_v083b_rf_precision_scale_probe.js	283	    gl.uniform1f(gl.getUniformLocation(program,"u_sectorGainDb"), num("#sectorGain")/10);
frontend/public/assets/trfmc_v083b_rf_precision_scale_probe.js	284	    gl.uniform1f(gl.getUniformLocation(program,"u_fadingDb"), num("#fading")/10);
frontend/public/assets/trfmc_v083b_rf_precision_scale_probe.js	308	    const c = $("#rfCanvas");
frontend/public/assets/trfmc_v083b_rf_precision_scale_probe.js	314	      $("#webglBadge").textContent = "NO WEBGL";
frontend/public/assets/trfmc_v083b_rf_precision_scale_probe.js	315	      $("#rendererVal").textContent = "fallback";
frontend/public/assets/trfmc_v083b_rf_precision_scale_probe.js	319	    $("#webglBadge").textContent = "WEBGL OK";
frontend/public/assets/trfmc_v083b_rf_precision_scale_probe.js	320	    $("#rendererVal").textContent = "WebGL";
frontend/public/assets/trfmc_v083b_rf_precision_scale_probe.js	338	    ["#freqMHz","#eirp","#pathN","#vegDepth","#shadowDb","#sectorGain","#fading"].forEach(id => {
frontend/public/assets/trfmc_v083b_rf_precision_scale_probe.js	342	    $("#pauseBtn").addEventListener("click", () => {
frontend/public/assets/trfmc_v083b_rf_precision_scale_probe.js	344	      $("#pauseBtn").textContent = paused ? "Resume" : "Pause";
frontend/public/assets/trfmc_v083b_rf_precision_scale_probe.js	347	    $("#baselineBtn").addEventListener("click", () => preset({
frontend/public/assets/trfmc_v083b_rf_precision_scale_probe.js	351	    $("#urbanBtn").addEventListener("click", () => preset({
frontend/public/assets/trfmc_v083b_rf_precision_scale_probe.js	355	    $("#foliageBtn").addEventListener("click", () => preset({
frontend/public/assets/trfmc_v083b_rf_precision_scale_probe.js	359	    $("#recoveryBtn").addEventListener("click", () => preset({
frontend/public/assets/trfmc_v083b_rf_precision_scale_probe.js	446	    const serving = document.querySelector("#cellVal")?.textContent || "—";
frontend/public/assets/trfmc_v083b_rf_precision_scale_probe.js	447	    const rsrp = document.querySelector("#rsrpVal")?.textContent || "—";
frontend/public/assets/trfmc_v083b_rf_precision_scale_probe.js	448	    const sinr = document.querySelector("#sinrVal")?.textContent || "—";
frontend/public/assets/trfmc_v083b_rf_precision_scale_probe.js	449	    const loss = document.querySelector("#lossVal")?.textContent || "—";
frontend/public/assets/trfmc_v083b_rf_precision_scale_probe.js	451	    const a = document.querySelector("#v83bServing");
frontend/public/assets/trfmc_v083b_rf_precision_scale_probe.js	452	    const b = document.querySelector("#v83bRsrp");
frontend/public/assets/trfmc_v083b_rf_precision_scale_probe.js	453	    const c = document.querySelector("#v83bSinr");
frontend/public/assets/trfmc_v083b_rf_precision_scale_probe.js	454	    const t = document.querySelector("#v83bTrace");
frontend/public/assets/trfmc_executive_instrument_cluster_v46.css	46	  color: #58d6f9;
frontend/public/assets/trfmc_executive_instrument_cluster_v46.css	64	  color: #3fb950;
frontend/public/assets/trfmc_executive_instrument_cluster_v46.css	107	  color: #58d6f9;
frontend/public/assets/trfmc_executive_instrument_cluster_v46.css	152	  color: #3fb950;
frontend/public/assets/trfmc_executive_instrument_cluster_v46.css	185	  color: #58d6f9;
frontend/public/assets/trfmc_executive_instrument_cluster_v46.css	195	  color: #3fb950;
frontend/public/assets/trfmc_executive_instrument_cluster_v46.css	255	  color: #58d6f9;
frontend/public/assets/trfmc_executive_instrument_cluster_v46.css	270	.v46-kpi-tile.good b { color: #3fb950; }
frontend/public/assets/trfmc_executive_instrument_cluster_v46.css	271	.v46-kpi-tile.warn b { color: #d29922; }
frontend/public/assets/trfmc_executive_instrument_cluster_v46.css	272	.v46-kpi-tile.bad b { color: #ff4d6d; }
frontend/public/assets/trfmc_executive_instrument_cluster_v46.css	293	  color: #58d6f9;
frontend/public/assets/trfmc_v086e_theory_spine.js	56	    $("#k-pages").textContent = t.pages ?? "--";
frontend/public/assets/trfmc_v086e_theory_spine.js	57	    $("#k-domains").textContent = t.domains ?? "--";
frontend/public/assets/trfmc_v086e_theory_spine.js	58	    $("#k-p0").textContent = t.p0 ?? 0;
frontend/public/assets/trfmc_v086e_theory_spine.js	59	    $("#k-p1").textContent = t.p1 ?? 0;
frontend/public/assets/trfmc_v086e_theory_spine.js	60	    $("#k-p4").textContent = t.p4 ?? 0;
frontend/public/assets/trfmc_v086e_theory_spine.js	63	    $("#ts86-score").textContent = s + "%";
frontend/public/assets/trfmc_v086e_theory_spine.js	64	    $("#ts86-score-text").textContent = "formula traceability";
frontend/public/assets/trfmc_v086e_theory_spine.js	65	    $("#ts86-health").textContent = "READY";
frontend/public/assets/trfmc_v086e_theory_spine.js	69	    const grid = $("#domainGrid");
frontend/public/assets/trfmc_v086e_theory_spine.js	83	    const tbody = $("#routeTable");
frontend/public/assets/trfmc_v086e_theory_spine.js	86	    $("#routeCount").textContent = records.length + " routes";
frontend/public/assets/trfmc_v086e_theory_spine.js	119	    const box = $("#selectedDetail");
frontend/public/assets/trfmc_v086e_theory_spine.js	159	    $("#searchBox").addEventListener("input", (ev) => {
frontend/public/assets/trfmc_v086e_theory_spine.js	165	    Array.from(ROOT.querySelectorAll("#priorityFilters button")).forEach(btn => {
frontend/public/assets/trfmc_v086e_theory_spine.js	167	        Array.from(ROOT.querySelectorAll("#priorityFilters button")).forEach(b => b.classList.remove("active"));
frontend/public/assets/trfmc_v086e_theory_spine.js	186	      $("#ts86-health").textContent = "ERROR";
frontend/public/assets/trfmc_v086e_theory_spine.js	187	      $("#selectedDetail").className = "ts86-detail-empty";
frontend/public/assets/trfmc_v086e_theory_spine.js	188	      $("#selectedDetail").textContent = "Errore caricamento registry: " + err.message;
frontend/public/assets/trfmc_v087d_cinematic_command_deck.js	6	  const canvas = $("#cd87Canvas");
frontend/public/assets/trfmc_v087d_cinematic_command_deck.js	121	    const map = $("#cd87MissionMap");
frontend/public/assets/trfmc_v087d_cinematic_command_deck.js	153	    const box = $("#cd87InspectorBody");
frontend/public/assets/trfmc_v087d_cinematic_command_deck.js	161	    $("#cd87LayerStatus").textContent = state.ok[r.file] ? "HTTP 200" : "check";
frontend/public/assets/trfmc_v087d_cinematic_command_deck.js	190	    $("#cd87DeckCount").textContent = routes.length + " mission routes";
frontend/public/assets/trfmc_v087d_cinematic_command_deck.js	192	    $("#cd87LaunchDeck").innerHTML = routes.map(r => `
frontend/public/assets/trfmc_v087d_cinematic_command_deck.js	201	    $("#cd87EngineeringDeck").innerHTML = (state.manifest.engineering_routes || []).map(r => `
frontend/public/assets/trfmc_v087d_cinematic_command_deck.js	227	      $("#cd87Status").textContent = score >= 80 ? "READY" : "WATCH";
frontend/public/assets/trfmc_v087d_cinematic_command_deck.js	228	      $("#cd87Score").textContent = score + "%";
frontend/public/assets/trfmc_v087d_cinematic_command_deck.js	229	      $("#cd87ScoreText").textContent = okCount + "/" + routes.length + " mission routes HTTP 200";
frontend/public/assets/trfmc_v087d_cinematic_command_deck.js	230	      $("#cd87MissionCount").textContent = routes.length;
frontend/public/assets/trfmc_v087d_cinematic_command_deck.js	231	      $("#cd87OkCount").textContent = okCount;
frontend/public/assets/trfmc_v087d_cinematic_command_deck.js	232	      $("#cd87EngCount").textContent = (state.manifest.engineering_routes || []).length;
frontend/public/assets/trfmc_v087d_cinematic_command_deck.js	240	      $("#cd87Status").textContent = "ERROR";
frontend/public/assets/trfmc_v087d_cinematic_command_deck.js	241	      $("#cd87Score").textContent = "0%";
frontend/public/assets/trfmc_v087d_cinematic_command_deck.js	242	      $("#cd87InspectorBody").textContent = "Errore manifest: " + err.message;
frontend/public/assets/trfmc_v086a_scoped_rf_physics_sapienza.js	258	    ctx.strokeStyle = "#8ff0ff";
frontend/public/assets/trfmc_v086a_scoped_rf_physics_sapienza.js	283	      ctx.fillStyle="#e8faff";
frontend/public/assets/trfmc_v086a_scoped_rf_physics_sapienza.js	289	      ctx.fillStyle="#e8faff";
frontend/public/assets/trfmc_v086a_scoped_rf_physics_sapienza.js	337	    ctx.fillStyle="#e8faff";
frontend/public/assets/trfmc_v086a_scoped_rf_physics_sapienza.js	346	    ctx.fillStyle="#020813";
frontend/public/assets/trfmc_executive_visual_correction_v52.js	57	    a.href = "#v51_review";
frontend/public/assets/trfmc_v084j_rf_4d_measurement_theater.js	239	    ctx.fillStyle = "#42f56f";
frontend/public/assets/trfmc_v084j_rf_4d_measurement_theater.js	265	    ctx.fillStyle = "#8ff0ff";
frontend/public/assets/trfmc_v084j_rf_4d_measurement_theater.js	276	    ctx.fillStyle = "#8ff0ff";
frontend/public/assets/trfmc_v084j_rf_4d_measurement_theater.js	287	      {x:.13,y:.17,t:"NLOS corridor",c:"#2ea7ff"},
frontend/public/assets/trfmc_v084j_rf_4d_measurement_theater.js	288	      {x:.43,y:.28,t:"obstruction cluster",c:"#fbbf24"},
frontend/public/assets/trfmc_v084j_rf_4d_measurement_theater.js	289	      {x:.57,y:.42,t:"serving vector",c:"#8ff0ff"},
frontend/public/assets/trfmc_v084j_rf_4d_measurement_theater.js	290	      {x:.78,y:.31,t:"SINR stress check",c:"#ff3b5c"},
frontend/public/assets/trfmc_v084j_rf_4d_measurement_theater.js	291	      {x:.68,y:.70,t:"TDL/EVM proof",c:"#42f56f"}
frontend/public/assets/trfmc_v084f_rf_dark_field_discipline.css	2	  --bg:#01040b;
frontend/public/assets/trfmc_v084f_rf_dark_field_discipline.css	3	  --panel:#061425d8;
frontend/public/assets/trfmc_v084f_rf_dark_field_discipline.css	4	  --panel2:#082034cc;
frontend/public/assets/trfmc_v084f_rf_dark_field_discipline.css	5	  --cyan:#8ff0ff;
frontend/public/assets/trfmc_v084f_rf_dark_field_discipline.css	6	  --green:#42f56f;
frontend/public/assets/trfmc_v084f_rf_dark_field_discipline.css	7	  --amber:#fbbf24;
frontend/public/assets/trfmc_v084f_rf_dark_field_discipline.css	8	  --red:#ff3b5c;
frontend/public/assets/trfmc_v084f_rf_dark_field_discipline.css	9	  --blue:#2ea7ff;
frontend/public/assets/trfmc_v084f_rf_dark_field_discipline.css	10	  --text:#eafcff;
frontend/public/assets/trfmc_v084f_rf_dark_field_discipline.css	22	    linear-gradient(180deg,#020713,#01030a 84%);
frontend/public/assets/trfmc_v084f_rf_dark_field_discipline.css	55	  background:radial-gradient(circle at 32% 28%,#fff,var(--cyan) 32%,#13445a 64%,#01050b);
frontend/public/assets/trfmc_v084f_rf_dark_field_discipline.css	74	  color:#02120d;
frontend/public/assets/trfmc_v084f_rf_dark_field_discipline.css	136	input[type=range]{width:100%;accent-color:#0ff}
frontend/public/assets/trfmc_v084f_rf_dark_field_discipline.css	152	.excellent{background:#b9fff0}.good{background:var(--green)}.edge{background:var(--amber)}.weak{background:var(--blue)}.critical{background:var(--red)}
frontend/public/assets/trfmc_v084f_rf_dark_field_discipline.css	171	.kpi b{display:block;margin-top:6px;font-size:16px;color:#eaffff}
frontend/public/assets/trfmc_v084f_rf_dark_field_discipline.css	175	#fieldCanvas{display:block;width:100%;height:650px;background:#01050d}
frontend/public/assets/trfmc_v084f_rf_dark_field_discipline.css	267	  --df-bg:#01030a;
frontend/public/assets/trfmc_v084f_rf_dark_field_discipline.css	268	  --df-panel:#061425;
frontend/public/assets/trfmc_v084f_rf_dark_field_discipline.css	269	  --df-cyan:#8ff0ff;
frontend/public/assets/trfmc_v084f_rf_dark_field_discipline.css	270	  --df-green:#42f56f;
frontend/public/assets/trfmc_v084f_rf_dark_field_discipline.css	271	  --df-amber:#fbbf24;
frontend/public/assets/trfmc_v084f_rf_dark_field_discipline.css	272	  --df-red:#ff3b5c;
frontend/public/assets/trfmc_v084f_rf_dark_field_discipline.css	273	  --df-blue:#2ea7ff;
frontend/public/assets/trfmc_v084f_rf_dark_field_discipline.css	295	body.v84f-dark-field #fieldCanvas {
frontend/public/assets/trfmc_v084f_rf_dark_field_discipline.css	296	  background:#01040b !important;
frontend/public/assets/trfmc_component_object_integration_v77.css	13	  --v77-bg: #020713;
frontend/public/assets/trfmc_component_object_integration_v77.css	16	  --v77-cyan: #8ff0ff;
frontend/public/assets/trfmc_component_object_integration_v77.css	17	  --v77-green: #42f56f;
frontend/public/assets/trfmc_component_object_integration_v77.css	18	  --v77-amber: #fbbf24;
frontend/public/assets/trfmc_component_object_integration_v77.css	19	  --v77-red: #ff3b5c;
frontend/public/assets/trfmc_component_object_integration_v77.css	20	  --v77-violet: #a78bfa;
frontend/public/assets/trfmc_component_object_integration_v77.css	124	  color: #fff;
frontend/public/assets/trfmc_component_object_integration_v77.css	226	  background: linear-gradient(#eafcff, var(--v77-cyan), var(--v77-green));
frontend/public/assets/trfmc_v083a_rf_physics_calibrated_4d.js	190	    const c = $("#rfCanvas");
frontend/public/assets/trfmc_v083a_rf_physics_calibrated_4d.js	222	    const fMHz = num("#freqMHz");
frontend/public/assets/trfmc_v083a_rf_physics_calibrated_4d.js	223	    const eirp = num("#eirp");
frontend/public/assets/trfmc_v083a_rf_physics_calibrated_4d.js	224	    const n = num("#pathN") / 10;
frontend/public/assets/trfmc_v083a_rf_physics_calibrated_4d.js	225	    const veg = num("#vegDepth");
frontend/public/assets/trfmc_v083a_rf_physics_calibrated_4d.js	226	    const shadow = num("#shadowDb");
frontend/public/assets/trfmc_v083a_rf_physics_calibrated_4d.js	227	    const gain = num("#sectorGain") / 10;
frontend/public/assets/trfmc_v083a_rf_physics_calibrated_4d.js	228	    const fade = num("#fading") / 10;
frontend/public/assets/trfmc_v083a_rf_physics_calibrated_4d.js	230	    $("#freqMHzVal").textContent = fMHz + " MHz";
frontend/public/assets/trfmc_v083a_rf_physics_calibrated_4d.js	231	    $("#eirpVal").textContent = eirp + " dBm";
frontend/public/assets/trfmc_v083a_rf_physics_calibrated_4d.js	232	    $("#pathNVal").textContent = n.toFixed(1);
frontend/public/assets/trfmc_v083a_rf_physics_calibrated_4d.js	233	    $("#vegDepthVal").textContent = veg + " m";
frontend/public/assets/trfmc_v083a_rf_physics_calibrated_4d.js	234	    $("#shadowDbVal").textContent = shadow + " dB";
frontend/public/assets/trfmc_v083a_rf_physics_calibrated_4d.js	235	    $("#sectorGainVal").textContent = gain.toFixed(1) + " dB";
frontend/public/assets/trfmc_v083a_rf_physics_calibrated_4d.js	236	    $("#fadingVal").textContent = fade.toFixed(1) + " dB";
frontend/public/assets/trfmc_v083a_rf_physics_calibrated_4d.js	252	    $("#rsrpVal").textContent = prx.toFixed(1) + " dBm";
frontend/public/assets/trfmc_v083a_rf_physics_calibrated_4d.js	253	    $("#sinrVal").textContent = sinr.toFixed(1) + " dB";
frontend/public/assets/trfmc_v083a_rf_physics_calibrated_4d.js	254	    $("#lossVal").textContent = totalLoss.toFixed(1) + " dB";
frontend/public/assets/trfmc_v083a_rf_physics_calibrated_4d.js	255	    $("#coverageVal").textContent = coverage + "%";
frontend/public/assets/trfmc_v083a_rf_physics_calibrated_4d.js	256	    $("#cellVal").textContent = cell;
frontend/public/assets/trfmc_v083a_rf_physics_calibrated_4d.js	257	    $("#physicsScore").textContent = coverage + "%";
frontend/public/assets/trfmc_v083a_rf_physics_calibrated_4d.js	259	    $("#fsplLive").textContent = "d=180 m, f=" + fMHz + " MHz → FSPL≈" + fspl.toFixed(1) + " dB.";
frontend/public/assets/trfmc_v083a_rf_physics_calibrated_4d.js	260	    $("#plLive").textContent = "n=" + n.toFixed(1) + ", d=180 m → PL≈" + pl.toFixed(1) + " dB.";
frontend/public/assets/trfmc_v083a_rf_physics_calibrated_4d.js	261	    $("#vegLive").textContent = "dveg=" + veg + " m, density=0.68 → Lveg≈" + lveg.toFixed(1) + " dB.";
frontend/public/assets/trfmc_v083a_rf_physics_calibrated_4d.js	262	    $("#prxLive").textContent = "EIRP=" + eirp + " dBm, Gsector=" + gain.toFixed(1) + " dB → Prx≈" + prx.toFixed(1) + " dBm.";
frontend/public/assets/trfmc_v083a_rf_physics_calibrated_4d.js	264	    $("#captionText").textContent =
frontend/public/assets/trfmc_v083a_rf_physics_calibrated_4d.js	268	    $("#copilot").innerHTML =
frontend/public/assets/trfmc_v083a_rf_physics_calibrated_4d.js	276	    gl.uniform2f(gl.getUniformLocation(program,"u_res"), $("#rfCanvas").width, $("#rfCanvas").height);
frontend/public/assets/trfmc_v083a_rf_physics_calibrated_4d.js	278	    gl.uniform1f(gl.getUniformLocation(program,"u_freqMHz"), num("#freqMHz"));
frontend/public/assets/trfmc_v083a_rf_physics_calibrated_4d.js	279	    gl.uniform1f(gl.getUniformLocation(program,"u_eirp"), num("#eirp"));
frontend/public/assets/trfmc_v083a_rf_physics_calibrated_4d.js	280	    gl.uniform1f(gl.getUniformLocation(program,"u_pathN"), num("#pathN")/10);
frontend/public/assets/trfmc_v083a_rf_physics_calibrated_4d.js	281	    gl.uniform1f(gl.getUniformLocation(program,"u_vegDepth"), num("#vegDepth"));
frontend/public/assets/trfmc_v083a_rf_physics_calibrated_4d.js	282	    gl.uniform1f(gl.getUniformLocation(program,"u_shadowDb"), num("#shadowDb"));
frontend/public/assets/trfmc_v083a_rf_physics_calibrated_4d.js	283	    gl.uniform1f(gl.getUniformLocation(program,"u_sectorGainDb"), num("#sectorGain")/10);
frontend/public/assets/trfmc_v083a_rf_physics_calibrated_4d.js	284	    gl.uniform1f(gl.getUniformLocation(program,"u_fadingDb"), num("#fading")/10);
frontend/public/assets/trfmc_v083a_rf_physics_calibrated_4d.js	308	    const c = $("#rfCanvas");
frontend/public/assets/trfmc_v083a_rf_physics_calibrated_4d.js	314	      $("#webglBadge").textContent = "NO WEBGL";
frontend/public/assets/trfmc_v083a_rf_physics_calibrated_4d.js	315	      $("#rendererVal").textContent = "fallback";
frontend/public/assets/trfmc_v083a_rf_physics_calibrated_4d.js	319	    $("#webglBadge").textContent = "WEBGL OK";
frontend/public/assets/trfmc_v083a_rf_physics_calibrated_4d.js	320	    $("#rendererVal").textContent = "WebGL";
frontend/public/assets/trfmc_v083a_rf_physics_calibrated_4d.js	338	    ["#freqMHz","#eirp","#pathN","#vegDepth","#shadowDb","#sectorGain","#fading"].forEach(id => {
frontend/public/assets/trfmc_v083a_rf_physics_calibrated_4d.js	342	    $("#pauseBtn").addEventListener("click", () => {
frontend/public/assets/trfmc_v083a_rf_physics_calibrated_4d.js	344	      $("#pauseBtn").textContent = paused ? "Resume" : "Pause";
frontend/public/assets/trfmc_v083a_rf_physics_calibrated_4d.js	347	    $("#baselineBtn").addEventListener("click", () => preset({
frontend/public/assets/trfmc_v083a_rf_physics_calibrated_4d.js	351	    $("#urbanBtn").addEventListener("click", () => preset({
frontend/public/assets/trfmc_v083a_rf_physics_calibrated_4d.js	355	    $("#foliageBtn").addEventListener("click", () => preset({
frontend/public/assets/trfmc_v083a_rf_physics_calibrated_4d.js	359	    $("#recoveryBtn").addEventListener("click", () => preset({
frontend/public/assets/trfmc_v083f_dual_instrument_profile.css	4	  --v83f-cyan:#8ff0ff;
frontend/public/assets/trfmc_v083f_dual_instrument_profile.css	5	  --v83f-green:#42f56f;
frontend/public/assets/trfmc_v083f_dual_instrument_profile.css	6	  --v83f-amber:#fbbf24;
frontend/public/assets/trfmc_v083f_dual_instrument_profile.css	7	  --v83f-red:#ff3b5c;
frontend/public/assets/trfmc_v083f_dual_instrument_profile.css	8	  --v83f-blue:#2ea7ff;
frontend/public/assets/trfmc_v083f_dual_instrument_profile.css	12	body.v83f-dual #rfCanvas {
frontend/public/assets/trfmc_v083f_dual_instrument_profile.css	74	#v83fProfileCanvas {
frontend/public/assets/trfmc_v083f_dual_instrument_profile.css	116	  color:#eaffff;
frontend/public/assets/trfmc_v083f_dual_instrument_profile.css	145	#v83fSpectrumCanvas {
frontend/public/assets/trfmc_v084l_rf_sapienza_director_cockpit.css	8	  --l-cyan:#8ff0ff;
frontend/public/assets/trfmc_v084l_rf_sapienza_director_cockpit.css	9	  --l-green:#42f56f;
frontend/public/assets/trfmc_v084l_rf_sapienza_director_cockpit.css	10	  --l-amber:#fbbf24;
frontend/public/assets/trfmc_v084l_rf_sapienza_director_cockpit.css	11	  --l-red:#ff3b5c;
frontend/public/assets/trfmc_v084l_rf_sapienza_director_cockpit.css	12	  --l-panel:#061426;
frontend/public/assets/trfmc_v084l_rf_sapienza_director_cockpit.css	13	  --l-bg:#01040b;
frontend/public/assets/trfmc_v084l_rf_sapienza_director_cockpit.css	92	  color:#021006 !important;
frontend/public/assets/trfmc_engineering_completeness_matrix_v51r3.css	6	  --trfmc-v51r3-text: #e5f3ff;
frontend/public/assets/trfmc_engineering_completeness_matrix_v51r3.css	7	  --trfmc-v51r3-muted: #91a9bd;
frontend/public/assets/trfmc_engineering_completeness_matrix_v51r3.css	8	  --trfmc-v51r3-cyan: #67e8f9;
frontend/public/assets/trfmc_engineering_completeness_matrix_v51r3.css	9	  --trfmc-v51r3-green: #86efac;
frontend/public/assets/trfmc_engineering_completeness_matrix_v51r3.css	10	  --trfmc-v51r3-amber: #fbbf24;
frontend/public/assets/trfmc_engineering_completeness_matrix_v51r3.css	11	  --trfmc-v51r3-red: #f87171;
frontend/public/assets/trfmc_engineering_completeness_matrix_v51r3.css	12	  --trfmc-v51r3-violet: #c4b5fd;
frontend/public/assets/trfmc_engineering_completeness_matrix_v51r3.css	15	#trfmc-v51r3-matrix-host {
frontend/public/assets/trfmc_engineering_completeness_matrix_v51r3.css	184	  color: #d8e9f7;
frontend/public/assets/trfmc_v085d_rf_physics_runtime_identity_lock.css	7	  --d-bg:#01040b;
frontend/public/assets/trfmc_v085d_rf_physics_runtime_identity_lock.css	8	  --d-panel:#061426;
frontend/public/assets/trfmc_v085d_rf_physics_runtime_identity_lock.css	9	  --d-cyan:#8ff0ff;
frontend/public/assets/trfmc_v085d_rf_physics_runtime_identity_lock.css	10	  --d-green:#42f56f;
frontend/public/assets/trfmc_v085d_rf_physics_runtime_identity_lock.css	11	  --d-amber:#fbbf24;
frontend/public/assets/trfmc_v085d_rf_physics_runtime_identity_lock.css	12	  --d-red:#ff3b5c;
frontend/public/assets/trfmc_v085d_rf_physics_runtime_identity_lock.css	13	  --d-text:#e8faff;
frontend/public/assets/trfmc_v086a_scoped_rf_physics_sapienza.css	8	  background:#01040b;
frontend/public/assets/trfmc_v086a_scoped_rf_physics_sapienza.css	9	  color:#e8faff;
frontend/public/assets/trfmc_v086a_scoped_rf_physics_sapienza.css	22	  --bg:#01040b;
frontend/public/assets/trfmc_v086a_scoped_rf_physics_sapienza.css	23	  --panel:#061426;
frontend/public/assets/trfmc_v086a_scoped_rf_physics_sapienza.css	24	  --panel2:#071d33;
frontend/public/assets/trfmc_v086a_scoped_rf_physics_sapienza.css	27	  --cyan:#8ff0ff;
frontend/public/assets/trfmc_v086a_scoped_rf_physics_sapienza.css	28	  --green:#42f56f;
frontend/public/assets/trfmc_v086a_scoped_rf_physics_sapienza.css	29	  --amber:#fbbf24;
frontend/public/assets/trfmc_v086a_scoped_rf_physics_sapienza.css	30	  --red:#ff3b5c;
frontend/public/assets/trfmc_v086a_scoped_rf_physics_sapienza.css	31	  --blue:#2ea7ff;
frontend/public/assets/trfmc_v086a_scoped_rf_physics_sapienza.css	32	  --text:#e8faff;
frontend/public/assets/trfmc_v086a_scoped_rf_physics_sapienza.css	38	    linear-gradient(135deg,#01040b 0%,#04111f 48%,#01040b 100%);
frontend/public/assets/trfmc_v086a_scoped_rf_physics_sapienza.css	70	    radial-gradient(circle at 35% 28%, #e8ffff 0 8%, #8ff0ff 9% 34%, #0c5870 65%, #020811 100%);
frontend/public/assets/trfmc_v086a_scoped_rf_physics_sapienza.css	253	  color:#021006;
frontend/public/assets/trfmc_v086a_scoped_rf_physics_sapienza.css	327	  accent-color:#13e6f0;
frontend/public/assets/trfmc_v086a_scoped_rf_physics_sapienza.css	365	[data-trfmc-page="rf-physics-sapienza-v86"] .c-strong { background:#e8ffff; }
frontend/public/assets/trfmc_v086a_scoped_rf_physics_sapienza.css	366	[data-trfmc-page="rf-physics-sapienza-v86"] .c-good { background:#42f56f; }
frontend/public/assets/trfmc_v086a_scoped_rf_physics_sapienza.css	367	[data-trfmc-page="rf-physics-sapienza-v86"] .c-edge { background:#fbbf24; }
frontend/public/assets/trfmc_v086a_scoped_rf_physics_sapienza.css	368	[data-trfmc-page="rf-physics-sapienza-v86"] .c-weak { background:#2ea7ff; }
frontend/public/assets/trfmc_v086a_scoped_rf_physics_sapienza.css	369	[data-trfmc-page="rf-physics-sapienza-v86"] .c-out { background:#020611; border:1px solid rgba(255,59,92,.35); }
frontend/public/assets/trfmc_v086a_scoped_rf_physics_sapienza.css	415	  background:#020813;
frontend/public/assets/trfmc_v086a_scoped_rf_physics_sapienza.css	420	[data-trfmc-page="rf-physics-sapienza-v86"] #rf86Canvas {
frontend/public/assets/trfmc_v086a_scoped_rf_physics_sapienza.css	498	  background:linear-gradient(90deg,#020611 0%,#0b2f75 18%,#0aa0d0 38%,#35df75 58%,#e5c945 76%,#d64b45 100%);
frontend/public/assets/trfmc_v086a_scoped_rf_physics_sapienza.css	535	  background:#020813;
frontend/public/assets/trfmc_v087b_real_mission_home.js	37	      $("#mc87-health").textContent = score >= 80 ? "READY" : "WATCH";
frontend/public/assets/trfmc_v087b_real_mission_home.js	38	      $("#mc87-score").textContent = score + "%";
frontend/public/assets/trfmc_v087b_real_mission_home.js	39	      $("#mc87-score-text").textContent = okCount + "/" + frontline.length + " mission routes HTTP 200";
frontend/public/assets/trfmc_v087b_real_mission_home.js	41	      $("#k-frontline").textContent = frontline.length;
frontend/public/assets/trfmc_v087b_real_mission_home.js	42	      $("#k-engineering").textContent = engineering.length;
frontend/public/assets/trfmc_v087b_real_mission_home.js	43	      $("#k-http").textContent = okCount;
frontend/public/assets/trfmc_v087b_real_mission_home.js	45	      $("#frontlineCount").textContent = frontline.length + " real routes";
frontend/public/assets/trfmc_v087b_real_mission_home.js	47	      $("#frontlineCards").innerHTML = frontline.map((r, i) => `
frontend/public/assets/trfmc_v087b_real_mission_home.js	57	      $("#engineeringCards").innerHTML = engineering.map(r => `
frontend/public/assets/trfmc_v087b_real_mission_home.js	65	      $("#liveList").innerHTML = [
frontend/public/assets/trfmc_v087b_real_mission_home.js	73	      $("#mc87-health").textContent = "ERROR";
frontend/public/assets/trfmc_v087b_real_mission_home.js	74	      $("#mc87-score").textContent = "0%";
frontend/public/assets/trfmc_v087b_real_mission_home.js	75	      $("#frontlineCards").innerHTML = `<article class="mc87-card"><b>Manifest error</b><p>${esc(err.message)}</p></article>`;
frontend/public/assets/trfmc_v082c_mission_replay_sector_diagnostics.css	6	  --replay-blue:#2ea7ff;
frontend/public/assets/trfmc_v082c_mission_replay_sector_diagnostics.css	7	  --replay-cyan:#8ff0ff;
frontend/public/assets/trfmc_v082c_mission_replay_sector_diagnostics.css	8	  --replay-green:#42f56f;
frontend/public/assets/trfmc_v082c_mission_replay_sector_diagnostics.css	9	  --replay-amber:#fbbf24;
frontend/public/assets/trfmc_v082c_mission_replay_sector_diagnostics.css	10	  --replay-red:#ff3b5c;
frontend/public/assets/trfmc_v082c_mission_replay_sector_diagnostics.css	224	  color:#031018;
frontend/public/assets/trfmc_v084b_rf_sapienza_console.js	166	    bg.addColorStop(0,"#071f33");
frontend/public/assets/trfmc_v084b_rf_sapienza_console.js	167	    bg.addColorStop(.55,"#031022");
frontend/public/assets/trfmc_v084b_rf_sapienza_console.js	168	    bg.addColorStop(1,"#01050d");
frontend/public/assets/trfmc_v084b_rf_sapienza_console.js	276	    ctx.fillStyle="#eaffff";
frontend/public/assets/trfmc_v084b_rf_sapienza_console.js	292	    ctx.fillStyle="#fff";
frontend/public/assets/trfmc_v084b_rf_sapienza_console.js	336	    ctx.fillStyle="#42f56f";
frontend/public/assets/trfmc_v084b_rf_sapienza_console.js	342	      ctx.fillStyle="#eaffff";
frontend/public/assets/trfmc_v084b_rf_sapienza_console.js	351	    ctx.fillStyle="#42f56f";
frontend/public/assets/trfmc_v087e_home_promotion_gate.js	6	  const canvas = $("#cd87Canvas");
frontend/public/assets/trfmc_v087e_home_promotion_gate.js	121	    const map = $("#cd87MissionMap");
frontend/public/assets/trfmc_v087e_home_promotion_gate.js	153	    const box = $("#cd87InspectorBody");
frontend/public/assets/trfmc_v087e_home_promotion_gate.js	161	    $("#cd87LayerStatus").textContent = state.ok[r.file] ? "HTTP 200" : "check";
frontend/public/assets/trfmc_v087e_home_promotion_gate.js	190	    $("#cd87DeckCount").textContent = routes.length + " mission routes";
frontend/public/assets/trfmc_v087e_home_promotion_gate.js	192	    $("#cd87LaunchDeck").innerHTML = routes.map(r => `
frontend/public/assets/trfmc_v087e_home_promotion_gate.js	201	    $("#cd87EngineeringDeck").innerHTML = (state.manifest.engineering_routes || []).map(r => `
frontend/public/assets/trfmc_v087e_home_promotion_gate.js	227	      $("#cd87Status").textContent = score >= 80 ? "READY" : "WATCH";
frontend/public/assets/trfmc_v087e_home_promotion_gate.js	228	      $("#cd87Score").textContent = score + "%";
frontend/public/assets/trfmc_v087e_home_promotion_gate.js	229	      $("#cd87ScoreText").textContent = okCount + "/" + routes.length + " mission routes HTTP 200";
frontend/public/assets/trfmc_v087e_home_promotion_gate.js	230	      $("#cd87MissionCount").textContent = routes.length;
frontend/public/assets/trfmc_v087e_home_promotion_gate.js	231	      $("#cd87OkCount").textContent = okCount;
frontend/public/assets/trfmc_v087e_home_promotion_gate.js	232	      $("#cd87EngCount").textContent = (state.manifest.engineering_routes || []).length;
frontend/public/assets/trfmc_v087e_home_promotion_gate.js	240	      $("#cd87Status").textContent = "ERROR";
frontend/public/assets/trfmc_v087e_home_promotion_gate.js	241	      $("#cd87Score").textContent = "0%";
frontend/public/assets/trfmc_v087e_home_promotion_gate.js	242	      $("#cd87InspectorBody").textContent = "Errore manifest: " + err.message;
frontend/public/assets/trfmc_v086f_design_token_audit.css	7	    linear-gradient(135deg,#020711,#031425 58%,#01050d);
frontend/public/assets/trfmc_v086f_design_token_audit.css	8	  color:#e8faff;
frontend/public/assets/trfmc_v086f_design_token_audit.css	65	  background:radial-gradient(circle at 35% 28%,#ffffff 0 7%,#8ff0ff 8% 32%,#116980 64%,#020711 100%);
frontend/public/assets/trfmc_v086f_design_token_audit.css	82	  color:#8ff0ff;
frontend/public/assets/trfmc_v086f_design_token_audit.css	91	  color:#021006;
frontend/public/assets/trfmc_v086f_design_token_audit.css	92	  background:linear-gradient(135deg,#8ff0ff,#42f56f);
frontend/public/assets/trfmc_v086f_design_token_audit.css	106	  color:#42f56f;
frontend/public/assets/trfmc_v086f_design_token_audit.css	129	  color:#42f56f;
frontend/public/assets/trfmc_v086f_design_token_audit.css	168	  color:#42f56f;
frontend/public/assets/trfmc_v086f_design_token_audit.css	203	  color:#42f56f;
frontend/public/assets/trfmc_v086f_design_token_audit.css	214	  color:#8ff0ff;
frontend/public/assets/trfmc_v086f_design_token_audit.css	254	  color:#42f56f;
frontend/public/assets/trfmc_v086f_design_token_audit.css	269	  background:#020913;
frontend/public/assets/trfmc_v086f_design_token_audit.css	270	  color:#e8faff;
frontend/public/assets/trfmc_v086f_design_token_audit.css	315	  color:#42f56f;
frontend/public/assets/trfmc_v086f_design_token_audit.css	338	  background:#03101c;
frontend/public/assets/trfmc_v086f_design_token_audit.css	339	  color:#8ff0ff;
frontend/public/assets/trfmc_v086f_design_token_audit.css	368	  color:#021006;
frontend/public/assets/trfmc_v086f_design_token_audit.css	369	  background:#42f56f;
frontend/public/assets/trfmc_v086f_design_token_audit.css	373	  color:#ffccd5;
frontend/public/assets/trfmc_v086f_design_token_audit.css	374	  border:1px solid #ff3b5c;
frontend/public/assets/trfmc_v086f_design_token_audit.css	392	  color:#42f56f;
frontend/public/assets/trfmc_ue_handover_redesign_v74.css	4	  --v74-cyan: #8ff0ff;
frontend/public/assets/trfmc_ue_handover_redesign_v74.css	5	  --v74-green: #42f56f;
frontend/public/assets/trfmc_ue_handover_redesign_v74.css	6	  --v74-amber: #fbbf24;
frontend/public/assets/trfmc_ue_handover_redesign_v74.css	7	  --v74-red: #ff3b5c;
frontend/public/assets/trfmc_ue_handover_redesign_v74.css	8	  --v74-violet: #a78bfa;
frontend/public/assets/trfmc_ue_handover_redesign_v74.css	9	  --v74-bg: #020713;
frontend/public/assets/trfmc_v087b_real_mission_home.css	8	    linear-gradient(135deg,#01050d,#031425 54%,#01040a);
frontend/public/assets/trfmc_v087b_real_mission_home.css	9	  color:#e8faff;
frontend/public/assets/trfmc_v087b_real_mission_home.css	66	  background:radial-gradient(circle at 35% 28%,#fff 0 7%,#8ff0ff 8% 32%,#116980 64%,#020711 100%);
frontend/public/assets/trfmc_v087b_real_mission_home.css	84	  color:#8ff0ff;
frontend/public/assets/trfmc_v087b_real_mission_home.css	95	  color:#021006;
frontend/public/assets/trfmc_v087b_real_mission_home.css	96	  background:linear-gradient(135deg,#8ff0ff,#42f56f);
frontend/public/assets/trfmc_v087b_real_mission_home.css	111	  color:#42f56f;
frontend/public/assets/trfmc_v087b_real_mission_home.css	155	  color:#42f56f;
frontend/public/assets/trfmc_v087b_real_mission_home.css	209	  color:#42f56f;
frontend/public/assets/trfmc_v087b_real_mission_home.css	234	  color:#8ff0ff;
frontend/public/assets/trfmc_v087b_real_mission_home.css	258	  color:#42f56f;
frontend/public/assets/trfmc_v087b_real_mission_home.css	265	  color:#e8faff;
frontend/public/assets/trfmc_v087b_real_mission_home.css	293	  color:#8ff0ff;
frontend/public/assets/trfmc_v087b_real_mission_home.css	303	  color:#42f56f;
frontend/public/assets/trfmc_v087b_real_mission_home.css	339	  color:#42f56f;
frontend/public/assets/trfmc_v087b_real_mission_home.css	345	  color:#8ff0ff;
frontend/public/assets/trfmc_v087b_real_mission_home.css	355	  color:#8ff0ff;
frontend/public/assets/trfmc_v087b_real_mission_home.css	387	  background:#42f56f;
frontend/public/assets/trfmc_v087b_real_mission_home.css	430	  color:#dfffea;
frontend/public/assets/trfmc_v087b_real_mission_home.css	465	  color:#42f56f;
frontend/public/assets/trfmc_v087b_real_mission_home.css	474	  color:#42f56f;
frontend/public/assets/trfmc_v087g_public_operational_home.js	70	          badge.style.color = res.ok ? "#8effcf" : "#ffd27d";
frontend/public/assets/trfmc_v087g_public_operational_home.js	74	          badge.style.color = "#ffd27d";
frontend/public/assets/trfmc_v087g_public_operational_home.js	91	        coreState.style.color = res.ok ? "#8effcf" : "#ffd27d";
frontend/public/assets/trfmc_v087g_public_operational_home.js	97	        coreState.style.color = "#ff9a9a";
frontend/public/assets/trfmc_digital_twin_redesign_v74.css	4	  --v74-cyan: #8ff0ff;
frontend/public/assets/trfmc_digital_twin_redesign_v74.css	5	  --v74-green: #42f56f;
frontend/public/assets/trfmc_digital_twin_redesign_v74.css	6	  --v74-amber: #fbbf24;
frontend/public/assets/trfmc_digital_twin_redesign_v74.css	7	  --v74-red: #ff3b5c;
frontend/public/assets/trfmc_digital_twin_redesign_v74.css	8	  --v74-bg: #020713;
frontend/public/assets/trfmc_unified_enterprise_shell_v70.css	4	  --trfmc-v70-bg: #020713;
frontend/public/assets/trfmc_unified_enterprise_shell_v70.css	7	  --trfmc-v70-cyan: #8ff0ff;
frontend/public/assets/trfmc_unified_enterprise_shell_v70.css	8	  --trfmc-v70-cyan-hot: #00f3ff;
frontend/public/assets/trfmc_unified_enterprise_shell_v70.css	9	  --trfmc-v70-green: #42f56f;
frontend/public/assets/trfmc_unified_enterprise_shell_v70.css	10	  --trfmc-v70-amber: #fbbf24;
frontend/public/assets/trfmc_unified_enterprise_shell_v70.css	11	  --trfmc-v70-red: #ff3b5c;
frontend/public/assets/trfmc_unified_enterprise_shell_v70.css	12	  --trfmc-v70-magenta: #ff4dff;
frontend/public/assets/trfmc_unified_enterprise_shell_v70.css	20	  color: #eafcff;
frontend/public/assets/trfmc_unified_enterprise_shell_v70.css	91	    radial-gradient(circle at 35% 28%, #fff 0 6%, var(--trfmc-v70-cyan) 7% 20%, rgba(0,243,255,.28) 42%, transparent 72%);
frontend/public/assets/trfmc_unified_enterprise_shell_v70.css	102	  color: #fff;
frontend/public/assets/trfmc_unified_enterprise_shell_v70.css	144	  color: #041119;
frontend/public/assets/trfmc_unified_enterprise_shell_v70.css	238	  color: #fff;
frontend/public/assets/trfmc_unified_enterprise_shell_v70.css	263	  color: #061119;
frontend/public/assets/trfmc_v084c_rf_sapienza_console_r2.css	2	  --bg:#020611;
frontend/public/assets/trfmc_v084c_rf_sapienza_console_r2.css	3	  --bg2:#050b16;
frontend/public/assets/trfmc_v084c_rf_sapienza_console_r2.css	6	  --cyan:#8ff0ff;
frontend/public/assets/trfmc_v084c_rf_sapienza_console_r2.css	7	  --green:#42f56f;
frontend/public/assets/trfmc_v084c_rf_sapienza_console_r2.css	8	  --amber:#fbbf24;
frontend/public/assets/trfmc_v084c_rf_sapienza_console_r2.css	9	  --red:#ff4163;
frontend/public/assets/trfmc_v084c_rf_sapienza_console_r2.css	10	  --blue:#2ea7ff;
frontend/public/assets/trfmc_v084c_rf_sapienza_console_r2.css	11	  --ink:#eafcff;
frontend/public/assets/trfmc_v084c_rf_sapienza_console_r2.css	24	    linear-gradient(180deg,#020713,#01030a 82%);
frontend/public/assets/trfmc_v084c_rf_sapienza_console_r2.css	59	  background:radial-gradient(circle at 30% 28%,#fff,var(--cyan) 34%,#13445a 64%,#01050b);
frontend/public/assets/trfmc_v084c_rf_sapienza_console_r2.css	79	  color:#02120d;
frontend/public/assets/trfmc_v084c_rf_sapienza_console_r2.css	149	input[type=range]{width:100%;accent-color:#0ff}
frontend/public/assets/trfmc_v084c_rf_sapienza_console_r2.css	165	.lg-excellent{background:#cffff0}.lg-good{background:var(--green)}.lg-edge{background:var(--amber)}.lg-weak{background:var(--blue)}.lg-outage{background:#01060e}
frontend/public/assets/trfmc_v084c_rf_sapienza_console_r2.css	190	#fieldCanvas{display:block;width:100%;height:620px;background:#01050c}
frontend/public/assets/trfmc_v084c_rf_sapienza_console_r2.css	293	  --r2-deep:#01040b;
frontend/public/assets/trfmc_v084c_rf_sapienza_console_r2.css	294	  --r2-field:#06182a;
frontend/public/assets/trfmc_v084c_rf_sapienza_console_r2.css	295	  --r2-cyan:#8ff0ff;
frontend/public/assets/trfmc_v084c_rf_sapienza_console_r2.css	296	  --r2-green:#42f56f;
frontend/public/assets/trfmc_v084c_rf_sapienza_console_r2.css	297	  --r2-amber:#fbbf24;
frontend/public/assets/trfmc_v084c_rf_sapienza_console_r2.css	298	  --r2-red:#ff4163;
frontend/public/assets/trfmc_v084c_rf_sapienza_console_r2.css	299	  --r2-blue:#2ea7ff;
frontend/public/assets/trfmc_v084c_rf_sapienza_console_r2.css	337	body.v84c-r2 #fieldCanvas {
frontend/public/assets/trfmc_v084c_rf_sapienza_console_r2.css	339	  background:#01050d;
frontend/public/assets/trfmc_executive_scenario_command_v48.js	125	    a.href = "#v48_scenario";
frontend/public/assets/trfmc_executive_rf_signal_intel_v49.css	52	  color: #58d6f9;
frontend/public/assets/trfmc_executive_rf_signal_intel_v49.css	70	  color: #3fb950;
frontend/public/assets/trfmc_executive_rf_signal_intel_v49.css	113	  color: #58d6f9;
frontend/public/assets/trfmc_executive_rf_signal_intel_v49.css	163	  color: #3fb950;
frontend/public/assets/trfmc_executive_rf_signal_intel_v49.css	205	  color: #58d6f9;
frontend/public/assets/trfmc_executive_rf_signal_intel_v49.css	220	.v49-rf-kpi.good b { color: #3fb950; }
frontend/public/assets/trfmc_executive_rf_signal_intel_v49.css	221	.v49-rf-kpi.warn b { color: #d29922; }
frontend/public/assets/trfmc_executive_rf_signal_intel_v49.css	222	.v49-rf-kpi.bad b { color: #ff4d6d; }
frontend/public/assets/trfmc_executive_rf_signal_intel_v49.css	295	  color: #edf8ff;
frontend/public/assets/trfmc_executive_rf_signal_intel_v49.css	300	  color: #58d6f9;
frontend/public/assets/trfmc_executive_rf_signal_intel_v49.css	319	  color: #3fb950;
frontend/public/assets/trfmc_executive_rf_signal_intel_v49.css	340	  color: #3fb950;
frontend/public/assets/trfmc_infrastructure_digital_twin_v63.css	1	*{box-sizing:border-box}body{margin:0;background:#020713;color:#e9f8ff;font-family:ui-monospace,SFMono-Regular,Menlo,Consolas,monospace;overflow-x:hidden}
frontend/public/assets/trfmc_infrastructure_digital_twin_v63.css	4	.brand{display:flex;gap:12px;align-items:center}.orb{width:34px;height:34px;border-radius:50%;background:radial-gradient(circle,#8ff0ff,transparent 62%);box-shadow:0 0 32px rgba(143,240,255,.5)}.brand b{letter-spacing:1.
frontend/public/assets/trfmc_infrastructure_digital_twin_v63.css	5	nav{display:flex;gap:8px;flex-wrap:wrap}nav a,.actions button{color:#8ff0ff;border:1px solid rgba(143,240,255,.32);background:rgba(143,240,255,.07);border-radius:999px;padding:8px 11px;text-decoration:none;font-size:10px
frontend/public/assets/trfmc_infrastructure_digital_twin_v63.css	6	main{padding:0 12px 24px}.hero{border:1px solid rgba(143,240,255,.38);border-radius:30px;padding:30px;background:linear-gradient(135deg,rgba(11,36,56,.92),rgba(4,10,24,.94));box-shadow:0 32px 100px rgba(0,0,0,.38),inset 
frontend/public/assets/trfmc_infrastructure_digital_twin_v63.css	7	.twin-layout{display:grid;grid-template-columns:1.25fr .75fr;gap:12px;margin-top:12px}.site-panel,.detail-panel,.knowledge-row article{border:1px solid rgba(143,240,255,.30);border-radius:26px;padding:16px;background:lin
frontend/public/assets/trfmc_infrastructure_digital_twin_v63.css	8	.site-scene{position:relative;height:690px;border:1px solid rgba(143,240,255,.28);border-radius:22px;overflow:hidden;background:linear-gradient(180deg,rgba(18,58,86,.92),rgba(4,10,24,.98) 62%,#01050d 100%);box-shadow:ins
frontend/public/assets/trfmc_infrastructure_digital_twin_v63.css	10	.tower{position:absolute;left:22%;bottom:12%;width:210px;height:530px}.mast{position:absolute;left:98px;bottom:0;width:12px;height:510px;background:linear-gradient(#8ff0ff,#42f56f);box-shadow:0 0 30px rgba(143,240,255,.5
frontend/public/assets/trfmc_infrastructure_digital_twin_v63.css	11	.hotspot{position:absolute;border:1px solid rgba(143,240,255,.42);background:rgba(2,8,18,.75);color:#8ff0ff;border-radius:14px;padding:8px;font-family:inherit;font-size:10px;font-weight:900;cursor:pointer;box-shadow:0 0 
frontend/public/assets/trfmc_infrastructure_digital_twin_v63.css	14	.mw-link{position:absolute;left:37%;top:55%;width:44%;height:3px;background:linear-gradient(90deg,#8ff0ff,transparent);transform:rotate(-18deg);box-shadow:0 0 18px rgba(143,240,255,.45)}.fiber-link{position:absolute;left
frontend/public/assets/trfmc_infrastructure_digital_twin_v63.css	15	.kpi-grid{display:grid;grid-template-columns:repeat(2,1fr);gap:8px}.kpi-grid div,.alarm-chain span{border:1px solid rgba(143,240,255,.22);border-radius:16px;padding:11px;background:rgba(143,240,255,.05)}.kpi-grid span{di
frontend/public/assets/trfmc_infrastructure_digital_twin_v63.css	16	.knowledge-row{display:grid;grid-template-columns:repeat(3,1fr);gap:12px;margin-top:12px}footer{margin:12px;border:1px solid rgba(143,240,255,.18);border-radius:999px;padding:12px;text-align:center;color:#9fb4c2}
frontend/public/assets/trfmc_infrastructure_digital_twin_v63.css	17	body.focus-antenna .antenna,body.focus-rru .rru,body.focus-ret .ret,body.focus-microwave .microwave,body.focus-shelter .shelter,body.focus-power .power{box-shadow:0 0 42px rgba(66,245,111,.45);border-color:#42f56f;color:
frontend/public/assets/trfmc_v086b_r1_performance_gpu_gate.js	219	    ctx.fillStyle = "#020813";
frontend/public/assets/trfmc_v086b_r1_performance_gpu_gate.js	252	    ctx.strokeStyle = "#8ff0ff";
frontend/public/assets/trfmc_v086b_r1_performance_gpu_gate.js	271	    ctx.fillStyle="#e8faff";
frontend/public/assets/trfmc_v087d_cinematic_command_deck.css	4	  background:#01040b;
frontend/public/assets/trfmc_v087d_cinematic_command_deck.css	5	  color:#e8faff;
frontend/public/assets/trfmc_v087d_cinematic_command_deck.css	18	    linear-gradient(135deg,#01040b,#031827 55%,#01040a);
frontend/public/assets/trfmc_v087d_cinematic_command_deck.css	83	  background:radial-gradient(circle at 35% 28%,#fff 0 7%,#8ff0ff 8% 32%,#116980 64%,#020711 100%);
frontend/public/assets/trfmc_v087d_cinematic_command_deck.css	101	  color:#8ff0ff;
frontend/public/assets/trfmc_v087d_cinematic_command_deck.css	112	  color:#021006;
frontend/public/assets/trfmc_v087d_cinematic_command_deck.css	113	  background:linear-gradient(135deg,#8ff0ff,#42f56f);
frontend/public/assets/trfmc_v087d_cinematic_command_deck.css	128	  color:#42f56f;
frontend/public/assets/trfmc_v087d_cinematic_command_deck.css	165	  color:#42f56f;
frontend/public/assets/trfmc_v087d_cinematic_command_deck.css	220	  color:#42f56f;
frontend/public/assets/trfmc_v087d_cinematic_command_deck.css	241	  color:#8ff0ff;
frontend/public/assets/trfmc_v087d_cinematic_command_deck.css	276	  color:#8ff0ff;
frontend/public/assets/trfmc_v087d_cinematic_command_deck.css	286	  color:#42f56f;
frontend/public/assets/trfmc_v087d_cinematic_command_deck.css	328	  color:#42f56f;
frontend/public/assets/trfmc_v087d_cinematic_command_deck.css	355	  color:#42f56f;
frontend/public/assets/trfmc_v087d_cinematic_command_deck.css	373	  color:#8ff0ff;
frontend/public/assets/trfmc_v087d_cinematic_command_deck.css	384	  color:#42f56f;
frontend/public/assets/trfmc_v087d_cinematic_command_deck.css	393	  color:#42f56f;
frontend/public/assets/trfmc_v087d_cinematic_command_deck.css	413	  color:#42f56f;
frontend/public/assets/trfmc_v087d_cinematic_command_deck.css	420	  color:#e8faff;
frontend/public/assets/trfmc_v087d_cinematic_command_deck.css	448	  color:#42f56f;
frontend/public/assets/trfmc_v087d_cinematic_command_deck.css	454	  color:#8ff0ff;
frontend/public/assets/trfmc_v087d_cinematic_command_deck.css	464	  color:#8ff0ff;
frontend/public/assets/trfmc_rf_telco_component_library_v76.js	6	      id: "tower",
frontend/public/assets/trfmc_rf_telco_component_library_v76.js	19	      id: "antenna",
frontend/public/assets/trfmc_rf_telco_component_library_v76.js	32	      id: "rru",
frontend/public/assets/trfmc_rf_telco_component_library_v76.js	45	      id: "ret",
frontend/public/assets/trfmc_rf_telco_component_library_v76.js	58	      id: "microwave",
frontend/public/assets/trfmc_rf_telco_component_library_v76.js	71	      id: "fiber",
frontend/public/assets/trfmc_rf_telco_component_library_v76.js	84	      id: "shelter",
frontend/public/assets/trfmc_rf_telco_component_library_v76.js	97	      id: "power",
frontend/public/assets/trfmc_rf_telco_component_library_v76.js	110	      id: "ue",
frontend/public/assets/trfmc_rf_telco_component_library_v76.js	123	      id: "gnb",
frontend/public/assets/trfmc_rf_telco_component_library_v76.js	136	      id: "core",
frontend/public/assets/trfmc_rf_telco_component_library_v76.js	149	      id: "cloud",
frontend/public/assets/trfmc_rf_telco_component_library_v76.js	162	      id: "evidence",
frontend/public/assets/trfmc_v083c_rf_sanity_sinr_calibration.css	2	  --bg:#020713;
frontend/public/assets/trfmc_v083c_rf_sanity_sinr_calibration.css	4	  --cyan:#8ff0ff;
frontend/public/assets/trfmc_v083c_rf_sanity_sinr_calibration.css	5	  --green:#42f56f;
frontend/public/assets/trfmc_v083c_rf_sanity_sinr_calibration.css	6	  --amber:#fbbf24;
frontend/public/assets/trfmc_v083c_rf_sanity_sinr_calibration.css	7	  --red:#ff3b5c;
frontend/public/assets/trfmc_v083c_rf_sanity_sinr_calibration.css	8	  --blue:#2ea7ff;
frontend/public/assets/trfmc_v083c_rf_sanity_sinr_calibration.css	11	  --white:#eaffff;
frontend/public/assets/trfmc_v083c_rf_sanity_sinr_calibration.css	23	    linear-gradient(180deg,#020713 0%,#03101d 52%,#01050d 100%);
frontend/public/assets/trfmc_v083c_rf_sanity_sinr_calibration.css	63	  background:radial-gradient(circle at 34% 28%,#eaffff,#4deaff 32%,#0b2638 72%);
frontend/public/assets/trfmc_v083c_rf_sanity_sinr_calibration.css	81	  color:#031018;
frontend/public/assets/trfmc_v083c_rf_sanity_sinr_calibration.css	108	  color:#e6fdff;
frontend/public/assets/trfmc_v083c_rf_sanity_sinr_calibration.css	152	input[type=range]{width:100%;accent-color:#13e7ef}
frontend/public/assets/trfmc_v083c_rf_sanity_sinr_calibration.css	159	.excellent{background:#eaffff}.good{background:#42f56f}.edge{background:#fbbf24}.weak{background:#0aa7ff}.outage{background:#020611}
frontend/public/assets/trfmc_v083c_rf_sanity_sinr_calibration.css	167	  background:#010714;
frontend/public/assets/trfmc_v083c_rf_sanity_sinr_calibration.css	170	#rfCanvas{position:absolute;inset:0;width:100%;height:100%;display:block;z-index:1}
frontend/public/assets/trfmc_v083c_rf_sanity_sinr_calibration.css	225	  background:#eaffff;box-shadow:0 0 30px rgba(143,240,255,.90);
frontend/public/assets/trfmc_v083c_rf_sanity_sinr_calibration.css	274	.tree::before{content:"";position:absolute;left:14px;bottom:0;width:5px;height:32px;background:linear-gradient(#b58855,#5c371d);border-radius:999px}
frontend/public/assets/trfmc_v083c_rf_sanity_sinr_calibration.css	287	  background:#eaffff;
frontend/public/assets/trfmc_v083c_rf_sanity_sinr_calibration.css	321	body.no-webgl #rfCanvas{display:none}
frontend/public/assets/trfmc_v083c_rf_sanity_sinr_calibration.css	331	.metric strong{display:block;font-size:23px;margin:7px 0;color:#f3fbff}
frontend/public/assets/trfmc_v083c_rf_sanity_sinr_calibration.css	405	  --v83b-cyan:#8ff0ff;
frontend/public/assets/trfmc_v083c_rf_sanity_sinr_calibration.css	406	  --v83b-green:#42f56f;
frontend/public/assets/trfmc_v083c_rf_sanity_sinr_calibration.css	407	  --v83b-amber:#fbbf24;
frontend/public/assets/trfmc_v083c_rf_sanity_sinr_calibration.css	408	  --v83b-red:#ff3b5c;
frontend/public/assets/trfmc_v083c_rf_sanity_sinr_calibration.css	409	  --v83b-blue:#2ea7ff;
frontend/public/assets/trfmc_v083c_rf_sanity_sinr_calibration.css	430	    #010714;
frontend/public/assets/trfmc_v083c_rf_sanity_sinr_calibration.css	465	      #020611 0%,
frontend/public/assets/trfmc_v083c_rf_sanity_sinr_calibration.css	466	      #061943 16%,
frontend/public/assets/trfmc_v083c_rf_sanity_sinr_calibration.css	467	      #005da8 34%,
frontend/public/assets/trfmc_v083c_rf_sanity_sinr_calibration.css	468	      #00c6c8 50%,
frontend/public/assets/trfmc_v083c_rf_sanity_sinr_calibration.css	469	      #42f56f 66%,
frontend/public/assets/trfmc_v083c_rf_sanity_sinr_calibration.css	470	      #fbbf24 82%,
frontend/public/assets/trfmc_v083c_rf_sanity_sinr_calibration.css	471	      #ff3b5c 100%);
frontend/public/assets/trfmc_v083c_rf_sanity_sinr_calibration.css	503	  color:#eaffff;
frontend/public/assets/trfmc_v083c_rf_sanity_sinr_calibration.css	668	  --v83c-cyan:#8ff0ff;
frontend/public/assets/trfmc_v083c_rf_sanity_sinr_calibration.css	669	  --v83c-green:#42f56f;
frontend/public/assets/trfmc_v083c_rf_sanity_sinr_calibration.css	670	  --v83c-amber:#fbbf24;
frontend/public/assets/trfmc_v083c_rf_sanity_sinr_calibration.css	671	  --v83c-red:#ff3b5c;
frontend/public/assets/trfmc_v083c_rf_sanity_sinr_calibration.css	672	  --v83c-blue:#2ea7ff;
frontend/public/assets/trfmc_perfection_bridge/trfmc_perfection_bridge_v2.css	22	  color:#dffaff;
frontend/public/assets/trfmc_perfection_bridge/trfmc_perfection_bridge_v2.css	41	  color:#00e5ff;
frontend/public/assets/trfmc_perfection_bridge/trfmc_perfection_bridge_v2.css	49	  color:#8fb8c8;
frontend/public/assets/trfmc_perfection_bridge/trfmc_perfection_bridge_v2.css	70	  color:#8fb8c8;
frontend/public/assets/trfmc_perfection_bridge/trfmc_perfection_bridge_v2.css	77	  color:#75ff5b;
frontend/public/assets/trfmc_perfection_bridge/trfmc_perfection_bridge_v2.css	106	  color:#ffd84d;
frontend/public/assets/trfmc_perfection_bridge/trfmc_perfection_bridge_v2.css	114	  color:#dffaff;
frontend/public/assets/trfmc_perfection_bridge/trfmc_perfection_bridge_v2.css	126	  background:#010409;
frontend/public/assets/trfmc_perfection_bridge/trfmc_perfection_bridge_v2.css	133	  color:#75ff5b;
frontend/public/assets/trfmc_perfection_bridge/trfmc_perfection_bridge_v1.css	21	  color:#dffaff;
frontend/public/assets/trfmc_perfection_bridge/trfmc_perfection_bridge_v1.css	40	  color:#00e5ff;
frontend/public/assets/trfmc_perfection_bridge/trfmc_perfection_bridge_v1.css	48	  color:#8fb8c8;
frontend/public/assets/trfmc_perfection_bridge/trfmc_perfection_bridge_v1.css	70	  color:#8fb8c8;
frontend/public/assets/trfmc_perfection_bridge/trfmc_perfection_bridge_v1.css	77	  color:#75ff5b;
frontend/public/assets/trfmc_perfection_bridge/trfmc_perfection_bridge_v1.css	101	  color:#ffd84d;
frontend/public/assets/trfmc_perfection_bridge/trfmc_perfection_bridge_v1.css	112	  color:#dffaff;
frontend/public/assets/trfmc_perfection_bridge/trfmc_perfection_bridge_v1.css	121	  background:#010409;
frontend/public/assets/trfmc_perfection_bridge/trfmc_perfection_bridge_v3.css	22	  color:#dffaff;
frontend/public/assets/trfmc_perfection_bridge/trfmc_perfection_bridge_v3.css	41	  color:#00e5ff;
frontend/public/assets/trfmc_perfection_bridge/trfmc_perfection_bridge_v3.css	49	  color:#8fb8c8;
frontend/public/assets/trfmc_perfection_bridge/trfmc_perfection_bridge_v3.css	71	  color:#8fb8c8;
frontend/public/assets/trfmc_perfection_bridge/trfmc_perfection_bridge_v3.css	78	  color:#75ff5b;
frontend/public/assets/trfmc_perfection_bridge/trfmc_perfection_bridge_v3.css	113	  color:#ffd84d;
frontend/public/assets/trfmc_perfection_bridge/trfmc_perfection_bridge_v3.css	121	  color:#dffaff;
frontend/public/assets/trfmc_perfection_bridge/trfmc_perfection_bridge_v3.css	133	  background:#010409;
frontend/public/assets/trfmc_perfection_bridge/trfmc_perfection_bridge_v3.css	140	  color:#75ff5b;
frontend/public/assets/trfmc_perfection_bridge/trfmc_perfection_bridge_v3.js	56	    ctx.fillStyle="#dce8ed";
frontend/public/assets/trfmc_perfection_bridge/trfmc_perfection_bridge_v3.js	58	    ctx.fillStyle="#aebfc5";
frontend/public/assets/trfmc_perfection_bridge/trfmc_perfection_bridge_v3.js	79	    ctx.fillStyle="#aebfc5";
frontend/public/assets/trfmc_perfection_bridge/trfmc_perfection_bridge_v3.js	105	    ctx.strokeStyle="#ffd84d";
frontend/public/assets/trfmc_perfection_bridge/trfmc_perfection_bridge_v3.js	124	    rf(ctx,w,h,dpr,t,"#ff3d7f");
frontend/public/assets/trfmc_perfection_bridge/trfmc_perfection_bridge_v3.js	140	      ctx.fillStyle="#75ff5b";
frontend/public/assets/trfmc_perfection_bridge/trfmc_perfection_bridge_v3.js	152	    bg.addColorStop(0,"#061827");
frontend/public/assets/trfmc_perfection_bridge/trfmc_perfection_bridge_v3.js	153	    bg.addColorStop(1,"#010409");
frontend/public/assets/trfmc_perfection_bridge/trfmc_perfection_bridge_v3.js	162	    else if(domain==="rf") rf(ctx,w,h,dpr,t,"#00e5ff");
frontend/public/assets/trfmc_perfection_bridge/trfmc_perfection_bridge_v3.js	165	    ctx.fillStyle="#8fb8c8";
frontend/public/assets/trfmc_perfection_bridge/trfmc_perfection_bridge_v1.js	24	    g.addColorStop(0,"#061827");
frontend/public/assets/trfmc_perfection_bridge/trfmc_perfection_bridge_v1.js	25	    g.addColorStop(1,"#010409");
frontend/public/assets/trfmc_perfection_bridge/trfmc_perfection_bridge_v1.js	51	        ctx.fillStyle=i<2?"#75ff5b":"#00e5ff";
frontend/public/assets/trfmc_perfection_bridge/trfmc_perfection_bridge_v1.js	57	      ctx.fillStyle="#d9e5e8";
frontend/public/assets/trfmc_perfection_bridge/trfmc_perfection_bridge_v1.js	59	      ctx.fillStyle="#b7c7cc";
frontend/public/assets/trfmc_perfection_bridge/trfmc_perfection_bridge_v1.js	69	      ctx.strokeStyle=domain==="fiber"?"#75ff5b":domain==="cyber"?"#ff3d7f":"#00e5ff";
frontend/public/assets/trfmc_perfection_bridge/trfmc_perfection_bridge_v1.js	87	    ctx.fillStyle="#8fb8c8";
frontend/public/assets/trfmc_perfection_bridge/trfmc_perfection_bridge_v2.js	56	      ctx.fillStyle=green?"#75ff5b":"#00e5ff";
frontend/public/assets/trfmc_perfection_bridge/trfmc_perfection_bridge_v2.js	79	    ctx.fillStyle="#dce8ed";
frontend/public/assets/trfmc_perfection_bridge/trfmc_perfection_bridge_v2.js	81	    ctx.fillStyle="#aebfc5";
frontend/public/assets/trfmc_perfection_bridge/trfmc_perfection_bridge_v2.js	101	    bg.addColorStop(0,"#061827");
frontend/public/assets/trfmc_perfection_bridge/trfmc_perfection_bridge_v2.js	102	    bg.addColorStop(1,"#010409");
frontend/public/assets/trfmc_perfection_bridge/trfmc_perfection_bridge_v2.js	109	    else if(domain==="cyber"){ drawRF(ctx,w,h,dpr,t,"#ff3d7f"); }
frontend/public/assets/trfmc_perfection_bridge/trfmc_perfection_bridge_v2.js	111	      ctx.strokeStyle="#75ff5b";ctx.lineWidth=2*dpr;ctx.beginPath();
frontend/public/assets/trfmc_perfection_bridge/trfmc_perfection_bridge_v2.js	119	    else { drawRF(ctx,w,h,dpr,t,"#00e5ff"); }
frontend/public/assets/trfmc_perfection_bridge/trfmc_perfection_bridge_v2.js	121	    ctx.fillStyle="#8fb8c8";
frontend/public/assets/trfmc_executive_visual_refinement_v51.js	58	        <a href="#v50_master">Master</a>
frontend/public/assets/trfmc_executive_visual_refinement_v51.js	59	        <a href="#v49_rf_intel">RF Intel</a>
frontend/public/assets/trfmc_executive_visual_refinement_v51.js	60	        <a href="#v48_scenario">Scenario</a>
frontend/public/assets/trfmc_executive_visual_refinement_v51.js	61	        <a href="#v47_kpi">KPI</a>
frontend/public/assets/trfmc_executive_visual_refinement_v51.js	108	    a.href = "#v51_review";
frontend/public/assets/trfmc_executive_spatial_command_v55.css	4	  --space-cyan: #69e8ff;
frontend/public/assets/trfmc_executive_spatial_command_v55.css	5	  --space-green: #42f56f;
frontend/public/assets/trfmc_executive_spatial_command_v55.css	6	  --space-violet: #8b5cf6;
frontend/public/assets/trfmc_executive_spatial_command_v55.css	7	  --space-blue: #2563eb;
frontend/public/assets/trfmc_executive_spatial_command_v55.css	12	    linear-gradient(180deg, #020712 0%, #06111f 38%, #020712 100%) !important;
frontend/public/assets/trfmc_executive_spatial_command_v55.css	121	  color: #8ff0ff !important;
frontend/public/assets/trfmc_executive_spatial_command_v55.css	174	.v55-satellite.s3 { left: 20%; top: 62%; background: #fbbf24; box-shadow: 0 0 18px rgba(251,191,36,.65); }
frontend/public/assets/trfmc_executive_spatial_command_v55.css	237	  color: #8ff0ff !important;
frontend/public/assets/trfmc_v083d_instrument_link_budget.js	182	    const tbody = $("#v83dBudgetRows");
frontend/public/assets/trfmc_v083d_instrument_link_budget.js	183	    const chip = $("#v83dBestChip");
frontend/public/assets/trfmc_v083d_instrument_link_budget.js	208	    const copilot = $("#copilot");
frontend/public/assets/trfmc_v087a_first_promotion_batch.css	7	    linear-gradient(135deg,#01050d,#031425 58%,#01040a);
frontend/public/assets/trfmc_v087a_first_promotion_batch.css	8	  color:#e8faff;
frontend/public/assets/trfmc_v087a_first_promotion_batch.css	64	  background:radial-gradient(circle at 35% 28%,#fff 0 7%,#8ff0ff 8% 32%,#116980 64%,#020711 100%);
frontend/public/assets/trfmc_v087a_first_promotion_batch.css	81	  color:#8ff0ff;
frontend/public/assets/trfmc_v087a_first_promotion_batch.css	90	  color:#021006;
frontend/public/assets/trfmc_v087a_first_promotion_batch.css	91	  background:linear-gradient(135deg,#8ff0ff,#42f56f);
frontend/public/assets/trfmc_v087a_first_promotion_batch.css	105	  color:#42f56f;
frontend/public/assets/trfmc_v087a_first_promotion_batch.css	128	  color:#42f56f;
frontend/public/assets/trfmc_v087a_first_promotion_batch.css	166	  color:#42f56f;
frontend/public/assets/trfmc_v087a_first_promotion_batch.css	213	  color:#42f56f;
frontend/public/assets/trfmc_v087a_first_promotion_batch.css	220	  color:#8ff0ff;
frontend/public/assets/trfmc_v087a_first_promotion_batch.css	231	  color:#42f56f;
frontend/public/assets/trfmc_v087a_first_promotion_batch.css	250	  color:#42f56f;
frontend/public/assets/trfmc_v087a_first_promotion_batch.css	269	  color:#42f56f;
frontend/public/assets/trfmc_v087a_first_promotion_batch.css	283	  color:#021006;
frontend/public/assets/trfmc_v087a_first_promotion_batch.css	284	  background:#42f56f;
frontend/public/assets/trfmc_v087a_first_promotion_batch.css	288	  color:#8ff0ff;
frontend/public/assets/trfmc_v087a_first_promotion_batch.css	289	  border:1px solid #8ff0ff;
frontend/public/assets/trfmc_v087a_first_promotion_batch.css	293	  color:#ffccd5;
frontend/public/assets/trfmc_v087a_first_promotion_batch.css	294	  border:1px solid #ff3b5c;
frontend/public/assets/trfmc_v087a_first_promotion_batch.css	319	  background:#03101c;
frontend/public/assets/trfmc_v087a_first_promotion_batch.css	320	  color:#8ff0ff;
frontend/public/assets/trfmc_v081a_vegetation_surgical.css	2	  --bg:#020713;
frontend/public/assets/trfmc_v081a_vegetation_surgical.css	5	  --cyan:#8ff0ff;
frontend/public/assets/trfmc_v081a_vegetation_surgical.css	6	  --green:#42f56f;
frontend/public/assets/trfmc_v081a_vegetation_surgical.css	7	  --amber:#fbbf24;
frontend/public/assets/trfmc_v081a_vegetation_surgical.css	8	  --red:#ff3b5c;
frontend/public/assets/trfmc_v081a_vegetation_surgical.css	11	  --white:#eaffff;
frontend/public/assets/trfmc_v081a_vegetation_surgical.css	23	    linear-gradient(180deg,#020713 0%,#03101d 52%,#01050d 100%);
frontend/public/assets/trfmc_v081a_vegetation_surgical.css	63	  background:radial-gradient(circle at 34% 28%, #eaffff, #4deaff 32%, #0b2638 72%);
frontend/public/assets/trfmc_v081a_vegetation_surgical.css	81	  color:#031018;
frontend/public/assets/trfmc_v081a_vegetation_surgical.css	115	  color:#dffcff;
frontend/public/assets/trfmc_v081a_vegetation_surgical.css	127	  color:#031018;
frontend/public/assets/trfmc_v081a_vegetation_surgical.css	182	  accent-color:#13e7ef;
frontend/public/assets/trfmc_v081a_vegetation_surgical.css	196	.clean{background:#f2ffff}
frontend/public/assets/trfmc_v081a_vegetation_surgical.css	198	.loss{background:#0aa7ff}
frontend/public/assets/trfmc_v081a_vegetation_surgical.css	199	.shadow{background:#07101d}
frontend/public/assets/trfmc_v081a_vegetation_surgical.css	248	  background:#eaffff;
frontend/public/assets/trfmc_v081a_vegetation_surgical.css	303	  background:linear-gradient(#b58855,#5c371d);
frontend/public/assets/trfmc_v081a_vegetation_surgical.css	333	.beam-a{left:15%;bottom:29%;width:72%;transform:rotate(-18deg);background:linear-gradient(90deg,#8ff0ff,transparent)}
frontend/public/assets/trfmc_v081a_vegetation_surgical.css	334	.beam-b{left:52%;top:26%;width:46%;transform:rotate(28deg);background:linear-gradient(90deg,#42f56f,transparent)}
frontend/public/assets/trfmc_v081a_vegetation_surgical.css	335	.beam-c{right:14%;bottom:33%;width:44%;transform:rotate(172deg);background:linear-gradient(90deg,#fbbf24,transparent)}
frontend/public/assets/trfmc_v081a_vegetation_surgical.css	340	  color:#021017;
frontend/public/assets/trfmc_v081a_vegetation_surgical.css	373	.metric strong{display:block;font-size:25px;margin:8px 0;color:#f3fbff}
frontend/public/assets/trfmc_layout_proportions_repair_v51r4.css	18	  --trfmc-v51r4-text: #e6f4ff;
frontend/public/assets/trfmc_layout_proportions_repair_v51r4.css	19	  --trfmc-v51r4-muted: #9bb2c7;
frontend/public/assets/trfmc_layout_proportions_repair_v51r4.css	20	  --trfmc-v51r4-cyan: #67e8f9;
frontend/public/assets/trfmc_layout_proportions_repair_v51r4.css	25	#root {
frontend/public/assets/trfmc_layout_proportions_repair_v51r4.css	33	  background: #020617;
frontend/public/assets/trfmc_layout_proportions_repair_v51r4.css	42	    linear-gradient(180deg, #020617, #030712 54%, #020617);
frontend/public/assets/trfmc_layout_proportions_repair_v51r4.css	238	body.trfmc-v51r4-layout-normalized #trfmc-v51r3-matrix-host {
frontend/public/assets/trfmc_layout_proportions_repair_v51r4.css	274	body.trfmc-v51r4-layout-normalized #trfmc-v51r3-mini,
frontend/public/assets/trfmc_executive_final_alignment_v53.css	4	  --v53-cyan: #58d6f9;
frontend/public/assets/trfmc_executive_final_alignment_v53.css	5	  --v53-green: #3fb950;
frontend/public/assets/trfmc_executive_final_alignment_v53.css	6	  --v53-amber: #d29922;
frontend/public/assets/trfmc_v082b_native_webgl_rf_refinement.css	2	  --bg:#020713;
frontend/public/assets/trfmc_v082b_native_webgl_rf_refinement.css	4	  --cyan:#8ff0ff;
frontend/public/assets/trfmc_v082b_native_webgl_rf_refinement.css	5	  --green:#42f56f;
frontend/public/assets/trfmc_v082b_native_webgl_rf_refinement.css	6	  --amber:#fbbf24;
frontend/public/assets/trfmc_v082b_native_webgl_rf_refinement.css	7	  --red:#ff3b5c;
frontend/public/assets/trfmc_v082b_native_webgl_rf_refinement.css	10	  --white:#eaffff;
frontend/public/assets/trfmc_v082b_native_webgl_rf_refinement.css	21	    linear-gradient(180deg,#020713 0%,#03101d 52%,#01050d 100%);
frontend/public/assets/trfmc_v082b_native_webgl_rf_refinement.css	61	  background:radial-gradient(circle at 34% 28%, #eaffff, #4deaff 32%, #0b2638 72%);
frontend/public/assets/trfmc_v082b_native_webgl_rf_refinement.css	79	  color:#031018;
frontend/public/assets/trfmc_v082b_native_webgl_rf_refinement.css	106	  color:#dffcff;
frontend/public/assets/trfmc_v082b_native_webgl_rf_refinement.css	143	input[type=range]{width:100%;accent-color:#13e7ef}
frontend/public/assets/trfmc_v082b_native_webgl_rf_refinement.css	150	.excellent{background:#eaffff}.good{background:#42f56f}.edge{background:#fbbf24}.weak{background:#0aa7ff}.outage{background:#020611}
frontend/public/assets/trfmc_v082b_native_webgl_rf_refinement.css	158	  background:#010714;
frontend/public/assets/trfmc_v082b_native_webgl_rf_refinement.css	161	#rfCanvas{position:absolute;inset:0;width:100%;height:100%;display:block;z-index:1}
frontend/public/assets/trfmc_v082b_native_webgl_rf_refinement.css	227	.site::before{content:"";width:16px;height:16px;border-radius:50%;background:#eaffff;box-shadow:0 0 30px rgba(143,240,255,.90)}
frontend/public/assets/trfmc_v082b_native_webgl_rf_refinement.css	253	.tree::before{content:"";position:absolute;left:14px;bottom:0;width:5px;height:32px;background:linear-gradient(#b58855,#5c371d);border-radius:999px}
frontend/public/assets/trfmc_v082b_native_webgl_rf_refinement.css	274	.l1{left:17%;top:23%}.l2{right:22%;top:22%}.l3{left:55%;bottom:18%;color:#ffb3c0}
frontend/public/assets/trfmc_v082b_native_webgl_rf_refinement.css	297	body.no-webgl #rfCanvas{display:none}
frontend/public/assets/trfmc_v082b_native_webgl_rf_refinement.css	307	.metric strong{display:block;font-size:24px;margin:7px 0;color:#f3fbff}
frontend/public/assets/trfmc_urban_shadowing_v67.js	200	      const c=["#42f56f","#8ff0ff","#fbbf24"][best];
frontend/public/assets/trfmc_ue_handover_dynamics_v69.css	2	  --bg:#020713;
frontend/public/assets/trfmc_ue_handover_dynamics_v69.css	3	  --cyan:#8ff0ff;
frontend/public/assets/trfmc_ue_handover_dynamics_v69.css	4	  --cyan2:#00f3ff;
frontend/public/assets/trfmc_ue_handover_dynamics_v69.css	5	  --green:#42f56f;
frontend/public/assets/trfmc_ue_handover_dynamics_v69.css	6	  --amber:#fbbf24;
frontend/public/assets/trfmc_ue_handover_dynamics_v69.css	7	  --red:#ff3b5c;
frontend/public/assets/trfmc_ue_handover_dynamics_v69.css	8	  --mag:#ff4dff;
frontend/public/assets/trfmc_ue_handover_dynamics_v69.css	20	  color:#eafcff;
frontend/public/assets/trfmc_ue_handover_dynamics_v69.css	24	#v69_canvas{
frontend/public/assets/trfmc_ue_handover_dynamics_v69.css	30	  background:#020713;
frontend/public/assets/trfmc_ue_handover_dynamics_v69.css	78	  background:radial-gradient(circle at 35% 30%,#fff,var(--cyan) 18%,rgba(0,243,255,.24) 45%,transparent 72%);
frontend/public/assets/trfmc_ue_handover_dynamics_v69.css	81	.v69-brand b{display:block;font-size:13px;letter-spacing:.16em;color:#fff}
frontend/public/assets/trfmc_ue_handover_dynamics_v69.css	96	  color:#061119;
frontend/public/assets/trfmc_ue_handover_dynamics_v69.css	243	  color:#051019;
frontend/public/assets/trfmc_ue_handover_dynamics_v69.css	269	  color:#fff;
frontend/public/assets/trfmc_ue_handover_dynamics_v69.css	303	  color:#fff;
frontend/public/assets/trfmc_object_definition_surfaces_v70b.css	4	  --v70b-bg: #020713;
frontend/public/assets/trfmc_object_definition_surfaces_v70b.css	5	  --v70b-ink: #eafcff;
frontend/public/assets/trfmc_object_definition_surfaces_v70b.css	7	  --v70b-cyan: #8ff0ff;
frontend/public/assets/trfmc_object_definition_surfaces_v70b.css	8	  --v70b-cyan-hot: #00f3ff;
frontend/public/assets/trfmc_object_definition_surfaces_v70b.css	9	  --v70b-green: #42f56f;
frontend/public/assets/trfmc_object_definition_surfaces_v70b.css	10	  --v70b-amber: #fbbf24;
frontend/public/assets/trfmc_object_definition_surfaces_v70b.css	11	  --v70b-red: #ff3b5c;
frontend/public/assets/trfmc_object_definition_surfaces_v70b.css	12	  --v70b-magenta: #ff4dff;
frontend/public/assets/trfmc_object_definition_surfaces_v70b.css	36	    #020713 !important;
frontend/public/assets/trfmc_object_definition_surfaces_v70b.css	170	  color: #041119 !important;
frontend/public/assets/trfmc_executive_visual_refinement_v51.css	4	  --v51-cyan: #58d6f9;
frontend/public/assets/trfmc_executive_visual_refinement_v51.css	5	  --v51-green: #3fb950;
frontend/public/assets/trfmc_executive_visual_refinement_v51.css	6	  --v51-amber: #d29922;
frontend/public/assets/trfmc_executive_visual_refinement_v51.css	7	  --v51-red: #ff4d6d;
frontend/public/assets/trfmc_v083b_rf_precision_scale_probe.css	2	  --bg:#020713;
frontend/public/assets/trfmc_v083b_rf_precision_scale_probe.css	4	  --cyan:#8ff0ff;
frontend/public/assets/trfmc_v083b_rf_precision_scale_probe.css	5	  --green:#42f56f;
frontend/public/assets/trfmc_v083b_rf_precision_scale_probe.css	6	  --amber:#fbbf24;
frontend/public/assets/trfmc_v083b_rf_precision_scale_probe.css	7	  --red:#ff3b5c;
frontend/public/assets/trfmc_v083b_rf_precision_scale_probe.css	8	  --blue:#2ea7ff;
frontend/public/assets/trfmc_v083b_rf_precision_scale_probe.css	11	  --white:#eaffff;
frontend/public/assets/trfmc_v083b_rf_precision_scale_probe.css	23	    linear-gradient(180deg,#020713 0%,#03101d 52%,#01050d 100%);
frontend/public/assets/trfmc_v083b_rf_precision_scale_probe.css	63	  background:radial-gradient(circle at 34% 28%,#eaffff,#4deaff 32%,#0b2638 72%);
frontend/public/assets/trfmc_v083b_rf_precision_scale_probe.css	81	  color:#031018;
frontend/public/assets/trfmc_v083b_rf_precision_scale_probe.css	108	  color:#e6fdff;
frontend/public/assets/trfmc_v083b_rf_precision_scale_probe.css	152	input[type=range]{width:100%;accent-color:#13e7ef}
frontend/public/assets/trfmc_v083b_rf_precision_scale_probe.css	159	.excellent{background:#eaffff}.good{background:#42f56f}.edge{background:#fbbf24}.weak{background:#0aa7ff}.outage{background:#020611}
frontend/public/assets/trfmc_v083b_rf_precision_scale_probe.css	167	  background:#010714;
frontend/public/assets/trfmc_v083b_rf_precision_scale_probe.css	170	#rfCanvas{position:absolute;inset:0;width:100%;height:100%;display:block;z-index:1}
frontend/public/assets/trfmc_v083b_rf_precision_scale_probe.css	225	  background:#eaffff;box-shadow:0 0 30px rgba(143,240,255,.90);
frontend/public/assets/trfmc_v083b_rf_precision_scale_probe.css	274	.tree::before{content:"";position:absolute;left:14px;bottom:0;width:5px;height:32px;background:linear-gradient(#b58855,#5c371d);border-radius:999px}
frontend/public/assets/trfmc_v083b_rf_precision_scale_probe.css	287	  background:#eaffff;
frontend/public/assets/trfmc_v083b_rf_precision_scale_probe.css	321	body.no-webgl #rfCanvas{display:none}
frontend/public/assets/trfmc_v083b_rf_precision_scale_probe.css	331	.metric strong{display:block;font-size:23px;margin:7px 0;color:#f3fbff}
frontend/public/assets/trfmc_v083b_rf_precision_scale_probe.css	405	  --v83b-cyan:#8ff0ff;
frontend/public/assets/trfmc_v083b_rf_precision_scale_probe.css	406	  --v83b-green:#42f56f;
frontend/public/assets/trfmc_v083b_rf_precision_scale_probe.css	407	  --v83b-amber:#fbbf24;
frontend/public/assets/trfmc_v083b_rf_precision_scale_probe.css	408	  --v83b-red:#ff3b5c;
frontend/public/assets/trfmc_v083b_rf_precision_scale_probe.css	409	  --v83b-blue:#2ea7ff;
frontend/public/assets/trfmc_v083b_rf_precision_scale_probe.css	430	    #010714;
frontend/public/assets/trfmc_v083b_rf_precision_scale_probe.css	465	      #020611 0%,
frontend/public/assets/trfmc_v083b_rf_precision_scale_probe.css	466	      #061943 16%,
frontend/public/assets/trfmc_v083b_rf_precision_scale_probe.css	467	      #005da8 34%,
frontend/public/assets/trfmc_v083b_rf_precision_scale_probe.css	468	      #00c6c8 50%,
frontend/public/assets/trfmc_v083b_rf_precision_scale_probe.css	469	      #42f56f 66%,
frontend/public/assets/trfmc_v083b_rf_precision_scale_probe.css	470	      #fbbf24 82%,
frontend/public/assets/trfmc_v083b_rf_precision_scale_probe.css	471	      #ff3b5c 100%);
frontend/public/assets/trfmc_v083b_rf_precision_scale_probe.css	503	  color:#eaffff;
frontend/public/assets/trfmc_v086c_portal_registry.js	126	      "'":"&#039;"
frontend/public/assets/trfmc_soul_runtime/trfmc_soul_runtime_v1.css	7	  --soul-cyan:#00e5ff;
frontend/public/assets/trfmc_soul_runtime/trfmc_soul_runtime_v1.css	8	  --soul-green:#75ff5b;
frontend/public/assets/trfmc_soul_runtime/trfmc_soul_runtime_v1.css	9	  --soul-gold:#ffd84d;
frontend/public/assets/trfmc_soul_runtime/trfmc_soul_runtime_v1.css	10	  --soul-red:#ff3d7f;
frontend/public/assets/trfmc_soul_runtime/trfmc_soul_runtime_v1.css	32	  color:#75ff5b;
frontend/public/assets/trfmc_soul_runtime/trfmc_soul_runtime_v1.css	84	  color:#dffaff;
frontend/public/assets/trfmc_soul_runtime/trfmc_soul_runtime_v1.css	100	  color:#00e5ff;
frontend/public/assets/trfmc_soul_runtime/trfmc_soul_runtime_v1.css	109	  color:#8fb8c8;
frontend/public/assets/trfmc_soul_runtime/trfmc_soul_runtime_v1.css	124	  color:#75ff5b;
frontend/public/assets/trfmc_soul_runtime/trfmc_soul_runtime_v1.css	129	  color:#dffaff;
frontend/public/assets/trfmc_soul_runtime/trfmc_soul_runtime_v1.css	145	  color:#8fb8c8;
frontend/public/assets/trfmc_soul_runtime/trfmc_soul_runtime_v1.css	155	  color:#75ff5b;
frontend/public/assets/trfmc_soul_runtime/trfmc_soul_runtime_v1.css	170	  color:#dffaff;
frontend/public/assets/trfmc_soul_runtime/trfmc_soul_runtime_v1.css	180	  color:#75ff5b;
frontend/public/assets/trfmc_soul_runtime/trfmc_soul_runtime_v1.css	190	  color:#8fb8c8;
frontend/public/assets/trfmc_soul_runtime/trfmc_soul_runtime_v1.js	188	      "&":"&amp;","<":"&lt;",">":"&gt;",'"':"&quot;","'":"&#039;"
frontend/public/assets/trfmc_v084a_rf_tm_supreme_console.js	182	    ctx.fillStyle="#42f56f"; ctx.font="bold 15px monospace";
frontend/public/assets/trfmc_v084a_rf_tm_supreme_console.js	217	    ctx.fillStyle="#eaffff";ctx.font="bold 11px monospace";ctx.textAlign="center";
frontend/public/assets/trfmc_v084a_rf_tm_supreme_console.js	348	      ["EIRP", state.eirp, "dBm", "#42f56f"],
frontend/public/assets/trfmc_v084a_rf_tm_supreme_console.js	349	      ["FSPL", -fspl(state.freq, Math.max(dist(ue,data.best.site)*900,20)), "dB", "#8ff0ff"],
frontend/public/assets/trfmc_v084a_rf_tm_supreme_console.js	350	      ["Shadow", -state.shadow, "dB", "#fbbf24"],
frontend/public/assets/trfmc_v084a_rf_tm_supreme_console.js	351	      ["Delay penalty", -data.ds/60, "dB eq", "#2ea7ff"],
frontend/public/assets/trfmc_v084a_rf_tm_supreme_console.js	352	      ["RSRP", data.best.p, "dBm", "#eaffff"],
frontend/public/assets/trfmc_v084a_rf_tm_supreme_console.js	353	      ["SINR", data.sinr, "dB", data.sinr<6?"#ff3b5c":data.sinr<12?"#fbbf24":"#42f56f"]
frontend/public/assets/trfmc_v087a_first_promotion_batch.js	41	      $("#pb87-health").textContent = ready ? "READY" : "WATCH";
frontend/public/assets/trfmc_v087a_first_promotion_batch.js	42	      $("#pb87-score").textContent = score + "%";
frontend/public/assets/trfmc_v087a_first_promotion_batch.js	44	      $("#k-routes").textContent = batch.length;
frontend/public/assets/trfmc_v087a_first_promotion_batch.js	45	      $("#k-p0").textContent = batch.filter(r => r.priority === "P0").length;
frontend/public/assets/trfmc_v087a_first_promotion_batch.js	46	      $("#k-p1").textContent = batch.filter(r => r.priority === "P1").length;
frontend/public/assets/trfmc_v087a_first_promotion_batch.js	47	      $("#k-hold").textContent = hold.length;
frontend/public/assets/trfmc_v087a_first_promotion_batch.js	48	      $("#k-backend").textContent = "OK";
frontend/public/assets/trfmc_v087a_first_promotion_batch.js	49	      $("#routeCount").textContent = batch.length + " candidate routes";
frontend/public/assets/trfmc_v087a_first_promotion_batch.js	51	      $("#promotionCards").innerHTML = batch.map((r, i) => `
frontend/public/assets/trfmc_v087a_first_promotion_batch.js	61	      $("#holdCards").innerHTML = hold.map(r => `
frontend/public/assets/trfmc_v087a_first_promotion_batch.js	70	      $("#matrixTable").innerHTML = batch.map(r => `
frontend/public/assets/trfmc_v087a_first_promotion_batch.js	83	      $("#pb87-health").textContent = "ERROR";
frontend/public/assets/trfmc_v087a_first_promotion_batch.js	84	      $("#pb87-score").textContent = "0%";
frontend/public/assets/trfmc_v087a_first_promotion_batch.js	85	      $("#promotionCards").innerHTML = `<article class="pb87-card"><strong>Errore registry</strong><p>${esc(err.message)}</p></article>`;
frontend/public/assets/trfmc_v087f_route_normalizer.css	7	    linear-gradient(135deg,#01040b,#031827 56%,#01040a);
frontend/public/assets/trfmc_v087f_route_normalizer.css	8	  color:#e8faff;
frontend/public/assets/trfmc_v087f_route_normalizer.css	64	  background:radial-gradient(circle at 35% 28%,#fff 0 7%,#8ff0ff 8% 32%,#116980 64%,#020711 100%);
frontend/public/assets/trfmc_v087f_route_normalizer.css	82	  color:#8ff0ff;
frontend/public/assets/trfmc_v087f_route_normalizer.css	93	  color:#021006;
frontend/public/assets/trfmc_v087f_route_normalizer.css	94	  background:linear-gradient(135deg,#8ff0ff,#42f56f);
frontend/public/assets/trfmc_v087f_route_normalizer.css	108	  color:#42f56f;
frontend/public/assets/trfmc_v087f_route_normalizer.css	131	  color:#42f56f;
frontend/public/assets/trfmc_v087f_route_normalizer.css	179	  color:#42f56f;
frontend/public/assets/trfmc_v087f_route_normalizer.css	204	  color:#8ff0ff;
frontend/public/assets/trfmc_v087f_route_normalizer.css	234	  color:#8ff0ff;
frontend/public/assets/trfmc_v087f_route_normalizer.css	245	  color:#42f56f;
frontend/public/assets/trfmc_v087f_route_normalizer.css	271	  color:#42f56f;
frontend/public/assets/trfmc_v087f_route_normalizer.css	302	  color:#42f56f;
frontend/public/assets/trfmc_v087f_route_normalizer.css	312	  color:#8ff0ff;
frontend/public/assets/trfmc_v087f_route_normalizer.css	323	  color:#42f56f;
frontend/public/assets/trfmc_v087f_route_normalizer.css	346	  background:#03101c;
frontend/public/assets/trfmc_v087f_route_normalizer.css	347	  color:#8ff0ff;
frontend/public/assets/trfmc_v087f_route_normalizer.css	373	  color:#8ff0ff;
frontend/public/assets/trfmc_executive_content_consolidation_v44.css	28	  color: #58d6f9;
frontend/public/assets/trfmc_executive_content_consolidation_v44.css	36	  color: #8da4b3;
frontend/public/assets/trfmc_executive_content_consolidation_v44.css	45	  color: #3fb950;
frontend/public/assets/trfmc_executive_content_consolidation_v44.css	99	  color: #8da4b3;
frontend/public/assets/trfmc_executive_content_consolidation_v44.css	108	  color: #58d6f9;
frontend/public/assets/trfmc_executive_content_consolidation_v44.css	113	  color: #3fb950;
frontend/public/assets/trfmc_executive_content_consolidation_v44.css	128	  color: #58d6f9;
frontend/public/assets/trfmc_executive_content_consolidation_v44.css	137	  color: #3fb950;
frontend/public/assets/trfmc_v083d_instrument_link_budget.css	4	  --v83d-cyan:#8ff0ff;
frontend/public/assets/trfmc_v083d_instrument_link_budget.css	5	  --v83d-green:#42f56f;
frontend/public/assets/trfmc_v083d_instrument_link_budget.css	6	  --v83d-amber:#fbbf24;
frontend/public/assets/trfmc_v083d_instrument_link_budget.css	7	  --v83d-red:#ff3b5c;
frontend/public/assets/trfmc_v083d_instrument_link_budget.css	8	  --v83d-blue:#2ea7ff;
frontend/public/assets/trfmc_v083d_instrument_link_budget.css	142	  color:#eaffff;
frontend/public/assets/trfmc_v084b_rf_sapienza_console.css	2	  --bg:#020611;
frontend/public/assets/trfmc_v084b_rf_sapienza_console.css	3	  --bg2:#050b16;
frontend/public/assets/trfmc_v084b_rf_sapienza_console.css	6	  --cyan:#8ff0ff;
frontend/public/assets/trfmc_v084b_rf_sapienza_console.css	7	  --green:#42f56f;
frontend/public/assets/trfmc_v084b_rf_sapienza_console.css	8	  --amber:#fbbf24;
frontend/public/assets/trfmc_v084b_rf_sapienza_console.css	9	  --red:#ff4163;
frontend/public/assets/trfmc_v084b_rf_sapienza_console.css	10	  --blue:#2ea7ff;
frontend/public/assets/trfmc_v084b_rf_sapienza_console.css	11	  --ink:#eafcff;
frontend/public/assets/trfmc_v084b_rf_sapienza_console.css	24	    linear-gradient(180deg,#020713,#01030a 82%);
frontend/public/assets/trfmc_v084b_rf_sapienza_console.css	59	  background:radial-gradient(circle at 30% 28%,#fff,var(--cyan) 34%,#13445a 64%,#01050b);
frontend/public/assets/trfmc_v084b_rf_sapienza_console.css	79	  color:#02120d;
frontend/public/assets/trfmc_v084b_rf_sapienza_console.css	149	input[type=range]{width:100%;accent-color:#0ff}
frontend/public/assets/trfmc_v084b_rf_sapienza_console.css	165	.lg-excellent{background:#cffff0}.lg-good{background:var(--green)}.lg-edge{background:var(--amber)}.lg-weak{background:var(--blue)}.lg-outage{background:#01060e}
frontend/public/assets/trfmc_v084b_rf_sapienza_console.css	190	#fieldCanvas{display:block;width:100%;height:620px;background:#01050c}
frontend/public/assets/trfmc_v084i_rf_vector_cartography.js	201	    bg.addColorStop(0,"#041525");
frontend/public/assets/trfmc_v084i_rf_vector_cartography.js	202	    bg.addColorStop(.55,"#020b18");
frontend/public/assets/trfmc_v084i_rf_vector_cartography.js	203	    bg.addColorStop(1,"#01030a");
frontend/public/assets/trfmc_v084i_rf_vector_cartography.js	325	    ctx.fillStyle="#8ff0ff";
frontend/public/assets/trfmc_v084i_rf_vector_cartography.js	330	      ["weak/NLOS","#2ea7ff"],
frontend/public/assets/trfmc_v084i_rf_vector_cartography.js	331	      ["edge","#fbbf24"],
frontend/public/assets/trfmc_v084i_rf_vector_cartography.js	332	      ["good","#42f56f"],
frontend/public/assets/trfmc_v084i_rf_vector_cartography.js	333	      ["excellent","#8ff0ff"]
frontend/public/assets/trfmc_v084i_rf_vector_cartography.js	393	      ctx.fillStyle=isBest?"#8ff0ff":"#fbbf24";
frontend/public/assets/trfmc_v084i_rf_vector_cartography.js	472	    ctx.fillStyle="#eaffff";
frontend/public/assets/trfmc_v084i_rf_vector_cartography.js	488	    ctx.fillStyle="#fff";
frontend/public/assets/trfmc_v084i_rf_vector_cartography.js	533	    ctx.fillStyle="#42f56f";
frontend/public/assets/trfmc_v084i_rf_vector_cartography.js	539	      ctx.fillStyle="#eaffff";
frontend/public/assets/trfmc_v084i_rf_vector_cartography.js	548	    ctx.fillStyle="#42f56f";
frontend/public/assets/trfmc_v084d_rf_truth_palette_masterclass.css	2	  --bg:#020611;
frontend/public/assets/trfmc_v084d_rf_truth_palette_masterclass.css	3	  --bg2:#050b16;
frontend/public/assets/trfmc_v084d_rf_truth_palette_masterclass.css	6	  --cyan:#8ff0ff;
frontend/public/assets/trfmc_v084d_rf_truth_palette_masterclass.css	7	  --green:#42f56f;
frontend/public/assets/trfmc_v084d_rf_truth_palette_masterclass.css	8	  --amber:#fbbf24;
frontend/public/assets/trfmc_v084d_rf_truth_palette_masterclass.css	9	  --red:#ff4163;
frontend/public/assets/trfmc_v084d_rf_truth_palette_masterclass.css	10	  --blue:#2ea7ff;
frontend/public/assets/trfmc_v084d_rf_truth_palette_masterclass.css	11	  --ink:#eafcff;
frontend/public/assets/trfmc_v084d_rf_truth_palette_masterclass.css	24	    linear-gradient(180deg,#020713,#01030a 82%);
frontend/public/assets/trfmc_v084d_rf_truth_palette_masterclass.css	59	  background:radial-gradient(circle at 30% 28%,#fff,var(--cyan) 34%,#13445a 64%,#01050b);
frontend/public/assets/trfmc_v084d_rf_truth_palette_masterclass.css	79	  color:#02120d;
frontend/public/assets/trfmc_v084d_rf_truth_palette_masterclass.css	149	input[type=range]{width:100%;accent-color:#0ff}
frontend/public/assets/trfmc_v084d_rf_truth_palette_masterclass.css	165	.lg-excellent{background:#cffff0}.lg-good{background:var(--green)}.lg-edge{background:var(--amber)}.lg-weak{background:var(--blue)}.lg-outage{background:#01060e}
frontend/public/assets/trfmc_v084d_rf_truth_palette_masterclass.css	190	#fieldCanvas{display:block;width:100%;height:620px;background:#01050c}
frontend/public/assets/trfmc_v084d_rf_truth_palette_masterclass.css	293	  --r2-deep:#01040b;
frontend/public/assets/trfmc_v084d_rf_truth_palette_masterclass.css	294	  --r2-field:#06182a;
frontend/public/assets/trfmc_v084d_rf_truth_palette_masterclass.css	295	  --r2-cyan:#8ff0ff;
frontend/public/assets/trfmc_v084d_rf_truth_palette_masterclass.css	296	  --r2-green:#42f56f;
frontend/public/assets/trfmc_v084d_rf_truth_palette_masterclass.css	297	  --r2-amber:#fbbf24;
frontend/public/assets/trfmc_v084d_rf_truth_palette_masterclass.css	298	  --r2-red:#ff4163;
frontend/public/assets/trfmc_v084d_rf_truth_palette_masterclass.css	299	  --r2-blue:#2ea7ff;
frontend/public/assets/trfmc_v084d_rf_truth_palette_masterclass.css	337	body.v84c-r2 #fieldCanvas {
frontend/public/assets/trfmc_v084d_rf_truth_palette_masterclass.css	339	  background:#01050d;
frontend/public/assets/trfmc_v084d_rf_truth_palette_masterclass.css	478	  --truth-bg:#01040b;
frontend/public/assets/trfmc_v084d_rf_truth_palette_masterclass.css	479	  --truth-cyan:#8ff0ff;
frontend/public/assets/trfmc_v084d_rf_truth_palette_masterclass.css	480	  --truth-good:#42f56f;
frontend/public/assets/trfmc_v084d_rf_truth_palette_masterclass.css	481	  --truth-amber:#fbbf24;
frontend/public/assets/trfmc_v084d_rf_truth_palette_masterclass.css	482	  --truth-red:#ff3b5c;
frontend/public/assets/trfmc_v084d_rf_truth_palette_masterclass.css	483	  --truth-blue:#2ea7ff;
frontend/public/assets/trfmc_v084d_rf_truth_palette_masterclass.css	484	  --truth-deep:#020714;
frontend/public/assets/trfmc_v084d_rf_truth_palette_masterclass.css	506	body.v84d-truth #fieldCanvas {
frontend/public/assets/trfmc_v084d_rf_truth_palette_masterclass.css	513	  color:#eaffff;
frontend/public/assets/trfmc_v083e_instrument_readability_vector.js	67	    const copilot = $("#copilot");
frontend/public/assets/trfmc_v083e_instrument_readability_vector.js	68	    const rsrp = $("#rsrpVal")?.textContent || "—";
frontend/public/assets/trfmc_v083e_instrument_readability_vector.js	69	    const sinr = $("#sinrVal")?.textContent || "—";
frontend/public/assets/trfmc_v083e_instrument_readability_vector.js	70	    const cov = $("#coverageVal")?.textContent || "—";
frontend/public/assets/trfmc_surgical_visual_remediation_v72.css	4	  --v72-bg: #020713;
frontend/public/assets/trfmc_surgical_visual_remediation_v72.css	5	  --v72-ink: #eafcff;
frontend/public/assets/trfmc_surgical_visual_remediation_v72.css	7	  --v72-cyan: #8ff0ff;
frontend/public/assets/trfmc_surgical_visual_remediation_v72.css	8	  --v72-cyan-hot: #00f3ff;
frontend/public/assets/trfmc_surgical_visual_remediation_v72.css	9	  --v72-green: #42f56f;
frontend/public/assets/trfmc_surgical_visual_remediation_v72.css	10	  --v72-amber: #fbbf24;
frontend/public/assets/trfmc_surgical_visual_remediation_v72.css	11	  --v72-red: #ff3b5c;
frontend/public/assets/trfmc_surgical_visual_remediation_v72.css	12	  --v72-mag: #ff4dff;
frontend/public/assets/trfmc_surgical_visual_remediation_v72.css	22	    #020713 !important;
frontend/public/assets/trfmc_surgical_visual_remediation_v72.css	145	  color: #031018 !important;
frontend/public/assets/trfmc_visual_qa_matrix_v71.css	2	  --bg:#020713;
frontend/public/assets/trfmc_visual_qa_matrix_v71.css	3	  --ink:#eafcff;
frontend/public/assets/trfmc_visual_qa_matrix_v71.css	5	  --cyan:#8ff0ff;
frontend/public/assets/trfmc_visual_qa_matrix_v71.css	6	  --green:#42f56f;
frontend/public/assets/trfmc_visual_qa_matrix_v71.css	7	  --amber:#fbbf24;
frontend/public/assets/trfmc_visual_qa_matrix_v71.css	8	  --red:#ff3b5c;
frontend/public/assets/trfmc_visual_qa_matrix_v71.css	9	  --mag:#ff4dff;
frontend/public/assets/trfmc_visual_qa_matrix_v71.css	18	  background:#020713;
frontend/public/assets/trfmc_visual_qa_matrix_v71.css	69	  background:radial-gradient(circle at 35% 30%,#fff,var(--cyan) 18%,rgba(0,243,255,.26) 44%,transparent 72%);
frontend/public/assets/trfmc_visual_qa_matrix_v71.css	72	.brand b{display:block;font-size:12px;letter-spacing:.17em;color:#fff}
frontend/public/assets/trfmc_visual_qa_matrix_v71.css	88	  color:#041119;
frontend/public/assets/trfmc_visual_qa_matrix_v71.css	222	  color:#041119;
frontend/public/assets/trfmc_visual_qa_matrix_v71.css	312	  background:#020713;
frontend/public/assets/trfmc_field_engineering_v64.css	5	  background:#020713;
frontend/public/assets/trfmc_field_engineering_v64.css	6	  color:#dff8ff;
frontend/public/assets/trfmc_field_engineering_v64.css	31	  background:#42f56f;
frontend/public/assets/trfmc_field_engineering_v64.css	37	  background:#8ff0ff;
frontend/public/assets/trfmc_field_engineering_v64.css	62	  background:#8ff0ff;
frontend/public/assets/trfmc_field_engineering_v64.css	63	  box-shadow:0 0 24px #8ff0ff;
frontend/public/assets/trfmc_field_engineering_v64.css	72	  color:#8ff0ff;
frontend/public/assets/trfmc_field_engineering_v64.css	80	  border-color:#42f56f;
frontend/public/assets/trfmc_field_engineering_v64.css	81	  color:#42f56f;
frontend/public/assets/trfmc_field_engineering_v64.css	88	  color:#42f56f;
frontend/public/assets/trfmc_field_engineering_v64.css	101	  color:#aef3ff;
frontend/public/assets/trfmc_field_engineering_v64.css	106	  color:#42f56f;
frontend/public/assets/trfmc_field_engineering_v64.css	120	  color:#8ff0ff;
frontend/public/assets/trfmc_field_engineering_v64.css	147	  color:#42f56f;
frontend/public/assets/trfmc_field_engineering_v64.css	174	    linear-gradient(180deg,#10344e,#020713 70%);
frontend/public/assets/trfmc_field_engineering_v64.css	203	  background:linear-gradient(#dffcff,#42f56f);
frontend/public/assets/trfmc_field_engineering_v64.css	227	  background:#8ff0ff;
frontend/public/assets/trfmc_field_engineering_v64.css	245	  color:#42f56f;
frontend/public/assets/trfmc_field_engineering_v64.css	302	  background:#8ff0ff;
frontend/public/assets/trfmc_field_engineering_v64.css	313	  background:#42f56f;
frontend/public/assets/trfmc_field_engineering_v64.css	322	  background:#8ff0ff;
frontend/public/assets/trfmc_field_engineering_v64.css	323	  box-shadow:0 0 18px #8ff0ff;
frontend/public/assets/trfmc_field_engineering_v64.css	336	  background:#42f56f;
frontend/public/assets/trfmc_field_engineering_v64.css	364	  color:#42f56f;
frontend/public/assets/trfmc_field_engineering_v64.css	401	  color:#8ff0ff;
frontend/public/assets/trfmc_field_engineering_v64.css	407	  color:#fbbf24;
frontend/public/assets/trfmc_field_engineering_v64.css	425	  color:#42f56f;
frontend/public/assets/trfmc_field_engineering_v64.css	430	  color:#fbbf24;
frontend/public/assets/trfmc_field_engineering_v64.css	442	  color:#8ff0ff;
frontend/public/assets/trfmc_v081c_r2_physics_visual.css	6	  --r2-cyan:#8ff0ff;
frontend/public/assets/trfmc_v081c_r2_physics_visual.css	7	  --r2-green:#42f56f;
frontend/public/assets/trfmc_v081c_r2_physics_visual.css	8	  --r2-amber:#fbbf24;
frontend/public/assets/trfmc_v081c_r2_physics_visual.css	9	  --r2-red:#ff3b5c;
frontend/public/assets/trfmc_v081c_r2_physics_visual.css	152	body.v81c-r2-physics .metric strong#riskVal.risk-low { color:var(--r2-green); }
frontend/public/assets/trfmc_v081c_r2_physics_visual.css	153	body.v81c-r2-physics .metric strong#riskVal.risk-medium { color:var(--r2-amber); }
frontend/public/assets/trfmc_v081c_r2_physics_visual.css	154	body.v81c-r2-physics .metric strong#riskVal.risk-high { color:#ff8a3d; }
frontend/public/assets/trfmc_v081c_r2_physics_visual.css	155	body.v81c-r2-physics .metric strong#riskVal.risk-critical {
frontend/public/assets/trfmc_v084e_rf_instrument_truth_view.css	2	  --bg:#01040b;
frontend/public/assets/trfmc_v084e_rf_instrument_truth_view.css	3	  --panel:#061425d8;
frontend/public/assets/trfmc_v084e_rf_instrument_truth_view.css	4	  --panel2:#082034cc;
frontend/public/assets/trfmc_v084e_rf_instrument_truth_view.css	5	  --cyan:#8ff0ff;
frontend/public/assets/trfmc_v084e_rf_instrument_truth_view.css	6	  --green:#42f56f;
frontend/public/assets/trfmc_v084e_rf_instrument_truth_view.css	7	  --amber:#fbbf24;
frontend/public/assets/trfmc_v084e_rf_instrument_truth_view.css	8	  --red:#ff3b5c;
frontend/public/assets/trfmc_v084e_rf_instrument_truth_view.css	9	  --blue:#2ea7ff;
frontend/public/assets/trfmc_v084e_rf_instrument_truth_view.css	10	  --text:#eafcff;
frontend/public/assets/trfmc_v084e_rf_instrument_truth_view.css	22	    linear-gradient(180deg,#020713,#01030a 84%);
frontend/public/assets/trfmc_v084e_rf_instrument_truth_view.css	55	  background:radial-gradient(circle at 32% 28%,#fff,var(--cyan) 32%,#13445a 64%,#01050b);
frontend/public/assets/trfmc_v084e_rf_instrument_truth_view.css	74	  color:#02120d;
frontend/public/assets/trfmc_v084e_rf_instrument_truth_view.css	136	input[type=range]{width:100%;accent-color:#0ff}
frontend/public/assets/trfmc_v084e_rf_instrument_truth_view.css	152	.excellent{background:#b9fff0}.good{background:var(--green)}.edge{background:var(--amber)}.weak{background:var(--blue)}.critical{background:var(--red)}
frontend/public/assets/trfmc_v084e_rf_instrument_truth_view.css	171	.kpi b{display:block;margin-top:6px;font-size:16px;color:#eaffff}
frontend/public/assets/trfmc_v084e_rf_instrument_truth_view.css	175	#fieldCanvas{display:block;width:100%;height:650px;background:#01050d}
frontend/public/assets/trfmc_ue_handover_dynamics_v69.js	32	    { id:"SITE-A", x:.17, y:.72, color:"#8ff0ff", rgb:[143,240,255] },
frontend/public/assets/trfmc_ue_handover_dynamics_v69.js	33	    { id:"SITE-B", x:.52, y:.28, color:"#42f56f", rgb:[66,245,111] },
frontend/public/assets/trfmc_ue_handover_dynamics_v69.js	34	    { id:"SITE-C", x:.82, y:.70, color:"#ff4dff", rgb:[255,77,255] }
frontend/public/assets/trfmc_ue_handover_dynamics_v69.js	308	    ctx.fillStyle = "#020713";
frontend/public/assets/trfmc_ue_handover_dynamics_v69.js	376	      ctx.fillStyle="#eafcff";
frontend/public/assets/trfmc_ue_handover_dynamics_v69.js	410	      ctx.shadowColor = ue.dropped ? "#ff3b5c" : site.color;
frontend/public/assets/trfmc_ue_handover_dynamics_v69.js	417	      ctx.fillStyle = ue.dropped ? "#ff3b5c" : site.color;
frontend/public/assets/trfmc_ue_handover_dynamics_v69.js	453	      ctx.fillStyle="#fff";
frontend/public/assets/trfmc_full_portal_object_completion_v78.css	4	  --v78-bg: #020713;
frontend/public/assets/trfmc_full_portal_object_completion_v78.css	7	  --v78-cyan: #8ff0ff;
frontend/public/assets/trfmc_full_portal_object_completion_v78.css	8	  --v78-green: #42f56f;
frontend/public/assets/trfmc_full_portal_object_completion_v78.css	9	  --v78-amber: #fbbf24;
frontend/public/assets/trfmc_full_portal_object_completion_v78.css	10	  --v78-red: #ff3b5c;
frontend/public/assets/trfmc_full_portal_object_completion_v78.css	11	  --v78-violet: #a78bfa;
frontend/public/assets/trfmc_full_portal_object_completion_v78.css	113	  color: #fff;
frontend/public/assets/trfmc_full_portal_object_completion_v78.css	218	  background: linear-gradient(#eafcff, var(--v78-cyan), var(--v78-green));
frontend/public/assets/trfmc_executive_navigation_hub_v43.css	30	  color: #58d6f9;
frontend/public/assets/trfmc_executive_navigation_hub_v43.css	38	  color: #8da4b3;
frontend/public/assets/trfmc_executive_navigation_hub_v43.css	47	  color: #3fb950;
frontend/public/assets/trfmc_executive_navigation_hub_v43.css	99	  color: #58d6f9;
frontend/public/assets/trfmc_executive_navigation_hub_v43.css	109	  color: #8da4b3;
frontend/public/assets/trfmc_executive_navigation_hub_v43.css	123	  color: #edf8ff;
frontend/public/assets/trfmc_executive_navigation_hub_v43.css	133	  color: #8da4b3;
frontend/public/assets/trfmc_executive_navigation_hub_v43.css	143	  color: #3fb950;
frontend/public/assets/trfmc_executive_navigation_hub_v43.css	168	  color: #8da4b3;
frontend/public/assets/trfmc_executive_navigation_hub_v43.css	176	  color: #58d6f9;
frontend/public/assets/trfmc_v083f_dual_instrument_profile.js	85	    const canvas = $("#v83fProfileCanvas");
frontend/public/assets/trfmc_v083f_dual_instrument_profile.js	90	    const rsrp = parseNum(valueText("#rsrpVal"));
frontend/public/assets/trfmc_v083f_dual_instrument_profile.js	91	    const sinr = parseNum(valueText("#sinrVal"));
frontend/public/assets/trfmc_v083f_dual_instrument_profile.js	92	    const coverage = parseNum(valueText("#coverageVal"));
frontend/public/assets/trfmc_v083f_dual_instrument_profile.js	93	    const shadow = Number($("#shadowDb")?.value || 0);
frontend/public/assets/trfmc_v083f_dual_instrument_profile.js	94	    const fading = Number($("#fading")?.value || 0) / 10;
frontend/public/assets/trfmc_v083f_dual_instrument_profile.js	95	    const veg = Number($("#vegDepth")?.value || 0);
frontend/public/assets/trfmc_v083f_dual_instrument_profile.js	200	    const canvas = $("#v83fSpectrumCanvas");
frontend/public/assets/trfmc_v083f_dual_instrument_profile.js	205	    const sinr = parseNum(valueText("#sinrVal"));
frontend/public/assets/trfmc_v083f_dual_instrument_profile.js	206	    const coverage = parseNum(valueText("#coverageVal"));
frontend/public/assets/trfmc_v083f_dual_instrument_profile.js	207	    const fading = Number($("#fading")?.value || 0)/10;
frontend/public/assets/trfmc_v083f_dual_instrument_profile.js	251	    const serving = valueText("#cellVal") || "—";
frontend/public/assets/trfmc_v083f_dual_instrument_profile.js	252	    const rsrp = valueText("#rsrpVal") || "—";
frontend/public/assets/trfmc_v083f_dual_instrument_profile.js	253	    const sinr = valueText("#sinrVal") || "—";
frontend/public/assets/trfmc_v083f_dual_instrument_profile.js	254	    const coverage = valueText("#coverageVal") || "—";
frontend/public/assets/trfmc_v083f_dual_instrument_profile.js	259	    const s = $("#v83fServing");
frontend/public/assets/trfmc_v083f_dual_instrument_profile.js	260	    const r = $("#v83fRsrp");
frontend/public/assets/trfmc_v083f_dual_instrument_profile.js	261	    const si = $("#v83fSinr");
frontend/public/assets/trfmc_v083f_dual_instrument_profile.js	262	    const c = $("#v83fCoverage");
frontend/public/assets/trfmc_v083f_dual_instrument_profile.js	263	    const status = $("#v83fStatus");
frontend/public/assets/trfmc_v083f_dual_instrument_profile.js	285	    const copilot = $("#copilot");
frontend/public/assets/trfmc_v084g_rf_topographic_instrument_view.css	2	  --bg:#01040b;
frontend/public/assets/trfmc_v084g_rf_topographic_instrument_view.css	3	  --panel:#061425d8;
frontend/public/assets/trfmc_v084g_rf_topographic_instrument_view.css	4	  --panel2:#082034cc;
frontend/public/assets/trfmc_v084g_rf_topographic_instrument_view.css	5	  --cyan:#8ff0ff;
frontend/public/assets/trfmc_v084g_rf_topographic_instrument_view.css	6	  --green:#42f56f;
frontend/public/assets/trfmc_v084g_rf_topographic_instrument_view.css	7	  --amber:#fbbf24;
frontend/public/assets/trfmc_v084g_rf_topographic_instrument_view.css	8	  --red:#ff3b5c;
frontend/public/assets/trfmc_v084g_rf_topographic_instrument_view.css	9	  --blue:#2ea7ff;
frontend/public/assets/trfmc_v084g_rf_topographic_instrument_view.css	10	  --text:#eafcff;
frontend/public/assets/trfmc_v084g_rf_topographic_instrument_view.css	22	    linear-gradient(180deg,#020713,#01030a 84%);
frontend/public/assets/trfmc_v084g_rf_topographic_instrument_view.css	55	  background:radial-gradient(circle at 32% 28%,#fff,var(--cyan) 32%,#13445a 64%,#01050b);
frontend/public/assets/trfmc_v084g_rf_topographic_instrument_view.css	74	  color:#02120d;
frontend/public/assets/trfmc_v084g_rf_topographic_instrument_view.css	136	input[type=range]{width:100%;accent-color:#0ff}
frontend/public/assets/trfmc_v084g_rf_topographic_instrument_view.css	152	.excellent{background:#b9fff0}.good{background:var(--green)}.edge{background:var(--amber)}.weak{background:var(--blue)}.critical{background:var(--red)}
frontend/public/assets/trfmc_v084g_rf_topographic_instrument_view.css	171	.kpi b{display:block;margin-top:6px;font-size:16px;color:#eaffff}
frontend/public/assets/trfmc_v084g_rf_topographic_instrument_view.css	175	#fieldCanvas{display:block;width:100%;height:650px;background:#01050d}
frontend/public/assets/trfmc_v084g_rf_topographic_instrument_view.css	267	  --df-bg:#01030a;
frontend/public/assets/trfmc_v084g_rf_topographic_instrument_view.css	268	  --df-panel:#061425;
frontend/public/assets/trfmc_v084g_rf_topographic_instrument_view.css	269	  --df-cyan:#8ff0ff;
frontend/public/assets/trfmc_v084g_rf_topographic_instrument_view.css	270	  --df-green:#42f56f;
frontend/public/assets/trfmc_v084g_rf_topographic_instrument_view.css	271	  --df-amber:#fbbf24;
frontend/public/assets/trfmc_v084g_rf_topographic_instrument_view.css	272	  --df-red:#ff3b5c;
frontend/public/assets/trfmc_v084g_rf_topographic_instrument_view.css	273	  --df-blue:#2ea7ff;
frontend/public/assets/trfmc_v084g_rf_topographic_instrument_view.css	295	body.v84f-dark-field #fieldCanvas {
frontend/public/assets/trfmc_v084g_rf_topographic_instrument_view.css	296	  background:#01040b !important;
frontend/public/assets/trfmc_v084g_rf_topographic_instrument_view.css	369	  --tg-bg:#01040b;
frontend/public/assets/trfmc_v084g_rf_topographic_instrument_view.css	370	  --tg-cyan:#8ff0ff;
frontend/public/assets/trfmc_v084g_rf_topographic_instrument_view.css	371	  --tg-green:#42f56f;
frontend/public/assets/trfmc_v084g_rf_topographic_instrument_view.css	372	  --tg-amber:#fbbf24;
frontend/public/assets/trfmc_v084g_rf_topographic_instrument_view.css	373	  --tg-red:#ff3b5c;
frontend/public/assets/trfmc_v084g_rf_topographic_instrument_view.css	374	  --tg-blue:#2ea7ff;
frontend/public/assets/trfmc_v084g_rf_topographic_instrument_view.css	375	  --tg-violet:#8b5cf6;
frontend/public/assets/trfmc_v084g_rf_topographic_instrument_view.css	393	body.v84g-topographic #fieldCanvas {
frontend/public/assets/trfmc_executive_visual_correction_v52.css	4	  --v52-cyan: #58d6f9;
frontend/public/assets/trfmc_executive_visual_correction_v52.css	5	  --v52-green: #3fb950;
frontend/public/assets/trfmc_executive_visual_correction_v52.css	6	  --v52-amber: #d29922;
frontend/public/assets/trfmc_executive_visual_correction_v52.css	7	  --v52-red: #ff4d6d;
frontend/public/assets/trfmc_v082c_r2_mission_replay_layout_fix.css	7	  --r2-cyan:#8ff0ff;
frontend/public/assets/trfmc_v082c_r2_mission_replay_layout_fix.css	8	  --r2-green:#42f56f;
frontend/public/assets/trfmc_v082c_r2_mission_replay_layout_fix.css	9	  --r2-amber:#fbbf24;
frontend/public/assets/trfmc_v082c_r2_mission_replay_layout_fix.css	10	  --r2-red:#ff3b5c;
frontend/public/assets/trfmc_v082c_r2_mission_replay_layout_fix.css	142	  color:#031018;
frontend/public/assets/trfmc_executive_visual_depth_v45.css	4	  --v45-glass-cyan: #58d6f9;
frontend/public/assets/trfmc_executive_visual_depth_v45.css	5	  --v45-glass-green: #3fb950;
frontend/public/assets/trfmc_executive_visual_depth_v45.css	6	  --v45-glass-violet: #a371f7;
frontend/public/assets/trfmc_executive_visual_depth_v45.css	7	  --v45-glass-amber: #d29922;
frontend/public/assets/trfmc_executive_visual_depth_v45.css	8	  --v45-glass-red: #ff4d6d;
frontend/public/assets/trfmc_executive_visual_depth_v45.css	19	    linear-gradient(135deg, #010713 0%, #06172d 46%, #020914 100%) !important;
frontend/public/assets/trfmc_v084h_rf_atlas_instrument_view.js	203	    bg.addColorStop(0,"#041525");
frontend/public/assets/trfmc_v084h_rf_atlas_instrument_view.js	204	    bg.addColorStop(.55,"#020b18");
frontend/public/assets/trfmc_v084h_rf_atlas_instrument_view.js	205	    bg.addColorStop(1,"#01030a");
frontend/public/assets/trfmc_v084h_rf_atlas_instrument_view.js	326	    ctx.fillStyle="#8ff0ff";
frontend/public/assets/trfmc_v084h_rf_atlas_instrument_view.js	331	      ["weak/NLOS","#2ea7ff"],
frontend/public/assets/trfmc_v084h_rf_atlas_instrument_view.js	332	      ["edge","#fbbf24"],
frontend/public/assets/trfmc_v084h_rf_atlas_instrument_view.js	333	      ["good","#42f56f"],
frontend/public/assets/trfmc_v084h_rf_atlas_instrument_view.js	334	      ["excellent","#8ff0ff"]
frontend/public/assets/trfmc_v084h_rf_atlas_instrument_view.js	408	    ctx.fillStyle="#eaffff";
frontend/public/assets/trfmc_v084h_rf_atlas_instrument_view.js	424	    ctx.fillStyle="#fff";
frontend/public/assets/trfmc_v084h_rf_atlas_instrument_view.js	469	    ctx.fillStyle="#42f56f";
frontend/public/assets/trfmc_v084h_rf_atlas_instrument_view.js	475	      ctx.fillStyle="#eaffff";
frontend/public/assets/trfmc_v084h_rf_atlas_instrument_view.js	484	    ctx.fillStyle="#42f56f";
frontend/public/assets/trfmc_v087c_cinematic_mission_atlas.css	4	  background:#01040b;
frontend/public/assets/trfmc_v087c_cinematic_mission_atlas.css	5	  color:#e8faff;
frontend/public/assets/trfmc_v087c_cinematic_mission_atlas.css	18	    linear-gradient(135deg,#01040b,#031827 58%,#01040a);
frontend/public/assets/trfmc_v087c_cinematic_mission_atlas.css	83	  background:radial-gradient(circle at 35% 28%,#fff 0 7%,#8ff0ff 8% 32%,#116980 64%,#020711 100%);
frontend/public/assets/trfmc_v087c_cinematic_mission_atlas.css	101	  color:#8ff0ff;
frontend/public/assets/trfmc_v087c_cinematic_mission_atlas.css	112	  color:#021006;
frontend/public/assets/trfmc_v087c_cinematic_mission_atlas.css	113	  background:linear-gradient(135deg,#8ff0ff,#42f56f);
frontend/public/assets/trfmc_v087c_cinematic_mission_atlas.css	128	  color:#42f56f;
frontend/public/assets/trfmc_v087c_cinematic_mission_atlas.css	165	  color:#42f56f;
frontend/public/assets/trfmc_v087c_cinematic_mission_atlas.css	220	  color:#42f56f;
frontend/public/assets/trfmc_v087c_cinematic_mission_atlas.css	245	  color:#8ff0ff;
frontend/public/assets/trfmc_v087c_cinematic_mission_atlas.css	280	  color:#8ff0ff;
frontend/public/assets/trfmc_v087c_cinematic_mission_atlas.css	290	  color:#42f56f;
frontend/public/assets/trfmc_v087c_cinematic_mission_atlas.css	333	  color:#42f56f;
frontend/public/assets/trfmc_v087c_cinematic_mission_atlas.css	351	  color:#8ff0ff;
frontend/public/assets/trfmc_v087c_cinematic_mission_atlas.css	362	  color:#42f56f;
frontend/public/assets/trfmc_v087c_cinematic_mission_atlas.css	385	  color:#42f56f;
frontend/public/assets/trfmc_v087c_cinematic_mission_atlas.css	392	  color:#e8faff;
frontend/public/assets/trfmc_v087c_cinematic_mission_atlas.css	420	  color:#42f56f;
frontend/public/assets/trfmc_v087c_cinematic_mission_atlas.css	426	  color:#8ff0ff;
frontend/public/assets/trfmc_v087c_cinematic_mission_atlas.css	436	  color:#8ff0ff;
frontend/public/assets/trfmc_v087c_cinematic_mission_atlas.css	453	  color:#42f56f;
frontend/public/assets/trfmc_visual_asset_engine/trfmc_visual_asset_engine_v3.css	44	  color:#00e5ff;
frontend/public/assets/trfmc_visual_asset_engine/trfmc_visual_asset_engine_v3.css	55	  color:#75ff5b;
frontend/public/assets/trfmc_visual_asset_engine/trfmc_visual_asset_engine_v3.js	38	    g.addColorStop(0,"#46535a");
frontend/public/assets/trfmc_visual_asset_engine/trfmc_visual_asset_engine_v3.js	39	    g.addColorStop(.16,"#e9f3f5");
frontend/public/assets/trfmc_visual_asset_engine/trfmc_visual_asset_engine_v3.js	40	    g.addColorStop(.38,"#7f9098");
frontend/public/assets/trfmc_visual_asset_engine/trfmc_visual_asset_engine_v3.js	41	    g.addColorStop(.62,"#f7fcff");
frontend/public/assets/trfmc_visual_asset_engine/trfmc_visual_asset_engine_v3.js	42	    g.addColorStop(1,"#526169");
frontend/public/assets/trfmc_visual_asset_engine/trfmc_visual_asset_engine_v3.js	64	    g.addColorStop(0,"#071a2a");
frontend/public/assets/trfmc_visual_asset_engine/trfmc_visual_asset_engine_v3.js	65	    g.addColorStop(.55,"#03101a");
frontend/public/assets/trfmc_visual_asset_engine/trfmc_visual_asset_engine_v3.js	66	    g.addColorStop(1,"#010409");
frontend/public/assets/trfmc_visual_asset_engine/trfmc_visual_asset_engine_v3.js	80	    ctx.fillStyle="#0b3544";
frontend/public/assets/trfmc_visual_asset_engine/trfmc_visual_asset_engine_v3.js	92	    ctx.fillStyle="#00e5ff";ctx.font=(13*dpr)+"px ui-monospace,Consolas,monospace";
frontend/public/assets/trfmc_visual_asset_engine/trfmc_visual_asset_engine_v3.js	94	    ctx.fillStyle="#8fb8c8";ctx.font=(10*dpr)+"px ui-monospace,Consolas,monospace";
frontend/public/assets/trfmc_visual_asset_engine/trfmc_visual_asset_engine_v3.js	123	    ctx.fillStyle="#5b686f";
frontend/public/assets/trfmc_visual_asset_engine/trfmc_visual_asset_engine_v3.js	126	    pg.addColorStop(0,"#f5fbfc");pg.addColorStop(.35,"#b8c5ca");pg.addColorStop(.7,"#eef7f8");pg.addColorStop(1,"#88999f");
frontend/public/assets/trfmc_visual_asset_engine/trfmc_visual_asset_engine_v3.js	138	    ctx.fillStyle="#263840";rr(ctx,cbx,cby,panelW-36*dpr,34*dpr,8*dpr);ctx.fill();
frontend/public/assets/trfmc_visual_asset_engine/trfmc_visual_asset_engine_v3.js	140	      ctx.fillStyle=i%2?"#00e5ff":"#ffd84d";
frontend/public/assets/trfmc_visual_asset_engine/trfmc_visual_asset_engine_v3.js	147	    rg.addColorStop(0,"#eaf1f2");rg.addColorStop(.28,"#93a2a8");rg.addColorStop(.58,"#dbe5e7");rg.addColorStop(1,"#65757d");
frontend/public/assets/trfmc_visual_asset_engine/trfmc_visual_asset_engine_v3.js	162	      ctx.fillStyle=i%2?"#00e5ff":"#ffd84d";
frontend/public/assets/trfmc_visual_asset_engine/trfmc_visual_asset_engine_v3.js	209	    dg.addColorStop(0,"#f6fbfb");dg.addColorStop(.42,"#b6c4c8");dg.addColorStop(1,"#526169");
frontend/public/assets/trfmc_visual_asset_engine/trfmc_visual_asset_engine_v3.js	214	    ctx.fillStyle="#1f3138";rr(ctx,cx-r*.18,cy+r*.38,95*dpr,55*dpr,10*dpr);ctx.fill();
frontend/public/assets/trfmc_visual_asset_engine/trfmc_visual_asset_engine_v3.js	234	    ctx.strokeStyle="#00e5ff";ctx.lineWidth=2*dpr;ctx.beginPath();
frontend/public/assets/trfmc_visual_asset_engine/trfmc_visual_asset_engine_v3.js	267	    ctx.fillStyle="#ff3d7f";ctx.beginPath();ctx.arc(cx,cy,5*dpr,0,Math.PI*2);ctx.fill();
frontend/public/assets/trfmc_visual_asset_engine/trfmc_visual_asset_engine_v3.js	276	    ctx.fillStyle="#07111a";rr(ctx,rx+18*dpr,ry+18*dpr,rw-36*dpr,rh-36*dpr,8*dpr);ctx.fill();
frontend/public/assets/trfmc_visual_asset_engine/trfmc_visual_asset_engine_v3.js	279	      ctx.fillStyle=i%2?"#102635":"#0b1b26";
frontend/public/assets/trfmc_visual_asset_engine/trfmc_visual_asset_engine_v3.js	281	      ctx.fillStyle="#75ff5b";ctx.beginPath();ctx.arc(rx+rw-54*dpr,y+17*dpr,3*dpr,0,Math.PI*2);ctx.fill();
frontend/public/assets/trfmc_visual_asset_engine/trfmc_visual_asset_engine_v3.js	282	      ctx.fillStyle="#00e5ff";ctx.fillRect(rx+52*dpr,y+10*dpr,42*dpr,4*dpr);
frontend/public/assets/trfmc_visual_asset_engine/trfmc_visual_asset_engine_v3.js	304	      ctx.fillStyle=i<5?"#00e5ff":"#75ff5b";ctx.font=(12*dpr)+"px ui-monospace,Consolas,monospace";
frontend/public/assets/trfmc_visual_asset_engine/trfmc_visual_asset_engine_v3.js	322	    ctx.strokeStyle="#ffd84d";ctx.lineWidth=2*dpr;
frontend/public/assets/trfmc_visual_asset_engine/trfmc_visual_asset_engine_v3.js	345	    ctx.fillStyle="#ff3d7f";ctx.font=(18*dpr)+"px ui-monospace,Consolas,monospace";
frontend/public/assets/trfmc_visual_asset_engine/trfmc_visual_asset_engine_v3.js	347	    ctx.fillStyle="#8fb8c8";ctx.font=(11*dpr)+"px ui-monospace,Consolas,monospace";
frontend/public/assets/trfmc_visual_asset_engine/trfmc_visual_asset_engine_v3.js	358	        ctx.fillStyle=(c+r)%2?"#00e5ff":"#ffd84d";
frontend/public/assets/trfmc_visual_asset_engine/trfmc_visual_asset_engine_v3.js	360	        ctx.fillStyle="#e9fbff";ctx.font=(9*dpr)+"px ui-monospace,Consolas,monospace";
frontend/public/assets/trfmc_rf_telco_component_library_v76.css	4	  --v76-bg: #020713;
frontend/public/assets/trfmc_rf_telco_component_library_v76.css	7	  --v76-cyan: #8ff0ff;
frontend/public/assets/trfmc_rf_telco_component_library_v76.css	8	  --v76-green: #42f56f;
frontend/public/assets/trfmc_rf_telco_component_library_v76.css	9	  --v76-amber: #fbbf24;
frontend/public/assets/trfmc_rf_telco_component_library_v76.css	10	  --v76-red: #ff3b5c;
frontend/public/assets/trfmc_rf_telco_component_library_v76.css	11	  --v76-violet: #a78bfa;
frontend/public/assets/trfmc_rf_telco_component_library_v76.css	20	  color: #eafcff;
frontend/public/assets/trfmc_rf_telco_component_library_v76.css	21	  background: #020713;
frontend/public/assets/trfmc_rf_telco_component_library_v76.css	35	    #020713;
frontend/public/assets/trfmc_rf_telco_component_library_v76.css	199	  color: #031018;
frontend/public/assets/trfmc_rf_telco_component_library_v76.css	257	  color: #fff;
frontend/public/assets/trfmc_rf_telco_component_library_v76.css	312	  color: #fff;
frontend/public/assets/trfmc_rf_telco_component_library_v76.css	408	  background: linear-gradient(#eafcff, var(--v76-cyan), var(--v76-green));
frontend/public/assets/trfmc_executive_layout_stability_v47.css	48	  color: #58d6f9;
frontend/public/assets/trfmc_executive_layout_stability_v47.css	70	  color: #58d6f9;
frontend/public/assets/trfmc_executive_layout_stability_v47.css	83	  color: #3fb950;
frontend/public/assets/trfmc_webgl_rf_heatmap_v66.js	78	      const c=["#42f56f","#8ff0ff","#fbbf24"][best];
frontend/public/assets/trfmc_v084m_rf_sapienza_production_baseline.css	7	  --m-bg:#01040b;
frontend/public/assets/trfmc_v084m_rf_sapienza_production_baseline.css	8	  --m-panel:#061426;
frontend/public/assets/trfmc_v084m_rf_sapienza_production_baseline.css	9	  --m-cyan:#8ff0ff;
frontend/public/assets/trfmc_v084m_rf_sapienza_production_baseline.css	10	  --m-green:#42f56f;
frontend/public/assets/trfmc_v084m_rf_sapienza_production_baseline.css	11	  --m-amber:#fbbf24;
frontend/public/assets/trfmc_v084m_rf_sapienza_production_baseline.css	12	  --m-red:#ff3b5c;
frontend/public/assets/trfmc_v084m_rf_sapienza_production_baseline.css	13	  --m-blue:#2ea7ff;
frontend/public/assets/trfmc_v084m_rf_sapienza_production_baseline.css	21	    linear-gradient(180deg,#01040b,#00030a) !important;
frontend/public/assets/trfmc_v084m_rf_sapienza_production_baseline.css	136	body.v84m-baseline #fieldCanvas {
frontend/public/assets/trfmc_v085c_rf_physics_identity_fix.css	8	  --id-bg:#01040b;
frontend/public/assets/trfmc_v085c_rf_physics_identity_fix.css	9	  --id-panel:#061426;
frontend/public/assets/trfmc_v085c_rf_physics_identity_fix.css	10	  --id-cyan:#8ff0ff;
frontend/public/assets/trfmc_v085c_rf_physics_identity_fix.css	11	  --id-green:#42f56f;
frontend/public/assets/trfmc_v085c_rf_physics_identity_fix.css	12	  --id-amber:#fbbf24;
frontend/public/assets/trfmc_v085c_rf_physics_identity_fix.css	13	  --id-red:#ff3b5c;
frontend/public/assets/trfmc_v085c_rf_physics_identity_fix.css	14	  --id-text:#e8faff;
frontend/public/assets/trfmc_v084a_rf_tm_supreme_console.css	2	  --bg:#020611;
frontend/public/assets/trfmc_v084a_rf_tm_supreme_console.css	7	  --text:#e9fbff;
frontend/public/assets/trfmc_v084a_rf_tm_supreme_console.css	9	  --cyan:#8ff0ff;
frontend/public/assets/trfmc_v084a_rf_tm_supreme_console.css	10	  --green:#42f56f;
frontend/public/assets/trfmc_v084a_rf_tm_supreme_console.css	11	  --amber:#fbbf24;
frontend/public/assets/trfmc_v084a_rf_tm_supreme_console.css	12	  --red:#ff3b5c;
frontend/public/assets/trfmc_v084a_rf_tm_supreme_console.css	13	  --blue:#2ea7ff;
frontend/public/assets/trfmc_v084a_rf_tm_supreme_console.css	23	    linear-gradient(180deg,#030916,#01040a 80%);
frontend/public/assets/trfmc_v084a_rf_tm_supreme_console.css	59	  background:radial-gradient(circle at 30% 28%,#fff,var(--cyan) 36%,#0b2738 68%,#01050b);
frontend/public/assets/trfmc_v084a_rf_tm_supreme_console.css	76	  color:#02120d;
frontend/public/assets/trfmc_v084a_rf_tm_supreme_console.css	119	input[type=range]{width:100%;accent-color:#0ff}
frontend/public/assets/trfmc_v084a_rf_tm_supreme_console.css	124	.excellent{background:#f0ffff}.good{background:var(--green)}.edge{background:var(--amber)}.weak{background:var(--blue)}.outage{background:#01050b}
frontend/public/assets/trfmc_v084a_rf_tm_supreme_console.css	127	#fieldCanvas{display:block;width:100%;height:640px}
frontend/public/assets/trfmc_v084a_rf_tm_supreme_console.css	162	#budgetCanvas{height:210px}
frontend/public/assets/trfmc_v084a_rf_tm_supreme_console.css	179	  .tm-stage,#fieldCanvas{min-height:520px;height:520px}
frontend/public/assets/trfmc_v086b_performance_gpu_gate.css	3	  background:#01040b;
frontend/public/assets/trfmc_v086b_performance_gpu_gate.css	4	  color:#e8faff;
frontend/public/assets/trfmc_v086b_performance_gpu_gate.css	13	  --bg:#01040b;
frontend/public/assets/trfmc_v086b_performance_gpu_gate.css	14	  --panel:#061426;
frontend/public/assets/trfmc_v086b_performance_gpu_gate.css	17	  --cyan:#8ff0ff;
frontend/public/assets/trfmc_v086b_performance_gpu_gate.css	18	  --green:#42f56f;
frontend/public/assets/trfmc_v086b_performance_gpu_gate.css	19	  --amber:#fbbf24;
frontend/public/assets/trfmc_v086b_performance_gpu_gate.css	20	  --red:#ff3b5c;
frontend/public/assets/trfmc_v086b_performance_gpu_gate.css	21	  --text:#e8faff;
frontend/public/assets/trfmc_v086b_performance_gpu_gate.css	28	    linear-gradient(135deg,#01040b,#04111f 48%,#01040b);
frontend/public/assets/trfmc_v086b_performance_gpu_gate.css	57	  background:radial-gradient(circle at 35% 28%, #e8ffff 0 8%, #8ff0ff 9% 34%, #0c5870 65%, #020811 100%);
frontend/public/assets/trfmc_v086b_performance_gpu_gate.css	255	  color:#021006;
frontend/public/assets/trfmc_v086b_performance_gpu_gate.css	278	  background:#020813;
frontend/public/assets/trfmc_v086b_performance_gpu_gate.css	282	[data-trfmc-page="performance-gpu-gate-v86b"] #pg86Canvas {
frontend/public/assets/trfmc_engineering_completeness_matrix_v51r3.js	42	      endpoint: "5173/#section hash contracts",
frontend/public/assets/trfmc_engineering_completeness_matrix_v51r3.js	97	    return h === "#full-engineering-stack" ||
frontend/public/assets/trfmc_engineering_completeness_matrix_v51r3.js	98	           h === "#mission-overview" ||
frontend/public/assets/trfmc_engineering_completeness_matrix_v51r3.js	99	           h === "#command-center";
frontend/public/assets/trfmc_engineering_completeness_matrix_v51r3.js	104	      "&": "&amp;", "<": "&lt;", ">": "&gt;", '"': "&quot;", "'": "&#39;"
frontend/public/assets/trfmc_engineering_completeness_matrix_v51r3.js	151	      <small>Apri <code>#full-engineering-stack</code> per la matrice completa. Frontend-only, nessuna mutazione backend/nginx/systemd.</small>
frontend/public/assets/trfmc_balanced_layout_calibration_v51r6.css	24	  --v51r6-text: #e8f7ff;
frontend/public/assets/trfmc_balanced_layout_calibration_v51r6.css	25	  --v51r6-muted: #9fb8ca;
frontend/public/assets/trfmc_balanced_layout_calibration_v51r6.css	26	  --v51r6-cyan: #67e8f9;
frontend/public/assets/trfmc_balanced_layout_calibration_v51r6.css	27	  --v51r6-green: #86efac;
frontend/public/assets/trfmc_balanced_layout_calibration_v51r6.css	32	#root {
frontend/public/assets/trfmc_balanced_layout_calibration_v51r6.css	43	    linear-gradient(180deg, #020812 0%, #020617 52%, #00040a 100%) !important;
frontend/public/assets/trfmc_balanced_layout_calibration_v51r6.css	60	body.trfmc-v51r6-balanced #trfmc-v51r3-matrix-host,
frontend/public/assets/trfmc_balanced_layout_calibration_v51r6.css	61	body.trfmc-v51r6-balanced #trfmc-v51r3-mini {
frontend/public/assets/trfmc_balanced_layout_calibration_v51r6.css	68	  #root,
frontend/public/assets/trfmc_balanced_layout_calibration_v51r6.css	244	    #root,
frontend/public/assets/trfmc_visual_xp/trfmc_visual_xp_v1.css	9	  --trfmc-vxp-cyan:#00e5ff;
frontend/public/assets/trfmc_visual_xp/trfmc_visual_xp_v1.css	10	  --trfmc-vxp-green:#75ff5b;
frontend/public/assets/trfmc_visual_xp/trfmc_visual_xp_v1.css	11	  --trfmc-vxp-gold:#ffd84d;
frontend/public/assets/trfmc_visual_xp/trfmc_visual_xp_v1.css	12	  --trfmc-vxp-bg0:#010409;
frontend/public/assets/trfmc_visual_xp/trfmc_visual_xp_v1.css	13	  --trfmc-vxp-bg1:#03101a;
frontend/public/assets/trfmc_visual_xp/trfmc_visual_xp_v1.css	14	  --trfmc-vxp-bg2:#061a2a;
frontend/public/assets/trfmc_visual_xp/trfmc_visual_xp_v1.css	22	  background:#010409;
frontend/public/assets/trfmc_visual_xp/trfmc_visual_xp_v1.css	29	    linear-gradient(135deg,#010409 0%,#020b12 35%,#031827 100%) !important;
frontend/public/assets/trfmc_visual_xp/trfmc_visual_xp_v1.css	30	  color:#e9fbff;
frontend/public/assets/trfmc_visual_xp/trfmc_visual_xp_v1.css	138	  accent-color:#00e5ff;
frontend/public/assets/trfmc_visual_xp/trfmc_visual_xp_v1.css	143	  color:#ffffff;
frontend/public/assets/trfmc_visual_xp/trfmc_visual_xp_v1.css	152	  background:#010409;
frontend/public/assets/trfmc_visual_xp/trfmc_visual_xp_v1.css	156	  background:linear-gradient(#00e5ff,#064f68);
frontend/public/assets/trfmc_visual_xp/trfmc_visual_xp_v1.css	158	  border:2px solid #010409;
frontend/public/assets/trfmc_visual_chaos_containment_v72b.css	12	  --v72b-bg: #020713;
frontend/public/assets/trfmc_visual_chaos_containment_v72b.css	13	  --v72b-cyan: #8ff0ff;
frontend/public/assets/trfmc_visual_chaos_containment_v72b.css	14	  --v72b-green: #42f56f;
frontend/public/assets/trfmc_visual_chaos_containment_v72b.css	151	  background: #020713 !important;
frontend/public/assets/trfmc_knowledge_modules_v61.css	1	*{box-sizing:border-box}body{margin:0;background:#020713;color:#e9f8ff;font-family:ui-monospace,SFMono-Regular,Menlo,Consolas,monospace}body:before{content:"";position:fixed;inset:0;background:radial-gradient(circle at 1
frontend/public/assets/trfmc_knowledge_modules_v61.css	2	header{position:sticky;top:0;z-index:10;margin:12px;padding:13px 16px;border:1px solid rgba(143,240,255,.34);border-radius:22px;background:rgba(3,13,28,.9);display:flex;justify-content:space-between;align-items:center;ga
frontend/public/assets/trfmc_knowledge_modules_v61.css	3	nav{display:flex;gap:8px;flex-wrap:wrap}nav a,.actions a{color:#8ff0ff;border:1px solid rgba(143,240,255,.32);background:rgba(143,240,255,.07);border-radius:999px;padding:8px 11px;text-decoration:none;font-size:10px;font
frontend/public/assets/trfmc_knowledge_modules_v61.css	4	main{padding:0 12px 24px}.hero{border:1px solid rgba(143,240,255,.38);border-radius:30px;padding:32px;background:linear-gradient(135deg,rgba(11,36,56,.92),rgba(4,10,24,.94));box-shadow:0 32px 100px rgba(0,0,0,.38),inset 
frontend/public/assets/trfmc_v082a_native_webgl_rf_lab.js	165	    const f = val("#freq");
frontend/public/assets/trfmc_v082a_native_webgl_rf_lab.js	166	    const veg = val("#veg");
frontend/public/assets/trfmc_v082a_native_webgl_rf_lab.js	167	    const shadow = val("#shadow");
frontend/public/assets/trfmc_v082a_native_webgl_rf_lab.js	168	    const noise = val("#noise");
frontend/public/assets/trfmc_v082a_native_webgl_rf_lab.js	170	    qs("#freqVal").textContent = freqLabel(f);
frontend/public/assets/trfmc_v082a_native_webgl_rf_lab.js	171	    qs("#vegVal").textContent = veg.toFixed(2);
frontend/public/assets/trfmc_v082a_native_webgl_rf_lab.js	172	    qs("#shadowVal").textContent = shadow.toFixed(2);
frontend/public/assets/trfmc_v082a_native_webgl_rf_lab.js	173	    qs("#noiseVal").textContent = noise.toFixed(2);
frontend/public/assets/trfmc_v082a_native_webgl_rf_lab.js	179	    qs("#lossVal").textContent = loss.toFixed(1) + " dB";
frontend/public/assets/trfmc_v082a_native_webgl_rf_lab.js	180	    qs("#coverageVal").textContent = cov + "%";
frontend/public/assets/trfmc_v082a_native_webgl_rf_lab.js	181	    qs("#riskVal").textContent = risk;
frontend/public/assets/trfmc_v082a_native_webgl_rf_lab.js	182	    qs("#gpuScore").textContent = cov + "%";
frontend/public/assets/trfmc_v082a_native_webgl_rf_lab.js	183	    qs("#gpuMode").textContent = "native shader field";
frontend/public/assets/trfmc_v082a_native_webgl_rf_lab.js	184	    qs("#captionText").textContent = "f=" + freqLabel(f) + " · veg=" + veg.toFixed(2) + " · shadow=" + shadow.toFixed(2);
frontend/public/assets/trfmc_v082a_native_webgl_rf_lab.js	185	    qs("#eventBus").innerHTML = "<b>AI RF Copilot</b><p>GPU RF field refreshed. Loss=" + loss.toFixed(1) + " dB, coverage=" + cov + "%, risk=" + risk + ".</p>";
frontend/public/assets/trfmc_v082a_native_webgl_rf_lab.js	198	    gl.uniform1f(gl.getUniformLocation(program, "u_freq"), val("#freq"));
frontend/public/assets/trfmc_v082a_native_webgl_rf_lab.js	199	    gl.uniform1f(gl.getUniformLocation(program, "u_veg"), val("#veg"));
frontend/public/assets/trfmc_v082a_native_webgl_rf_lab.js	200	    gl.uniform1f(gl.getUniformLocation(program, "u_shadow"), val("#shadow"));
frontend/public/assets/trfmc_v082a_native_webgl_rf_lab.js	201	    gl.uniform1f(gl.getUniformLocation(program, "u_noise"), val("#noise"));
frontend/public/assets/trfmc_v082a_native_webgl_rf_lab.js	216	      qs("#webglStatus").textContent = "NO WEBGL";
frontend/public/assets/trfmc_v082a_native_webgl_rf_lab.js	217	      qs("#rendererVal").textContent = "fallback";
frontend/public/assets/trfmc_v082a_native_webgl_rf_lab.js	218	      qs("#pathVal").textContent = "DOM";
frontend/public/assets/trfmc_v082a_native_webgl_rf_lab.js	237	    qs("#webglStatus").textContent = "WEBGL OK";
frontend/public/assets/trfmc_v082a_native_webgl_rf_lab.js	238	    qs("#rendererVal").textContent = "WebGL";
frontend/public/assets/trfmc_v082a_native_webgl_rf_lab.js	239	    qs("#pathVal").textContent = "GPU";
frontend/public/assets/trfmc_v082a_native_webgl_rf_lab.js	241	    ["#freq","#veg","#shadow","#noise"].forEach(id => {
frontend/public/assets/trfmc_v082a_native_webgl_rf_lab.js	245	    qs("#pauseBtn").addEventListener("click", () => {
frontend/public/assets/trfmc_v082a_native_webgl_rf_lab.js	247	      qs("#pauseBtn").textContent = paused ? "Resume" : "Pause";
frontend/public/assets/trfmc_v082a_native_webgl_rf_lab.js	250	    qs("#resetBtn").addEventListener("click", () => {
frontend/public/assets/trfmc_v082a_native_webgl_rf_lab.js	251	      qs("#freq").value = 62;
frontend/public/assets/trfmc_v082a_native_webgl_rf_lab.js	252	      qs("#veg").value = 58;
frontend/public/assets/trfmc_v082a_native_webgl_rf_lab.js	253	      qs("#shadow").value = 48;
frontend/public/assets/trfmc_v082a_native_webgl_rf_lab.js	254	      qs("#noise").value = 36;
frontend/public/assets/trfmc_v082a_native_webgl_rf_lab.js	259	    qs("#scenarioBtn").addEventListener("click", () => {
frontend/public/assets/trfmc_v086b_performance_gpu_gate.js	196	    ctx.fillStyle = "#020813";
frontend/public/assets/trfmc_v086b_performance_gpu_gate.js	229	    ctx.strokeStyle = "#8ff0ff";
frontend/public/assets/trfmc_v086b_performance_gpu_gate.js	248	    ctx.fillStyle="#e8faff";
frontend/public/assets/trfmc_executive_enterprise_ops_v59.css	4	  --v59-cyan: #8ff0ff;
frontend/public/assets/trfmc_executive_enterprise_ops_v59.css	5	  --v59-green: #42f56f;
frontend/public/assets/trfmc_executive_enterprise_ops_v59.css	6	  --v59-amber: #fbbf24;
frontend/public/assets/trfmc_executive_enterprise_ops_v59.css	7	  --v59-red: #ff4d6d;
frontend/public/assets/trfmc_executive_enterprise_ops_v59.css	8	  --v59-blue: #38bdf8;
frontend/public/assets/trfmc_executive_enterprise_ops_v59.css	199	.v59-enterprise-production .strip-actions button#btn_enterprise_freeze {
frontend/public/assets/trfmc_executive_enterprise_ops_v59.css	234	    background: #fff !important;
frontend/public/assets/trfmc_executive_enterprise_ops_v59.css	235	    color: #000 !important;
frontend/public/assets/trfmc_executive_enterprise_ops_v59.css	254	    border-color: #444 !important;
frontend/public/assets/trfmc_executive_enterprise_ops_v59.css	255	    background: #fff !important;
frontend/public/assets/trfmc_executive_enterprise_ops_v59.css	256	    color: #000 !important;
frontend/public/assets/trfmc_v084h_rf_atlas_instrument_view.css	2	  --bg:#01040b;
frontend/public/assets/trfmc_v084h_rf_atlas_instrument_view.css	3	  --panel:#061425d8;
frontend/public/assets/trfmc_v084h_rf_atlas_instrument_view.css	4	  --panel2:#082034cc;
frontend/public/assets/trfmc_v084h_rf_atlas_instrument_view.css	5	  --cyan:#8ff0ff;
frontend/public/assets/trfmc_v084h_rf_atlas_instrument_view.css	6	  --green:#42f56f;
frontend/public/assets/trfmc_v084h_rf_atlas_instrument_view.css	7	  --amber:#fbbf24;
frontend/public/assets/trfmc_v084h_rf_atlas_instrument_view.css	8	  --red:#ff3b5c;
frontend/public/assets/trfmc_v084h_rf_atlas_instrument_view.css	9	  --blue:#2ea7ff;
frontend/public/assets/trfmc_v084h_rf_atlas_instrument_view.css	10	  --text:#eafcff;
frontend/public/assets/trfmc_v084h_rf_atlas_instrument_view.css	22	    linear-gradient(180deg,#020713,#01030a 84%);
frontend/public/assets/trfmc_v084h_rf_atlas_instrument_view.css	55	  background:radial-gradient(circle at 32% 28%,#fff,var(--cyan) 32%,#13445a 64%,#01050b);
frontend/public/assets/trfmc_v084h_rf_atlas_instrument_view.css	74	  color:#02120d;
frontend/public/assets/trfmc_v084h_rf_atlas_instrument_view.css	136	input[type=range]{width:100%;accent-color:#0ff}
frontend/public/assets/trfmc_v084h_rf_atlas_instrument_view.css	152	.excellent{background:#b9fff0}.good{background:var(--green)}.edge{background:var(--amber)}.weak{background:var(--blue)}.critical{background:var(--red)}
frontend/public/assets/trfmc_v084h_rf_atlas_instrument_view.css	171	.kpi b{display:block;margin-top:6px;font-size:16px;color:#eaffff}
frontend/public/assets/trfmc_v084h_rf_atlas_instrument_view.css	175	#fieldCanvas{display:block;width:100%;height:650px;background:#01050d}
frontend/public/assets/trfmc_v084h_rf_atlas_instrument_view.css	267	  --df-bg:#01030a;
frontend/public/assets/trfmc_v084h_rf_atlas_instrument_view.css	268	  --df-panel:#061425;
frontend/public/assets/trfmc_v084h_rf_atlas_instrument_view.css	269	  --df-cyan:#8ff0ff;
frontend/public/assets/trfmc_v084h_rf_atlas_instrument_view.css	270	  --df-green:#42f56f;
frontend/public/assets/trfmc_v084h_rf_atlas_instrument_view.css	271	  --df-amber:#fbbf24;
frontend/public/assets/trfmc_v084h_rf_atlas_instrument_view.css	272	  --df-red:#ff3b5c;
frontend/public/assets/trfmc_v084h_rf_atlas_instrument_view.css	273	  --df-blue:#2ea7ff;
frontend/public/assets/trfmc_v084h_rf_atlas_instrument_view.css	295	body.v84f-dark-field #fieldCanvas {
frontend/public/assets/trfmc_v084h_rf_atlas_instrument_view.css	296	  background:#01040b !important;
frontend/public/assets/trfmc_v084h_rf_atlas_instrument_view.css	369	  --tg-bg:#01040b;
frontend/public/assets/trfmc_v084h_rf_atlas_instrument_view.css	370	  --tg-cyan:#8ff0ff;
frontend/public/assets/trfmc_v084h_rf_atlas_instrument_view.css	371	  --tg-green:#42f56f;
frontend/public/assets/trfmc_v084h_rf_atlas_instrument_view.css	372	  --tg-amber:#fbbf24;
frontend/public/assets/trfmc_v084h_rf_atlas_instrument_view.css	373	  --tg-red:#ff3b5c;
frontend/public/assets/trfmc_v084h_rf_atlas_instrument_view.css	374	  --tg-blue:#2ea7ff;
frontend/public/assets/trfmc_v084h_rf_atlas_instrument_view.css	375	  --tg-violet:#8b5cf6;
frontend/public/assets/trfmc_v084h_rf_atlas_instrument_view.css	393	body.v84g-topographic #fieldCanvas {
frontend/public/assets/trfmc_v084h_rf_atlas_instrument_view.css	450	  --atlas-bg:#01040b;
frontend/public/assets/trfmc_v084h_rf_atlas_instrument_view.css	451	  --atlas-cyan:#8ff0ff;
frontend/public/assets/trfmc_v084h_rf_atlas_instrument_view.css	452	  --atlas-green:#42f56f;
frontend/public/assets/trfmc_v084h_rf_atlas_instrument_view.css	453	  --atlas-amber:#fbbf24;
frontend/public/assets/trfmc_v084h_rf_atlas_instrument_view.css	454	  --atlas-red:#ff3b5c;
frontend/public/assets/trfmc_v084h_rf_atlas_instrument_view.css	455	  --atlas-blue:#2ea7ff;
frontend/public/assets/trfmc_v084h_rf_atlas_instrument_view.css	456	  --atlas-ink:#061426;
frontend/public/assets/trfmc_v084h_rf_atlas_instrument_view.css	481	body.v84h-atlas #fieldCanvas {
frontend/public/assets/trfmc_v084l_rf_sapienza_director_cockpit.js	83	        color:#42f56f;
frontend/public/assets/trfmc_v084l_rf_sapienza_director_cockpit.js	87	        color:#8ff0ff;
frontend/public/assets/trfmc_v083c_rf_sanity_sinr_calibration.js	201	    const c = $("#rfCanvas");
frontend/public/assets/trfmc_v083c_rf_sanity_sinr_calibration.js	233	    const fMHz = num("#freqMHz");
frontend/public/assets/trfmc_v083c_rf_sanity_sinr_calibration.js	234	    const eirp = num("#eirp");
frontend/public/assets/trfmc_v083c_rf_sanity_sinr_calibration.js	235	    const n = num("#pathN") / 10;
frontend/public/assets/trfmc_v083c_rf_sanity_sinr_calibration.js	236	    const veg = num("#vegDepth");
frontend/public/assets/trfmc_v083c_rf_sanity_sinr_calibration.js	237	    const shadow = num("#shadowDb");
frontend/public/assets/trfmc_v083c_rf_sanity_sinr_calibration.js	238	    const gain = num("#sectorGain") / 10;
frontend/public/assets/trfmc_v083c_rf_sanity_sinr_calibration.js	239	    const fade = num("#fading") / 10;
frontend/public/assets/trfmc_v083c_rf_sanity_sinr_calibration.js	241	    $("#freqMHzVal").textContent = fMHz + " MHz";
frontend/public/assets/trfmc_v083c_rf_sanity_sinr_calibration.js	242	    $("#eirpVal").textContent = eirp + " dBm";
frontend/public/assets/trfmc_v083c_rf_sanity_sinr_calibration.js	243	    $("#pathNVal").textContent = n.toFixed(1);
frontend/public/assets/trfmc_v083c_rf_sanity_sinr_calibration.js	244	    $("#vegDepthVal").textContent = veg + " m";
frontend/public/assets/trfmc_v083c_rf_sanity_sinr_calibration.js	245	    $("#shadowDbVal").textContent = shadow + " dB";
frontend/public/assets/trfmc_v083c_rf_sanity_sinr_calibration.js	246	    $("#sectorGainVal").textContent = gain.toFixed(1) + " dB";
frontend/public/assets/trfmc_v083c_rf_sanity_sinr_calibration.js	247	    $("#fadingVal").textContent = fade.toFixed(1) + " dB";
frontend/public/assets/trfmc_v083c_rf_sanity_sinr_calibration.js	282	    $("#rsrpVal").textContent = prx.toFixed(1) + " dBm";
frontend/public/assets/trfmc_v083c_rf_sanity_sinr_calibration.js	283	    $("#sinrVal").textContent = sinr.toFixed(1) + " dB";
frontend/public/assets/trfmc_v083c_rf_sanity_sinr_calibration.js	284	    $("#lossVal").textContent = totalLoss.toFixed(1) + " dB";
frontend/public/assets/trfmc_v083c_rf_sanity_sinr_calibration.js	285	    $("#coverageVal").textContent = coverage + "%";
frontend/public/assets/trfmc_v083c_rf_sanity_sinr_calibration.js	286	    $("#cellVal").textContent = cell;
frontend/public/assets/trfmc_v083c_rf_sanity_sinr_calibration.js	287	    $("#physicsScore").textContent = coverage + "%";
frontend/public/assets/trfmc_v083c_rf_sanity_sinr_calibration.js	289	    $("#fsplLive").textContent = "d=180 m, f=" + fMHz + " MHz → FSPL≈" + fspl.toFixed(1) + " dB.";
frontend/public/assets/trfmc_v083c_rf_sanity_sinr_calibration.js	290	    $("#plLive").textContent = "n=" + n.toFixed(1) + ", d=180 m → PL≈" + pl.toFixed(1) + " dB.";
frontend/public/assets/trfmc_v083c_rf_sanity_sinr_calibration.js	291	    $("#vegLive").textContent = "dveg=" + veg + " m, density=0.68 → Lveg≈" + lveg.toFixed(1) + " dB.";
frontend/public/assets/trfmc_v083c_rf_sanity_sinr_calibration.js	292	    $("#prxLive").textContent = "EIRP=" + eirp + " dBm, Gsector=" + gain.toFixed(1) + " dB → Prx≈" + prx.toFixed(1) + " dBm.";
frontend/public/assets/trfmc_v083c_rf_sanity_sinr_calibration.js	294	    $("#captionText").textContent =
frontend/public/assets/trfmc_v083c_rf_sanity_sinr_calibration.js	298	    $("#copilot").innerHTML =
frontend/public/assets/trfmc_v083c_rf_sanity_sinr_calibration.js	306	    gl.uniform2f(gl.getUniformLocation(program,"u_res"), $("#rfCanvas").width, $("#rfCanvas").height);
frontend/public/assets/trfmc_v083c_rf_sanity_sinr_calibration.js	308	    gl.uniform1f(gl.getUniformLocation(program,"u_freqMHz"), num("#freqMHz"));
frontend/public/assets/trfmc_v083c_rf_sanity_sinr_calibration.js	309	    gl.uniform1f(gl.getUniformLocation(program,"u_eirp"), num("#eirp"));
frontend/public/assets/trfmc_v083c_rf_sanity_sinr_calibration.js	310	    gl.uniform1f(gl.getUniformLocation(program,"u_pathN"), num("#pathN")/10);
frontend/public/assets/trfmc_v083c_rf_sanity_sinr_calibration.js	311	    gl.uniform1f(gl.getUniformLocation(program,"u_vegDepth"), num("#vegDepth"));
frontend/public/assets/trfmc_v083c_rf_sanity_sinr_calibration.js	312	    gl.uniform1f(gl.getUniformLocation(program,"u_shadowDb"), num("#shadowDb"));
frontend/public/assets/trfmc_v083c_rf_sanity_sinr_calibration.js	313	    gl.uniform1f(gl.getUniformLocation(program,"u_sectorGainDb"), num("#sectorGain")/10);
frontend/public/assets/trfmc_v083c_rf_sanity_sinr_calibration.js	314	    gl.uniform1f(gl.getUniformLocation(program,"u_fadingDb"), num("#fading")/10);
frontend/public/assets/trfmc_v083c_rf_sanity_sinr_calibration.js	338	    const c = $("#rfCanvas");
frontend/public/assets/trfmc_v083c_rf_sanity_sinr_calibration.js	344	      $("#webglBadge").textContent = "NO WEBGL";
frontend/public/assets/trfmc_v083c_rf_sanity_sinr_calibration.js	345	      $("#rendererVal").textContent = "fallback";
frontend/public/assets/trfmc_v083c_rf_sanity_sinr_calibration.js	349	    $("#webglBadge").textContent = "WEBGL OK";
frontend/public/assets/trfmc_v083c_rf_sanity_sinr_calibration.js	350	    $("#rendererVal").textContent = "WebGL";
frontend/public/assets/trfmc_v083c_rf_sanity_sinr_calibration.js	368	    ["#freqMHz","#eirp","#pathN","#vegDepth","#shadowDb","#sectorGain","#fading"].forEach(id => {
frontend/public/assets/trfmc_v083c_rf_sanity_sinr_calibration.js	372	    $("#pauseBtn").addEventListener("click", () => {
frontend/public/assets/trfmc_v083c_rf_sanity_sinr_calibration.js	374	      $("#pauseBtn").textContent = paused ? "Resume" : "Pause";
frontend/public/assets/trfmc_v083c_rf_sanity_sinr_calibration.js	377	    $("#baselineBtn").addEventListener("click", () => preset({
frontend/public/assets/trfmc_v083c_rf_sanity_sinr_calibration.js	381	    $("#urbanBtn").addEventListener("click", () => preset({
frontend/public/assets/trfmc_v083c_rf_sanity_sinr_calibration.js	385	    $("#foliageBtn").addEventListener("click", () => preset({
frontend/public/assets/trfmc_v083c_rf_sanity_sinr_calibration.js	389	    $("#recoveryBtn").addEventListener("click", () => preset({
frontend/public/assets/trfmc_v083c_rf_sanity_sinr_calibration.js	476	    const serving = document.querySelector("#cellVal")?.textContent || "—";
frontend/public/assets/trfmc_v083c_rf_sanity_sinr_calibration.js	477	    const rsrp = document.querySelector("#rsrpVal")?.textContent || "—";
frontend/public/assets/trfmc_v083c_rf_sanity_sinr_calibration.js	478	    const sinr = document.querySelector("#sinrVal")?.textContent || "—";
frontend/public/assets/trfmc_v083c_rf_sanity_sinr_calibration.js	479	    const loss = document.querySelector("#lossVal")?.textContent || "—";
frontend/public/assets/trfmc_v083c_rf_sanity_sinr_calibration.js	481	    const a = document.querySelector("#v83bServing");
frontend/public/assets/trfmc_v083c_rf_sanity_sinr_calibration.js	482	    const b = document.querySelector("#v83bRsrp");
frontend/public/assets/trfmc_v083c_rf_sanity_sinr_calibration.js	483	    const c = document.querySelector("#v83bSinr");
frontend/public/assets/trfmc_v083c_rf_sanity_sinr_calibration.js	484	    const t = document.querySelector("#v83bTrace");
frontend/public/assets/trfmc_v083c_rf_sanity_sinr_calibration.js	524	    const sinrEl = document.querySelector("#sinrVal");
frontend/public/assets/trfmc_v083c_rf_sanity_sinr_calibration.js	525	    const covEl = document.querySelector("#coverageVal");
frontend/public/assets/trfmc_v083c_rf_sanity_sinr_calibration.js	526	    const scoreEl = document.querySelector("#physicsScore");
frontend/public/assets/trfmc_v083c_rf_sanity_sinr_calibration.js	527	    const rsrpEl = document.querySelector("#rsrpVal");
frontend/public/assets/trfmc_v083c_rf_sanity_sinr_calibration.js	552	    const copilot = document.querySelector("#copilot");
frontend/public/assets/trfmc_knowledge_os_v60.css	1	*{box-sizing:border-box} body{margin:0;background:#020814;color:#e7f8ff;font-family:ui-monospace,SFMono-Regular,Menlo,Consolas,monospace}
frontend/public/assets/trfmc_knowledge_os_v60.css	4	.brand{display:flex;gap:12px;align-items:center}.orb{width:34px;height:34px;border-radius:50%;background:radial-gradient(circle,#8ff0ff,transparent 62%);box-shadow:0 0 30px #58d6f9}.brand b{letter-spacing:2px}.brand span
frontend/public/assets/trfmc_knowledge_os_v60.css	5	nav{display:flex;gap:8px;flex-wrap:wrap}nav a,.actions a{color:#72e6ff;text-decoration:none;border:1px solid rgba(88,214,249,.36);border-radius:999px;padding:8px 12px;background:rgba(88,214,249,.08);font-weight:900;font-
frontend/public/assets/trfmc_knowledge_os_v60.css	7	.eyebrow{display:inline-block;color:#42f56f;border:1px solid rgba(66,245,111,.4);border-radius:999px;padding:7px 12px;font-weight:900;font-size:11px}h1{font-size:clamp(42px,5vw,82px);line-height:.95;margin:20px 0;color:#
frontend/public/assets/trfmc_knowledge_os_v60.css	9	.grid{display:grid;grid-template-columns:repeat(4,1fr);gap:12px;margin-top:12px}.card{border:1px solid rgba(88,214,249,.28);border-radius:24px;padding:18px;background:linear-gradient(135deg,rgba(16,44,62,.72),rgba(6,12,3
frontend/public/assets/trfmc_knowledge_os_v60.css	10	.flow{display:flex;align-items:center;gap:8px;flex-wrap:wrap;margin:16px 0}.flow span,.formula-grid code{border:1px solid rgba(66,245,111,.32);background:rgba(66,245,111,.08);border-radius:14px;padding:10px;color:#42f56f
frontend/public/assets/trfmc_knowledge_os_v60.css	11	.formula-grid{display:grid;grid-template-columns:repeat(2,1fr);gap:8px}.mini-canvas,.tower{height:150px;border:1px solid rgba(88,214,249,.22);border-radius:18px;background:radial-gradient(circle at 50% 60%,rgba(66,245,11
frontend/public/assets/trfmc_knowledge_os_v60.css	12	.roadmap{margin-top:12px;border:1px solid rgba(88,214,249,.28);border-radius:24px;padding:18px;background:rgba(3,13,28,.82)}.roadmap h2{color:#42f56f}.roadmap div{display:grid;grid-template-columns:repeat(6,1fr);gap:8px}
frontend/public/assets/trfmc_knowledge_os_v60.css	13	footer{margin:12px;border:1px solid rgba(88,214,249,.2);border-radius:999px;padding:12px;text-align:center;color:#8ea6b8}
frontend/public/assets/trfmc_master_shell_v75.css	14	  --v75-bg: #020713;
frontend/public/assets/trfmc_master_shell_v75.css	17	  --v75-cyan: #8ff0ff;
frontend/public/assets/trfmc_master_shell_v75.css	18	  --v75-green: #42f56f;
frontend/public/assets/trfmc_master_shell_v75.css	19	  --v75-amber: #fbbf24;
frontend/public/assets/trfmc_master_shell_v75.css	20	  --v75-red: #ff3b5c;
frontend/public/assets/trfmc_master_shell_v75.css	28	    #020713 !important;
frontend/public/assets/trfmc_master_shell_v75.css	29	  color: #eafcff;
frontend/public/assets/trfmc_master_shell_v75.css	108	    radial-gradient(circle at 35% 28%, #fff 0 7%, var(--v75-cyan) 8% 22%, rgba(0,243,255,.24) 44%, transparent 72%);
frontend/public/assets/trfmc_master_shell_v75.css	116	  color: #fff;
frontend/public/assets/trfmc_master_shell_v75.css	159	  color: #031018;
frontend/public/assets/trfmc_v086c_r1_portal_registry.css	3	  background:#01040b;
frontend/public/assets/trfmc_v086c_r1_portal_registry.css	4	  color:#e8faff;
frontend/public/assets/trfmc_v086c_r1_portal_registry.css	13	  --bg:#01040b;
frontend/public/assets/trfmc_v086c_r1_portal_registry.css	14	  --panel:#061426;
frontend/public/assets/trfmc_v086c_r1_portal_registry.css	17	  --cyan:#8ff0ff;
frontend/public/assets/trfmc_v086c_r1_portal_registry.css	18	  --green:#42f56f;
frontend/public/assets/trfmc_v086c_r1_portal_registry.css	19	  --amber:#fbbf24;
frontend/public/assets/trfmc_v086c_r1_portal_registry.css	20	  --red:#ff3b5c;
frontend/public/assets/trfmc_v086c_r1_portal_registry.css	21	  --text:#e8faff;
frontend/public/assets/trfmc_v086c_r1_portal_registry.css	28	    linear-gradient(135deg,#01040b,#04111f 52%,#01040b);
frontend/public/assets/trfmc_v086c_r1_portal_registry.css	57	  background:radial-gradient(circle at 35% 28%, #e8ffff 0 8%, #8ff0ff 9% 34%, #0c5870 65%, #020811 100%);
frontend/public/assets/trfmc_v086c_r1_portal_registry.css	101	  color:#021006;
frontend/public/assets/trfmc_v086c_r1_portal_registry.css	272	  background:#061426;
frontend/public/assets/trfmc_enterprise_shell_v34.css	54	  color:#edf8ff;
frontend/public/assets/trfmc_enterprise_shell_v34.css	61	  color:#8da4b3;
frontend/public/assets/trfmc_enterprise_shell_v34.css	77	  color:#58d6f9 !important;
frontend/public/assets/trfmc_enterprise_shell_v34.css	106	  color:#8da4b3;
frontend/public/assets/trfmc_enterprise_shell_v34.css	115	  color:#edf8ff;
frontend/public/assets/trfmc_enterprise_shell_v34.css	120	  color:#3fb950;
frontend/public/assets/trfmc_enterprise_shell_v34.css	125	  color:#d29922;
frontend/public/assets/trfmc_enterprise_shell_v34.css	130	  color:#ff4d6d;
frontend/public/assets/trfmc_enterprise_shell_v34.css	141	  color:#8da4b3;
frontend/public/assets/trfmc_enterprise_shell_v34.css	146	  color:#58d6f9;
frontend/public/assets/trfmc_enterprise_shell_v34.css	158	  color:#8da4b3;
frontend/public/assets/trfmc_enterprise_shell_v34.css	165	  color:#58d6f9;
frontend/public/assets/trfmc_enterprise_shell_v34.css	170	  color:#3fb950 !important;
frontend/public/assets/trfmc_v084d_rf_truth_palette_masterclass.js	176	    bg.addColorStop(0,"#041525");
frontend/public/assets/trfmc_v084d_rf_truth_palette_masterclass.js	177	    bg.addColorStop(.55,"#020b18");
frontend/public/assets/trfmc_v084d_rf_truth_palette_masterclass.js	178	    bg.addColorStop(1,"#01030a");
frontend/public/assets/trfmc_v084d_rf_truth_palette_masterclass.js	286	    ctx.fillStyle="#eaffff";
frontend/public/assets/trfmc_v084d_rf_truth_palette_masterclass.js	302	    ctx.fillStyle="#fff";
frontend/public/assets/trfmc_v084d_rf_truth_palette_masterclass.js	346	    ctx.fillStyle="#42f56f";
frontend/public/assets/trfmc_v084d_rf_truth_palette_masterclass.js	352	      ctx.fillStyle="#eaffff";
frontend/public/assets/trfmc_v084d_rf_truth_palette_masterclass.js	361	    ctx.fillStyle="#42f56f";
frontend/public/assets/trfmc_enterprise_theme_v32.css	7	  --trfmc-bg-0:#020711;
frontend/public/assets/trfmc_enterprise_theme_v32.css	8	  --trfmc-bg-1:#06111d;
frontend/public/assets/trfmc_enterprise_theme_v32.css	9	  --trfmc-bg-2:#02040a;
frontend/public/assets/trfmc_enterprise_theme_v32.css	19	  --trfmc-cyan:#58d6f9;
frontend/public/assets/trfmc_enterprise_theme_v32.css	20	  --trfmc-blue:#2f81f7;
frontend/public/assets/trfmc_enterprise_theme_v32.css	21	  --trfmc-green:#3fb950;
frontend/public/assets/trfmc_enterprise_theme_v32.css	22	  --trfmc-amber:#d29922;
frontend/public/assets/trfmc_enterprise_theme_v32.css	23	  --trfmc-red:#ff4d6d;
frontend/public/assets/trfmc_enterprise_theme_v32.css	24	  --trfmc-violet:#a371f7;
frontend/public/assets/trfmc_enterprise_theme_v32.css	26	  --trfmc-text:#edf8ff;
frontend/public/assets/trfmc_enterprise_theme_v32.css	27	  --trfmc-muted:#8da4b3;
frontend/public/assets/trfmc_enterprise_theme_v32.css	42	  background:#020711;
frontend/public/assets/trfmc_enterprise_theme_v32.css	195	#viewer,
frontend/public/assets/trfmc_enterprise_theme_v32.css	196	#summary,
frontend/public/assets/trfmc_enterprise_theme_v32.css	197	#commands {
frontend/public/assets/trfmc_enterprise_theme_v32.css	202	  color:#e8f6ff !important;
frontend/public/assets/trfmc_enterprise_theme_v32.css	258	  color:#ffffff;
frontend/public/assets/trfmc_v082b_native_webgl_rf_refinement.js	209	    const f = val("#freq");
frontend/public/assets/trfmc_v082b_native_webgl_rf_refinement.js	210	    const veg = val("#veg");
frontend/public/assets/trfmc_v082b_native_webgl_rf_refinement.js	211	    const shadow = val("#shadow");
frontend/public/assets/trfmc_v082b_native_webgl_rf_refinement.js	212	    const noise = val("#noise");
frontend/public/assets/trfmc_v082b_native_webgl_rf_refinement.js	213	    const beam = val("#beam");
frontend/public/assets/trfmc_v082b_native_webgl_rf_refinement.js	215	    qs("#freqVal").textContent = freqLabel(f);
frontend/public/assets/trfmc_v082b_native_webgl_rf_refinement.js	216	    qs("#vegVal").textContent = veg.toFixed(2);
frontend/public/assets/trfmc_v082b_native_webgl_rf_refinement.js	217	    qs("#shadowVal").textContent = shadow.toFixed(2);
frontend/public/assets/trfmc_v082b_native_webgl_rf_refinement.js	218	    qs("#noiseVal").textContent = noise.toFixed(2);
frontend/public/assets/trfmc_v082b_native_webgl_rf_refinement.js	219	    qs("#beamVal").textContent = beam.toFixed(2);
frontend/public/assets/trfmc_v082b_native_webgl_rf_refinement.js	227	    qs("#lossVal").textContent = loss.toFixed(1) + " dB";
frontend/public/assets/trfmc_v082b_native_webgl_rf_refinement.js	228	    qs("#coverageVal").textContent = cov + "%";
frontend/public/assets/trfmc_v082b_native_webgl_rf_refinement.js	229	    qs("#riskVal").textContent = risk;
frontend/public/assets/trfmc_v082b_native_webgl_rf_refinement.js	230	    qs("#dominantVal").textContent = dom;
frontend/public/assets/trfmc_v082b_native_webgl_rf_refinement.js	231	    qs("#gpuScore").textContent = cov + "%";
frontend/public/assets/trfmc_v082b_native_webgl_rf_refinement.js	232	    qs("#gpuMode").textContent = "calibrated shader field";
frontend/public/assets/trfmc_v082b_native_webgl_rf_refinement.js	233	    qs("#captionText").textContent = freqLabel(f) + " · veg=" + veg.toFixed(2) + " · shadow=" + shadow.toFixed(2) + " · beam=" + beam.toFixed(2);
frontend/public/assets/trfmc_v082b_native_webgl_rf_refinement.js	234	    qs("#eventBus").innerHTML =
frontend/public/assets/trfmc_v082b_native_webgl_rf_refinement.js	250	    gl.uniform1f(gl.getUniformLocation(program, "u_freq"), val("#freq"));
frontend/public/assets/trfmc_v082b_native_webgl_rf_refinement.js	251	    gl.uniform1f(gl.getUniformLocation(program, "u_veg"), val("#veg"));
frontend/public/assets/trfmc_v082b_native_webgl_rf_refinement.js	252	    gl.uniform1f(gl.getUniformLocation(program, "u_shadow"), val("#shadow"));
frontend/public/assets/trfmc_v082b_native_webgl_rf_refinement.js	253	    gl.uniform1f(gl.getUniformLocation(program, "u_noise"), val("#noise"));
frontend/public/assets/trfmc_v082b_native_webgl_rf_refinement.js	254	    gl.uniform1f(gl.getUniformLocation(program, "u_beam"), val("#beam"));
frontend/public/assets/trfmc_v082b_native_webgl_rf_refinement.js	269	      qs("#webglStatus").textContent = "NO WEBGL";
frontend/public/assets/trfmc_v082b_native_webgl_rf_refinement.js	270	      qs("#rendererVal").textContent = "fallback";
frontend/public/assets/trfmc_v082b_native_webgl_rf_refinement.js	271	      qs("#pathVal").textContent = "DOM";
frontend/public/assets/trfmc_v082b_native_webgl_rf_refinement.js	290	    qs("#webglStatus").textContent = "WEBGL OK";
frontend/public/assets/trfmc_v082b_native_webgl_rf_refinement.js	291	    qs("#rendererVal").textContent = "WebGL";
frontend/public/assets/trfmc_v082b_native_webgl_rf_refinement.js	292	    qs("#pathVal").textContent = "GPU";
frontend/public/assets/trfmc_v082b_native_webgl_rf_refinement.js	294	    ["#freq","#veg","#shadow","#noise","#beam"].forEach(id => {
frontend/public/assets/trfmc_v082b_native_webgl_rf_refinement.js	298	    qs("#pauseBtn").addEventListener("click", () => {
frontend/public/assets/trfmc_v082b_native_webgl_rf_refinement.js	300	      qs("#pauseBtn").textContent = paused ? "Resume" : "Pause";
frontend/public/assets/trfmc_v082b_native_webgl_rf_refinement.js	303	    qs("#resetBtn").addEventListener("click", () => {
frontend/public/assets/trfmc_v082b_native_webgl_rf_refinement.js	304	      qs("#freq").value = 58;
frontend/public/assets/trfmc_v082b_native_webgl_rf_refinement.js	305	      qs("#veg").value = 42;
frontend/public/assets/trfmc_v082b_native_webgl_rf_refinement.js	306	      qs("#shadow").value = 38;
frontend/public/assets/trfmc_v082b_native_webgl_rf_refinement.js	307	      qs("#noise").value = 24;
frontend/public/assets/trfmc_v082b_native_webgl_rf_refinement.js	308	      qs("#beam").value = 66;
frontend/public/assets/trfmc_v082b_native_webgl_rf_refinement.js	313	    qs("#scenarioBtn").addEventListener("click", () => {
frontend/public/assets/trfmc_v083e_instrument_readability_vector.css	4	  --v83e-cyan:#8ff0ff;
frontend/public/assets/trfmc_v083e_instrument_readability_vector.css	5	  --v83e-green:#42f56f;
frontend/public/assets/trfmc_v083e_instrument_readability_vector.css	6	  --v83e-amber:#fbbf24;
frontend/public/assets/trfmc_v083e_instrument_readability_vector.css	7	  --v83e-red:#ff3b5c;
frontend/public/assets/trfmc_v083e_instrument_readability_vector.css	8	  --v83e-blue:#2ea7ff;
frontend/public/assets/trfmc_v083e_instrument_readability_vector.css	26	body.v83e-readability #rfCanvas {
frontend/public/assets/trfmc_v083e_instrument_readability_vector.css	33	    #010714 !important;
frontend/public/assets/trfmc_executive_release_milestone_v50.css	51	  color: #58d6f9;
frontend/public/assets/trfmc_executive_release_milestone_v50.css	69	  color: #3fb950;
frontend/public/assets/trfmc_executive_release_milestone_v50.css	112	  color: #58d6f9;
frontend/public/assets/trfmc_executive_release_milestone_v50.css	156	  color: #3fb950;
frontend/public/assets/trfmc_executive_release_milestone_v50.css	188	  color: #3fb950;
frontend/public/assets/trfmc_executive_release_milestone_v50.css	212	  color: #edf8ff;
frontend/public/assets/trfmc_executive_release_milestone_v50.css	233	  color: #58d6f9;
frontend/public/assets/trfmc_executive_release_milestone_v50.css	240	  color: #3fb950;
frontend/public/assets/trfmc_executive_release_milestone_v50.css	269	  color: #58d6f9;
frontend/public/assets/trfmc_executive_release_milestone_v50.css	281	  color: #3fb950;
frontend/public/assets/trfmc_executive_release_milestone_v50.css	313	  color: #58d6f9;
frontend/public/assets/trfmc_executive_release_milestone_v50.css	332	  color: #58d6f9;
frontend/public/assets/trfmc_executive_release_milestone_v50.css	342	  color: #3fb950;
frontend/public/assets/trfmc_v087g_public_operational_home.css	9	  color: #eaf7ff;
frontend/public/assets/trfmc_v087g_public_operational_home.css	15	    linear-gradient(135deg, #02040a 0%, #05101d 48%, #02030a 100%);
frontend/public/assets/trfmc_v087g_public_operational_home.css	55	  color: #aeefff;
frontend/public/assets/trfmc_v087g_public_operational_home.css	65	  color: #07131a;
frontend/public/assets/trfmc_v087g_public_operational_home.css	66	  background: linear-gradient(90deg, #55f5ff, #92ffcf);
frontend/public/assets/trfmc_v087g_public_operational_home.css	80	  color: #82f7ff;
frontend/public/assets/trfmc_v087g_public_operational_home.css	119	  color: #dcf9ff;
frontend/public/assets/trfmc_v087g_public_operational_home.css	133	  color: #031018;
frontend/public/assets/trfmc_v087g_public_operational_home.css	134	  background: linear-gradient(90deg, #5af7ff, #8effcf);
frontend/public/assets/trfmc_v087g_public_operational_home.css	164	  color: #8effcf;
frontend/public/assets/trfmc_v087g_public_operational_home.css	202	  color: #eaffff;
frontend/public/assets/trfmc_v087g_public_operational_home.css	282	  color: #8effcf;
frontend/public/assets/trfmc_v087g_public_operational_home.css	304	  color: #eaffff;
frontend/public/assets/trfmc_v086f_design_token_audit.js	55	    $("#k-html").textContent = t.html_pages;
frontend/public/assets/trfmc_v086f_design_token_audit.js	56	    $("#k-css").textContent = t.css_files;
frontend/public/assets/trfmc_v086f_design_token_audit.js	57	    $("#k-colors").textContent = t.unique_colors;
frontend/public/assets/trfmc_v086f_design_token_audit.js	58	    $("#k-css-risk").textContent = t.css_high_risk;
frontend/public/assets/trfmc_v086f_design_token_audit.js	59	    $("#k-html-risk").textContent = t.html_high_risk;
frontend/public/assets/trfmc_v086f_design_token_audit.js	62	    $("#dt86-score").textContent = s + "%";
frontend/public/assets/trfmc_v086f_design_token_audit.js	63	    $("#dt86-score-text").textContent = "token discipline";
frontend/public/assets/trfmc_v086f_design_token_audit.js	64	    $("#dt86-health").textContent = "READY";
frontend/public/assets/trfmc_v086f_design_token_audit.js	69	    $("#colorGrid").innerHTML = colors.slice(0,18).map(([c,n]) => `
frontend/public/assets/trfmc_v086f_design_token_audit.js	75	    $("#fontGrid").innerHTML = (state.reg.top_fonts || []).slice(0,8).map(([f,n]) => `
frontend/public/assets/trfmc_v086f_design_token_audit.js	79	    $("#radiusGrid").innerHTML = (state.reg.top_radius || []).slice(0,8).map(([r,n]) => `
frontend/public/assets/trfmc_v086f_design_token_audit.js	91	    $("#cssCount").textContent = rows.length + " files";
frontend/public/assets/trfmc_v086f_design_token_audit.js	93	    $("#cssTable").innerHTML = rows.map((r, i) => `
frontend/public/assets/trfmc_v086f_design_token_audit.js	106	    const tableRows = Array.from(ROOT.querySelectorAll("#cssTable tr"));
frontend/public/assets/trfmc_v086f_design_token_audit.js	122	    $("#htmlCount").textContent = rows.length + " pages";
frontend/public/assets/trfmc_v086f_design_token_audit.js	124	    $("#htmlTable").innerHTML = rows.map(r => `
frontend/public/assets/trfmc_v086f_design_token_audit.js	139	    const box = $("#detailBox");
frontend/public/assets/trfmc_v086f_design_token_audit.js	179	    $("#doctrineGrid").innerHTML = (state.reg.promotion_doctrine || []).map((x, i) => `
frontend/public/assets/trfmc_v086f_design_token_audit.js	194	    $("#searchBox").addEventListener("input", ev => {
frontend/public/assets/trfmc_v086f_design_token_audit.js	199	    Array.from(ROOT.querySelectorAll("#riskButtons button")).forEach(btn => {
frontend/public/assets/trfmc_v086f_design_token_audit.js	201	        Array.from(ROOT.querySelectorAll("#riskButtons button")).forEach(b => b.classList.remove("active"));
frontend/public/assets/trfmc_v086f_design_token_audit.js	221	      $("#dt86-health").textContent = "ERROR";
frontend/public/assets/trfmc_v086f_design_token_audit.js	222	      $("#detailBox").className = "dt86-empty";
frontend/public/assets/trfmc_v086f_design_token_audit.js	223	      $("#detailBox").textContent = "Errore caricamento registry: " + err.message;
frontend/public/assets/trfmc_webgl_rf_heatmap_v66.css	2	body.v66-shell{margin:0;background:#020713;color:#dff8ff;font-family:Consolas,monospace;overflow-x:hidden}
frontend/public/assets/trfmc_webgl_rf_heatmap_v66.css	5	.v66-brand{display:flex;align-items:center;gap:12px}.v66-orb{width:34px;height:34px;border-radius:50%;background:radial-gradient(circle,#8ff0ff,transparent 62%);box-shadow:0 0 32px rgba(143,240,255,.55)}.v66-brand b{lett
frontend/public/assets/trfmc_webgl_rf_heatmap_v66.css	6	nav{display:flex;gap:8px;flex-wrap:wrap}nav a{color:#8ff0ff;border:1px solid rgba(143,240,255,.28);background:rgba(143,240,255,.065);border-radius:999px;padding:8px 11px;text-decoration:none;font-size:10px;font-weight:90
frontend/public/assets/trfmc_webgl_rf_heatmap_v66.css	7	.v66-main{padding:0 12px 24px}.v66-hero{border:1px solid rgba(143,240,255,.38);border-radius:30px;padding:30px;background:linear-gradient(135deg,rgba(11,36,56,.92),rgba(4,10,24,.94));box-shadow:0 32px 100px rgba(0,0,0,.3
frontend/public/assets/trfmc_webgl_rf_heatmap_v66.css	8	.v66-status{display:grid;grid-template-columns:1fr 1fr;gap:10px}.v66-status div,.v66-kpi-grid div{border:1px solid rgba(143,240,255,.22);border-radius:18px;padding:14px;background:rgba(143,240,255,.05)}.v66-status span,.
frontend/public/assets/trfmc_webgl_rf_heatmap_v66.css	10	.v66-panel-head{display:flex;justify-content:space-between;align-items:center}.v66-panel-head h2,.v66-side-panel h2,.v66-knowledge h3{margin:0 0 12px;color:#8ff0ff}.v66-panel-head span{color:#42f56f;border:1px solid rgba
frontend/public/assets/trfmc_webgl_rf_heatmap_v66.css	11	.v66-canvas-wrap{position:relative;border:1px solid rgba(143,240,255,.28);border-radius:22px;overflow:hidden;background:#01050d;box-shadow:inset 0 0 90px rgba(143,240,255,.05)}#v66_canvas{width:100%;height:720px;display:
frontend/public/assets/trfmc_webgl_rf_heatmap_v66.css	12	.v66-side-panel label{display:block;color:#9fb4c2;font-size:10px;text-transform:uppercase;margin:14px 0 6px}.v66-side-panel input,.v66-side-panel select{width:100%;background:rgba(2,8,18,.72);border:1px solid rgba(143,24
frontend/public/assets/trfmc_webgl_rf_heatmap_v66.css	13	.v66-knowledge{display:grid;grid-template-columns:repeat(3,1fr);gap:12px;margin-top:12px}footer{margin:12px;border:1px solid rgba(143,240,255,.18);border-radius:999px;padding:12px;text-align:center;color:#9fb4c2}
frontend/public/assets/trfmc_webgl_rf_heatmap_v66.css	14	@media(max-width:1200px){.v66-hero,.v66-console,.v66-knowledge{grid-template-columns:1fr}#v66_canvas{height:560px}.v66-topbar{position:relative;flex-direction:column;align-items:flex-start}}
frontend/public/assets/trfmc_v085a_sapienza_master_template_doctrine.css	2	  --bg:#01040b;
frontend/public/assets/trfmc_v085a_sapienza_master_template_doctrine.css	3	  --panel:#061426;
frontend/public/assets/trfmc_v085a_sapienza_master_template_doctrine.css	4	  --panel2:#071d33;
frontend/public/assets/trfmc_v085a_sapienza_master_template_doctrine.css	5	  --cyan:#8ff0ff;
frontend/public/assets/trfmc_v085a_sapienza_master_template_doctrine.css	6	  --green:#42f56f;
frontend/public/assets/trfmc_v085a_sapienza_master_template_doctrine.css	7	  --amber:#fbbf24;
frontend/public/assets/trfmc_v085a_sapienza_master_template_doctrine.css	8	  --red:#ff3b5c;
frontend/public/assets/trfmc_v085a_sapienza_master_template_doctrine.css	9	  --text:#e8faff;
frontend/public/assets/trfmc_v085a_sapienza_master_template_doctrine.css	20	    linear-gradient(180deg,#01040b,#00030a);
frontend/public/assets/trfmc_v085a_sapienza_master_template_doctrine.css	38	  background:radial-gradient(circle at 35% 28%,#fff,#8ff0ff 18%,#0b5870 48%,#020713 70%);
frontend/public/assets/trfmc_v085a_sapienza_master_template_doctrine.css	54	  color:#021006;
frontend/public/assets/trfmc_v085a_sapienza_master_template_doctrine.css	154	  color:#021006;
frontend/public/assets/trfmc_v084g_rf_topographic_instrument_view.js	178	    bg.addColorStop(0,"#041525");
frontend/public/assets/trfmc_v084g_rf_topographic_instrument_view.js	179	    bg.addColorStop(.55,"#020b18");
frontend/public/assets/trfmc_v084g_rf_topographic_instrument_view.js	180	    bg.addColorStop(1,"#01030a");
frontend/public/assets/trfmc_v084g_rf_topographic_instrument_view.js	347	    ctx.fillStyle="#eaffff";
frontend/public/assets/trfmc_v084g_rf_topographic_instrument_view.js	363	    ctx.fillStyle="#fff";
frontend/public/assets/trfmc_v084g_rf_topographic_instrument_view.js	408	    ctx.fillStyle="#42f56f";
frontend/public/assets/trfmc_v084g_rf_topographic_instrument_view.js	414	      ctx.fillStyle="#eaffff";
frontend/public/assets/trfmc_v084g_rf_topographic_instrument_view.js	423	    ctx.fillStyle="#42f56f";
frontend/public/assets/trfmc_v085e_rf_physics_viewport_discipline.css	8	  --e-bg:#01040b;
frontend/public/assets/trfmc_v085e_rf_physics_viewport_discipline.css	9	  --e-panel:#061426;
frontend/public/assets/trfmc_v085e_rf_physics_viewport_discipline.css	10	  --e-cyan:#8ff0ff;
frontend/public/assets/trfmc_v085e_rf_physics_viewport_discipline.css	11	  --e-green:#42f56f;
frontend/public/assets/trfmc_v085e_rf_physics_viewport_discipline.css	12	  --e-amber:#fbbf24;
frontend/public/assets/trfmc_v085e_rf_physics_viewport_discipline.css	13	  --e-red:#ff3b5c;
frontend/public/assets/trfmc_v085e_rf_physics_viewport_discipline.css	14	  --e-text:#e8faff;
frontend/public/assets/trfmc_rf_propagation_sandbox_v62.css	1	*{box-sizing:border-box}body{margin:0;background:#020713;color:#e9f8ff;font-family:ui-monospace,SFMono-Regular,Menlo,Consolas,monospace;overflow-x:hidden}body:before{content:"";position:fixed;inset:0;background:radial-gr
frontend/public/assets/trfmc_rf_propagation_sandbox_v62.css	2	header{position:sticky;top:0;z-index:20;margin:12px;padding:13px 16px;border:1px solid rgba(143,240,255,.34);border-radius:22px;background:rgba(3,13,28,.90);display:flex;justify-content:space-between;align-items:center;g
frontend/public/assets/trfmc_rf_propagation_sandbox_v62.css	3	nav{display:flex;gap:8px;flex-wrap:wrap}nav a,.actions button{color:#8ff0ff;border:1px solid rgba(143,240,255,.32);background:rgba(143,240,255,.07);border-radius:999px;padding:8px 11px;text-decoration:none;font-size:10px
frontend/public/assets/trfmc_rf_propagation_sandbox_v62.css	4	main{padding:0 12px 24px}.hero{border:1px solid rgba(143,240,255,.38);border-radius:30px;padding:30px;background:linear-gradient(135deg,rgba(11,36,56,.92),rgba(4,10,24,.94));box-shadow:0 32px 100px rgba(0,0,0,.38),inset 
frontend/public/assets/trfmc_rf_propagation_sandbox_v62.css	5	.lab-grid{display:grid;grid-template-columns:1.35fr .65fr;gap:12px;margin-top:12px}.scene-panel,.metrics-panel,.didactic article{border:1px solid rgba(143,240,255,.28);border-radius:26px;padding:16px;background:linear-gr
frontend/public/assets/trfmc_rf_propagation_sandbox_v62.css	7	.tower{position:absolute;left:8%;bottom:14%;width:90px;height:360px}.mast{position:absolute;left:43px;bottom:0;width:8px;height:330px;background:#8ff0ff;box-shadow:0 0 20px rgba(143,240,255,.4)}.antenna{position:absolute
frontend/public/assets/trfmc_rf_propagation_sandbox_v62.css	8	.building{position:absolute;bottom:13%;border:1px solid rgba(143,240,255,.20);background:linear-gradient(180deg,rgba(143,240,255,.14),rgba(4,11,24,.95));border-radius:12px 12px 0 0}.building span{position:absolute;top:8p
frontend/public/assets/trfmc_rf_propagation_sandbox_v62.css	10	.ray{position:absolute;height:2px;background:linear-gradient(90deg,#42f56f,transparent);transform-origin:left center;box-shadow:0 0 14px rgba(66,245,111,.4)}.los{left:15%;top:34%;width:76%;transform:rotate(9deg)}.refl{ba
frontend/public/assets/trfmc_rf_propagation_sandbox_v62.css	12	.legend{position:absolute;left:14px;bottom:14px;border:1px solid rgba(143,240,255,.25);border-radius:16px;background:rgba(2,8,18,.72);padding:10px;display:flex;gap:12px;flex-wrap:wrap}.legend span{font-size:10px;color:#b
frontend/public/assets/trfmc_rf_propagation_sandbox_v62.css	13	.metric-grid{display:grid;grid-template-columns:repeat(2,1fr);gap:8px}.metric-grid div,.mechanisms div{border:1px solid rgba(143,240,255,.22);border-radius:16px;padding:11px;background:rgba(143,240,255,.045)}.metric-grid
frontend/public/assets/trfmc_executive_rf_signal_intel_v49.js	119	    a.href = "#v49_rf_intel";
frontend/public/assets/trfmc_executive_final_alignment_v53.js	67	    a.href = "#v51_review";
frontend/public/assets/trfmc_seasonal_vegetation_clutter_v68.css	2	  --bg: #020713;
frontend/public/assets/trfmc_seasonal_vegetation_clutter_v68.css	4	  --cyan: #8ff0ff;
frontend/public/assets/trfmc_seasonal_vegetation_clutter_v68.css	5	  --cyan2: #00f3ff;
frontend/public/assets/trfmc_seasonal_vegetation_clutter_v68.css	6	  --green: #42f56f;
frontend/public/assets/trfmc_seasonal_vegetation_clutter_v68.css	7	  --amber: #fbbf24;
frontend/public/assets/trfmc_seasonal_vegetation_clutter_v68.css	8	  --red: #ff3b5c;
frontend/public/assets/trfmc_seasonal_vegetation_clutter_v68.css	20	  color: #eafcff;
frontend/public/assets/trfmc_seasonal_vegetation_clutter_v68.css	24	#v68_gl {
frontend/public/assets/trfmc_seasonal_vegetation_clutter_v68.css	30	  background: #020713;
frontend/public/assets/trfmc_seasonal_vegetation_clutter_v68.css	91	    radial-gradient(circle at 35% 30%, #fff, var(--cyan) 18%, rgba(0,243,255,.22) 44%, transparent 72%);
frontend/public/assets/trfmc_seasonal_vegetation_clutter_v68.css	94	.brand b { display: block; font-size: 13px; letter-spacing: .16em; color: #fff; }
frontend/public/assets/trfmc_seasonal_vegetation_clutter_v68.css	115	  color: #061119;
frontend/public/assets/trfmc_seasonal_vegetation_clutter_v68.css	268	  color: #eafcff;
frontend/public/assets/trfmc_seasonal_vegetation_clutter_v68.css	297	  color: #051019;
frontend/public/assets/trfmc_seasonal_vegetation_clutter_v68.css	319	.c.strong { background: #f8fbff; box-shadow: 0 0 14px rgba(255,255,255,.45); }
frontend/public/assets/trfmc_seasonal_vegetation_clutter_v68.css	320	.c.mid { background: #42f56f; box-shadow: 0 0 14px rgba(66,245,111,.45); }
frontend/public/assets/trfmc_seasonal_vegetation_clutter_v68.css	321	.c.weak { background: #00aaff; box-shadow: 0 0 14px rgba(0,170,255,.35); }
frontend/public/assets/trfmc_seasonal_vegetation_clutter_v68.css	322	.c.dead { background: #10182c; box-shadow: inset 0 0 8px rgba(0,0,0,.8); }
frontend/public/assets/trfmc_seasonal_vegetation_clutter_v68.css	346	  color: #fff;
frontend/public/assets/trfmc_seasonal_vegetation_clutter_v68.css	430	  background: #fff;
frontend/public/assets/trfmc_seasonal_vegetation_clutter_v68.css	438	  color: #fff;
frontend/public/assets/trfmc_balanced_layout_calibration_v51r6.js	55	      "#root",
frontend/public/assets/trfmc_executive_next_v54.css	2	  --bg0: #030914;
frontend/public/assets/trfmc_executive_next_v54.css	3	  --bg1: #071526;
frontend/public/assets/trfmc_executive_next_v54.css	8	  --cyan: #58d6f9;
frontend/public/assets/trfmc_executive_next_v54.css	9	  --cyan2: #7ce7ff;
frontend/public/assets/trfmc_executive_next_v54.css	10	  --green: #3fb950;
frontend/public/assets/trfmc_executive_next_v54.css	11	  --amber: #d29922;
frontend/public/assets/trfmc_executive_next_v54.css	12	  --red: #ff4d6d;
frontend/public/assets/trfmc_executive_next_v54.css	13	  --txt: #edf8ff;
frontend/public/assets/trfmc_executive_next_v54.css	34	    linear-gradient(180deg, #030914, #06101d 48%, #030914);
frontend/public/assets/trfmc_executive_next_v54.css	68	  background: #7c3aed;
frontend/public/assets/trfmc_executive_spatial_micro_polish_v56.css	4	  --v56-cyan: #8ff0ff;
frontend/public/assets/trfmc_executive_spatial_micro_polish_v56.css	5	  --v56-blue: #38bdf8;
frontend/public/assets/trfmc_executive_spatial_micro_polish_v56.css	6	  --v56-green: #42f56f;
frontend/public/assets/trfmc_executive_spatial_micro_polish_v56.css	7	  --v56-violet: #a78bfa;
frontend/public/assets/trfmc_executive_spatial_micro_polish_v56.css	8	  --v56-amber: #fbbf24;
frontend/public/assets/trfmc_v084f_rf_dark_field_discipline.js	178	    bg.addColorStop(0,"#041525");
frontend/public/assets/trfmc_v084f_rf_dark_field_discipline.js	179	    bg.addColorStop(.55,"#020b18");
frontend/public/assets/trfmc_v084f_rf_dark_field_discipline.js	180	    bg.addColorStop(1,"#01030a");
frontend/public/assets/trfmc_v084f_rf_dark_field_discipline.js	325	    ctx.fillStyle="#eaffff";
frontend/public/assets/trfmc_v084f_rf_dark_field_discipline.js	341	    ctx.fillStyle="#fff";
frontend/public/assets/trfmc_v084f_rf_dark_field_discipline.js	386	    ctx.fillStyle="#42f56f";
frontend/public/assets/trfmc_v084f_rf_dark_field_discipline.js	392	      ctx.fillStyle="#eaffff";
frontend/public/assets/trfmc_v084f_rf_dark_field_discipline.js	401	    ctx.fillStyle="#42f56f";
frontend/public/assets/trfmc_infrastructure_visual_upgrade_v63b.css	8	    #020713 !important;
frontend/public/assets/trfmc_infrastructure_visual_upgrade_v63b.css	35	    linear-gradient(180deg, rgba(14,45,70,.92), rgba(4,10,24,.98) 62%, #01050d 100%) !important;
frontend/public/assets/trfmc_infrastructure_visual_upgrade_v63b.css	104	  background: linear-gradient(#8ff0ff,#214c5e);
frontend/public/assets/trfmc_infrastructure_visual_upgrade_v63b.css	133	  background: linear-gradient(#d9fbff 0%, #8ff0ff 20%, #42f56f 100%);
frontend/public/assets/trfmc_infrastructure_visual_upgrade_v63b.css	175	  background: linear-gradient(90deg, transparent, #8ff0ff, transparent);
frontend/public/assets/trfmc_infrastructure_visual_upgrade_v63b.css	266	    linear-gradient(90deg, rgba(143,240,255,.05), #8ff0ff, rgba(143,240,255,.08));
frontend/public/assets/trfmc_infrastructure_visual_upgrade_v63b.css	280	    linear-gradient(90deg, rgba(66,245,111,.10), #42f56f, rgba(66,245,111,.06));
frontend/public/assets/trfmc_infrastructure_visual_upgrade_v63b.css	296	  background: #8ff0ff;
frontend/public/assets/trfmc_infrastructure_visual_upgrade_v63b.css	305	  background: #42f56f;
frontend/public/assets/trfmc_infrastructure_visual_upgrade_v63b.css	364	  color: #8ff0ff;
frontend/public/assets/trfmc_enterprise_shell_v34.js	33	      .replaceAll("'", "&#39;");
frontend/public/assets/trfmc_v081a_vegetation_surgical.js	14	    qs("#heroLoss").textContent = p.loss.toFixed(1) + " dB";
frontend/public/assets/trfmc_v081a_vegetation_surgical.js	15	    qs("#lossVal").textContent = p.loss.toFixed(1) + " dB";
frontend/public/assets/trfmc_v081a_vegetation_surgical.js	16	    qs("#seasonVal").textContent = p.factor;
frontend/public/assets/trfmc_v081a_vegetation_surgical.js	17	    qs("#contractVal").textContent = p.contract;
frontend/public/assets/trfmc_v081a_vegetation_surgical.js	18	    qs("#riskVal").textContent = p.risk;
frontend/public/assets/trfmc_v081a_vegetation_surgical.js	19	    qs("#heroMode").textContent = p.mode;
frontend/public/assets/trfmc_v081a_vegetation_surgical.js	20	    qs("#sceneCaption").textContent = p.cap;
frontend/public/assets/trfmc_v081a_vegetation_surgical.js	21	    qs("#eventBus").innerHTML = "<b>AI RF Copilot</b><p>" + p.cap + " · attenuation model refreshed.</p>";
frontend/public/assets/trfmc_v081a_vegetation_surgical.js	26	    const scene = qs("#rfScene");
frontend/public/assets/trfmc_v081a_vegetation_surgical.js	31	    const freq = Number(qs("#freq").value);
frontend/public/assets/trfmc_v081a_vegetation_surgical.js	32	    const wet = Number(qs("#wet").value);
frontend/public/assets/trfmc_v081a_vegetation_surgical.js	33	    const density = Number(qs("#density").value);
frontend/public/assets/trfmc_v081a_vegetation_surgical.js	34	    const shadow = Number(qs("#shadow").value);
frontend/public/assets/trfmc_v081a_vegetation_surgical.js	37	    qs("#freqVal").textContent = ghz;
frontend/public/assets/trfmc_v081a_vegetation_surgical.js	38	    qs("#wetVal").textContent = wet + "%";
frontend/public/assets/trfmc_v081a_vegetation_surgical.js	39	    qs("#densityVal").textContent = (0.45 + density/100).toFixed(2) + "x";
frontend/public/assets/trfmc_v081a_vegetation_surgical.js	40	    qs("#shadowVal").textContent = shadow < 35 ? "low" : shadow < 70 ? "medium" : "high";
frontend/public/assets/trfmc_v081a_vegetation_surgical.js	47	    qs("#lossVal").textContent = loss.toFixed(1) + " dB";
frontend/public/assets/trfmc_v081a_vegetation_surgical.js	48	    qs("#heroLoss").textContent = loss.toFixed(1) + " dB";
frontend/public/assets/trfmc_v081a_vegetation_surgical.js	49	    qs("#contractVal").textContent = "-" + Math.round(loss * 1.25) + "%";
frontend/public/assets/trfmc_v081a_vegetation_surgical.js	50	    qs("#riskVal").textContent = loss > 13 ? "HIGH" : loss > 8 ? "MEDIUM" : "LOW";
frontend/public/assets/trfmc_v081a_vegetation_surgical.js	59	    ["#freq","#wet","#density","#shadow"].forEach(id => {
frontend/public/assets/trfmc_v081a_vegetation_surgical.js	63	    qs("#windBtn").addEventListener("click", () => document.body.classList.toggle("wind"));
frontend/public/assets/trfmc_v081a_vegetation_surgical.js	64	    qs("#focusBtn").addEventListener("click", () => document.body.classList.toggle("focus"));
frontend/public/assets/trfmc_unified_cockpit_shell_v51r7.css	9	  --v51r7-cyan: #67e8f9;
frontend/public/assets/trfmc_unified_cockpit_shell_v51r7.css	10	  --v51r7-green: #86efac;
frontend/public/assets/trfmc_unified_cockpit_shell_v51r7.css	11	  --v51r7-text: #e8f7ff;
frontend/public/assets/trfmc_unified_cockpit_shell_v51r7.css	12	  --v51r7-muted: #9fb8ca;
frontend/public/assets/trfmc_unified_cockpit_shell_v51r7.css	22	#root {
frontend/public/assets/trfmc_unified_cockpit_shell_v51r7.css	33	    linear-gradient(180deg, #020812 0%, #020617 48%, #00040a 100%) !important;
frontend/public/assets/trfmc_unified_cockpit_shell_v51r7.css	38	  #root,
frontend/public/assets/trfmc_unified_cockpit_shell_v51r7.css	67	body.trfmc-v51r7-unified #trfmc-v51r7-single-cockpit {
frontend/public/assets/trfmc_unified_cockpit_shell_v51r7.css	82	body.trfmc-v51r7-unified #trfmc-v51r7-single-cockpit > * {
frontend/public/assets/trfmc_unified_cockpit_shell_v51r7.css	186	body.trfmc-v51r7-unified #trfmc-v51r3-matrix-host,
frontend/public/assets/trfmc_unified_cockpit_shell_v51r7.css	187	body.trfmc-v51r7-unified #trfmc-v51r3-mini {
frontend/public/assets/trfmc_unified_cockpit_shell_v51r7.css	199	  body.trfmc-v51r7-unified #trfmc-v51r7-single-cockpit {
frontend/public/assets/trfmc_field_telemetry_v65.css	3	.v65-head h2{margin:0;color:#8ff0ff;letter-spacing:1px}.v65-head p{margin:8px 0 0;color:rgba(223,248,255,.72);line-height:1.45}
frontend/public/assets/trfmc_field_telemetry_v65.css	4	.v65-pill{border:1px solid rgba(66,245,111,.35);color:#42f56f;border-radius:999px;padding:9px 14px;background:rgba(66,245,111,.08);white-space:nowrap}
frontend/public/assets/trfmc_field_telemetry_v65.css	6	.v65-card h3{margin:0 0 12px;color:#8ff0ff}.v65-kpis{display:grid;grid-template-columns:repeat(2,1fr);gap:8px}
frontend/public/assets/trfmc_field_telemetry_v65.css	8	.v65-kpis span{display:block;color:rgba(223,248,255,.55);font-size:10px}.v65-kpis b{display:block;color:#42f56f;margin-top:5px;font-size:18px}
frontend/public/assets/trfmc_field_telemetry_v65.css	9	.v65-flow,.v65-fault{display:grid;gap:8px}.v65-flow b{color:#42f56f}.v65-fault b{color:#8ff0ff}
frontend/public/assets/trfmc_field_telemetry_v65.css	10	.v65-actions{display:flex;gap:10px;flex-wrap:wrap;margin-top:16px}.v65-actions a{text-decoration:none;border:1px solid rgba(143,240,255,.24);color:#8ff0ff;background:rgba(143,240,255,.065);border-radius:999px;padding:10p
frontend/public/assets/trfmc_field_telemetry_v65.css	11	.v65-actions a:hover{border-color:rgba(66,245,111,.42);color:#42f56f}
frontend/public/assets/trfmc_visual_dependency_hygiene_v73a.css	14	  --v73a-cyan: #8ff0ff;
frontend/public/assets/trfmc_visual_dependency_hygiene_v73a.css	15	  --v73a-green: #42f56f;
frontend/public/assets/trfmc_visual_dependency_hygiene_v73a.css	16	  --v73a-bg: #020713;
frontend/public/assets/trfmc_executive_evidence_overlay_v42.css	29	  color: #58d6f9;
frontend/public/assets/trfmc_executive_evidence_overlay_v42.css	37	  color: #8da4b3;
frontend/public/assets/trfmc_executive_evidence_overlay_v42.css	46	  color: #3fb950;
frontend/public/assets/trfmc_executive_evidence_overlay_v42.css	93	  color: #8da4b3;
frontend/public/assets/trfmc_executive_evidence_overlay_v42.css	102	  color: #58d6f9;
frontend/public/assets/trfmc_executive_evidence_overlay_v42.css	116	.v42-status-tile.good b { color: #3fb950; }
frontend/public/assets/trfmc_executive_evidence_overlay_v42.css	117	.v42-status-tile.warn b { color: #d29922; }
frontend/public/assets/trfmc_executive_evidence_overlay_v42.css	118	.v42-status-tile.critical b { color: #ff4d6d; }
frontend/public/assets/trfmc_executive_evidence_overlay_v42.css	130	  color: #58d6f9;
frontend/public/assets/trfmc_executive_evidence_overlay_v42.css	141	  color: #3fb950;
frontend/public/assets/trfmc_executive_evidence_overlay_v42.css	172	  color: #58d6f9;
frontend/public/assets/trfmc_executive_evidence_overlay_v42.css	180	  color: #8da4b3;
frontend/public/assets/trfmc_executive_evidence_overlay_v42.css	191	  color: #3fb950;
frontend/public/assets/trfmc_v086c_r1_portal_registry.js	176	      "'":"&#039;"
frontend/public/assets/trfmc_executive_holographic_globe_v57.css	4	  --v57-cyan: #9af3ff;
frontend/public/assets/trfmc_executive_holographic_globe_v57.css	5	  --v57-green: #4dff7a;
frontend/public/assets/trfmc_executive_holographic_globe_v57.css	6	  --v57-violet: #b69cff;
frontend/public/assets/trfmc_executive_holographic_globe_v57.css	99	.v57-holo-node.n3 { left: 178px; top: 188px; background: #fbbf24; box-shadow: 0 0 20px rgba(251,191,36,.70); }
frontend/public/assets/trfmc_rf_propagation_visual_upgrade_v62b.css	8	    #020713 !important;
frontend/public/assets/trfmc_rf_propagation_visual_upgrade_v62b.css	36	    linear-gradient(180deg, rgba(18,58,86,.92), rgba(4,10,24,.98) 62%, #01050d 100%) !important;
frontend/public/assets/trfmc_rf_propagation_visual_upgrade_v62b.css	118	  background: linear-gradient(#8ff0ff, #42f56f);
frontend/public/assets/trfmc_rf_propagation_visual_upgrade_v62b.css	182	  color: #8ff0ff;
frontend/public/assets/trfmc_rf_propagation_visual_upgrade_v62b.css	188	  color: #42f56f;
frontend/public/assets/trfmc_rf_propagation_visual_upgrade_v62b.css	192	.v62b-floating-label.l-shadow { right: 10%; bottom: 38%; color: #fbbf24; }
frontend/public/assets/trfmc_v084e_rf_instrument_truth_view.js	170	    bg.addColorStop(0,"#041525");
frontend/public/assets/trfmc_v084e_rf_instrument_truth_view.js	171	    bg.addColorStop(.55,"#020b18");
frontend/public/assets/trfmc_v084e_rf_instrument_truth_view.js	172	    bg.addColorStop(1,"#01030a");
frontend/public/assets/trfmc_v084e_rf_instrument_truth_view.js	317	    ctx.fillStyle="#eaffff";
frontend/public/assets/trfmc_v084e_rf_instrument_truth_view.js	333	    ctx.fillStyle="#fff";
frontend/public/assets/trfmc_v084e_rf_instrument_truth_view.js	378	    ctx.fillStyle="#42f56f";
frontend/public/assets/trfmc_v084e_rf_instrument_truth_view.js	384	      ctx.fillStyle="#eaffff";
frontend/public/assets/trfmc_v084e_rf_instrument_truth_view.js	393	    ctx.fillStyle="#42f56f";
frontend/public/assets/trfmc_v084i_rf_vector_cartography.css	2	  --bg:#01040b;
frontend/public/assets/trfmc_v084i_rf_vector_cartography.css	3	  --panel:#061425d8;
frontend/public/assets/trfmc_v084i_rf_vector_cartography.css	4	  --panel2:#082034cc;
frontend/public/assets/trfmc_v084i_rf_vector_cartography.css	5	  --cyan:#8ff0ff;
frontend/public/assets/trfmc_v084i_rf_vector_cartography.css	6	  --green:#42f56f;
frontend/public/assets/trfmc_v084i_rf_vector_cartography.css	7	  --amber:#fbbf24;
frontend/public/assets/trfmc_v084i_rf_vector_cartography.css	8	  --red:#ff3b5c;
frontend/public/assets/trfmc_v084i_rf_vector_cartography.css	9	  --blue:#2ea7ff;
frontend/public/assets/trfmc_v084i_rf_vector_cartography.css	10	  --text:#eafcff;
frontend/public/assets/trfmc_v084i_rf_vector_cartography.css	22	    linear-gradient(180deg,#020713,#01030a 84%);
frontend/public/assets/trfmc_v084i_rf_vector_cartography.css	55	  background:radial-gradient(circle at 32% 28%,#fff,var(--cyan) 32%,#13445a 64%,#01050b);
frontend/public/assets/trfmc_v084i_rf_vector_cartography.css	74	  color:#02120d;
frontend/public/assets/trfmc_v084i_rf_vector_cartography.css	136	input[type=range]{width:100%;accent-color:#0ff}
frontend/public/assets/trfmc_v084i_rf_vector_cartography.css	152	.excellent{background:#b9fff0}.good{background:var(--green)}.edge{background:var(--amber)}.weak{background:var(--blue)}.critical{background:var(--red)}
frontend/public/assets/trfmc_v084i_rf_vector_cartography.css	171	.kpi b{display:block;margin-top:6px;font-size:16px;color:#eaffff}
frontend/public/assets/trfmc_v084i_rf_vector_cartography.css	175	#fieldCanvas{display:block;width:100%;height:650px;background:#01050d}
frontend/public/assets/trfmc_v084i_rf_vector_cartography.css	267	  --df-bg:#01030a;
frontend/public/assets/trfmc_v084i_rf_vector_cartography.css	268	  --df-panel:#061425;
frontend/public/assets/trfmc_v084i_rf_vector_cartography.css	269	  --df-cyan:#8ff0ff;
frontend/public/assets/trfmc_v084i_rf_vector_cartography.css	270	  --df-green:#42f56f;
frontend/public/assets/trfmc_v084i_rf_vector_cartography.css	271	  --df-amber:#fbbf24;
frontend/public/assets/trfmc_v084i_rf_vector_cartography.css	272	  --df-red:#ff3b5c;
frontend/public/assets/trfmc_v084i_rf_vector_cartography.css	273	  --df-blue:#2ea7ff;
frontend/public/assets/trfmc_v084i_rf_vector_cartography.css	295	body.v84f-dark-field #fieldCanvas {
frontend/public/assets/trfmc_v084i_rf_vector_cartography.css	296	  background:#01040b !important;
frontend/public/assets/trfmc_v084i_rf_vector_cartography.css	369	  --tg-bg:#01040b;
frontend/public/assets/trfmc_v084i_rf_vector_cartography.css	370	  --tg-cyan:#8ff0ff;
frontend/public/assets/trfmc_v084i_rf_vector_cartography.css	371	  --tg-green:#42f56f;
frontend/public/assets/trfmc_v084i_rf_vector_cartography.css	372	  --tg-amber:#fbbf24;
frontend/public/assets/trfmc_v084i_rf_vector_cartography.css	373	  --tg-red:#ff3b5c;
frontend/public/assets/trfmc_v084i_rf_vector_cartography.css	374	  --tg-blue:#2ea7ff;
frontend/public/assets/trfmc_v084i_rf_vector_cartography.css	375	  --tg-violet:#8b5cf6;
frontend/public/assets/trfmc_v084i_rf_vector_cartography.css	393	body.v84g-topographic #fieldCanvas {
frontend/public/assets/trfmc_v084i_rf_vector_cartography.css	450	  --atlas-bg:#01040b;
frontend/public/assets/trfmc_v084i_rf_vector_cartography.css	451	  --atlas-cyan:#8ff0ff;
frontend/public/assets/trfmc_v084i_rf_vector_cartography.css	452	  --atlas-green:#42f56f;
frontend/public/assets/trfmc_v084i_rf_vector_cartography.css	453	  --atlas-amber:#fbbf24;
frontend/public/assets/trfmc_v084i_rf_vector_cartography.css	454	  --atlas-red:#ff3b5c;
frontend/public/assets/trfmc_v084i_rf_vector_cartography.css	455	  --atlas-blue:#2ea7ff;
frontend/public/assets/trfmc_v084i_rf_vector_cartography.css	456	  --atlas-ink:#061426;
frontend/public/assets/trfmc_v084i_rf_vector_cartography.css	481	body.v84h-atlas #fieldCanvas {
frontend/public/assets/trfmc_v084i_rf_vector_cartography.css	572	  --vc-bg:#01040b;
frontend/public/assets/trfmc_v084i_rf_vector_cartography.css	573	  --vc-cyan:#8ff0ff;
frontend/public/assets/trfmc_v084i_rf_vector_cartography.css	574	  --vc-green:#42f56f;
frontend/public/assets/trfmc_v084i_rf_vector_cartography.css	575	  --vc-amber:#fbbf24;
frontend/public/assets/trfmc_v084i_rf_vector_cartography.css	576	  --vc-red:#ff3b5c;
frontend/public/assets/trfmc_v084i_rf_vector_cartography.css	577	  --vc-blue:#2ea7ff;
frontend/public/assets/trfmc_v084i_rf_vector_cartography.css	599	body.v84i-vector #fieldCanvas {
frontend/public/assets/trfmc_executive_release_milestone_v50.js	85	    a.href = "#v50_master";
frontend/public/assets/trfmc_design_system/trfmc_visual_master_v1.css	2	  --vm-bg:#02060d;
frontend/public/assets/trfmc_design_system/trfmc_visual_master_v1.css	3	  --vm-bg2:#061827;
frontend/public/assets/trfmc_design_system/trfmc_visual_master_v1.css	6	  --vm-line:#0c7fb8;
frontend/public/assets/trfmc_design_system/trfmc_visual_master_v1.css	7	  --vm-line2:#00e5ff;
frontend/public/assets/trfmc_design_system/trfmc_visual_master_v1.css	8	  --vm-text:#e9fbff;
frontend/public/assets/trfmc_design_system/trfmc_visual_master_v1.css	9	  --vm-muted:#8fb8c8;
frontend/public/assets/trfmc_design_system/trfmc_visual_master_v1.css	10	  --vm-green:#75ff5b;
frontend/public/assets/trfmc_design_system/trfmc_visual_master_v1.css	11	  --vm-yellow:#ffd84d;
frontend/public/assets/trfmc_design_system/trfmc_visual_master_v1.css	12	  --vm-red:#ff3d7f;
frontend/public/assets/trfmc_design_system/trfmc_visual_master_v1.css	13	  --vm-blue:#1e9cff;
frontend/public/assets/trfmc_design_system/trfmc_visual_master_v1.css	14	  --vm-violet:#9b7cff;
frontend/public/assets/trfmc_design_system/trfmc_visual_master_v1.css	26	    linear-gradient(180deg,#02060d,#010409 70%);
frontend/public/assets/trfmc_design_system/trfmc_visual_master_v1.css	144	  background:#03101a;
frontend/public/assets/trfmc_design_system/trfmc_visual_master_v1.css	203	#vmWebgl{
frontend/public/assets/trfmc_design_system/trfmc_visual_master_v1.css	246	  background:#010409;
frontend/public/assets/trfmc_design_system/trfmc_design_tokens.css	2	  --trfmc-bg:#02070d;
frontend/public/assets/trfmc_design_system/trfmc_design_tokens.css	3	  --trfmc-bg-2:#061827;
frontend/public/assets/trfmc_design_system/trfmc_design_tokens.css	4	  --trfmc-panel:#071827;
frontend/public/assets/trfmc_design_system/trfmc_design_tokens.css	5	  --trfmc-panel-2:#092033;
frontend/public/assets/trfmc_design_system/trfmc_design_tokens.css	6	  --trfmc-line:#0b75a8;
frontend/public/assets/trfmc_design_system/trfmc_design_tokens.css	7	  --trfmc-line-soft:#0b3f5f;
frontend/public/assets/trfmc_design_system/trfmc_design_tokens.css	8	  --trfmc-cyan:#00e5ff;
frontend/public/assets/trfmc_design_system/trfmc_design_tokens.css	9	  --trfmc-green:#75ff5b;
frontend/public/assets/trfmc_design_system/trfmc_design_tokens.css	10	  --trfmc-yellow:#ffd84d;
frontend/public/assets/trfmc_design_system/trfmc_design_tokens.css	11	  --trfmc-red:#ff3d7f;
frontend/public/assets/trfmc_design_system/trfmc_design_tokens.css	12	  --trfmc-blue:#1e9cff;
frontend/public/assets/trfmc_design_system/trfmc_design_tokens.css	13	  --trfmc-text:#e8f9ff;
frontend/public/assets/trfmc_design_system/trfmc_design_tokens.css	14	  --trfmc-muted:#8bb7c9;
frontend/public/assets/trfmc_design_system/trfmc_design_tokens.css	24	    linear-gradient(180deg,#02070d,#010409 70%);
frontend/public/assets/trfmc_design_system/trfmc_design_tokens.css	32	  background:linear-gradient(90deg,#04101b,#06243a);
frontend/public/assets/trfmc_design_system/trfmc_design_tokens.css	78	  background:#03101a;
frontend/public/assets/trfmc_design_system/trfmc_design_tokens.css	88	  background:#06243a;
frontend/public/assets/trfmc_design_system/trfmc_design_tokens.css	95	.trfmc-btn:hover{background:#08324f}
frontend/public/assets/trfmc_design_system/trfmc_leaf_master_v1.css	2	  --leaf-bg:#02060d;
frontend/public/assets/trfmc_design_system/trfmc_leaf_master_v1.css	3	  --leaf-bg2:#061827;
frontend/public/assets/trfmc_design_system/trfmc_leaf_master_v1.css	6	  --leaf-line:#0c7fb8;
frontend/public/assets/trfmc_design_system/trfmc_leaf_master_v1.css	7	  --leaf-cyan:#00e5ff;
frontend/public/assets/trfmc_design_system/trfmc_leaf_master_v1.css	8	  --leaf-green:#75ff5b;
frontend/public/assets/trfmc_design_system/trfmc_leaf_master_v1.css	9	  --leaf-yellow:#ffd84d;
frontend/public/assets/trfmc_design_system/trfmc_leaf_master_v1.css	10	  --leaf-red:#ff3d7f;
frontend/public/assets/trfmc_design_system/trfmc_leaf_master_v1.css	11	  --leaf-blue:#1e9cff;
frontend/public/assets/trfmc_design_system/trfmc_leaf_master_v1.css	12	  --leaf-violet:#9b7cff;
frontend/public/assets/trfmc_design_system/trfmc_leaf_master_v1.css	13	  --leaf-text:#e9fbff;
frontend/public/assets/trfmc_design_system/trfmc_leaf_master_v1.css	14	  --leaf-muted:#8fb8c8;
frontend/public/assets/trfmc_design_system/trfmc_leaf_master_v1.css	24	    linear-gradient(180deg,#02060d,#010409 72%);
frontend/public/assets/trfmc_design_system/trfmc_leaf_master_v1.css	172	  background:#010409;
frontend/public/assets/trfmc_design_system/trfmc_leaf_master_v1.css	174	  color:#dffaff;
frontend/public/assets/trfmc_v086d_r1_noiframe_route_console.js	167	      "'":"&#039;"
frontend/public/assets/trfmc_rf_pro_signal_intelligence/trfmc_rf_pro_signal_intelligence_v2.css	2	  --rf2-bg:#010409;
frontend/public/assets/trfmc_rf_pro_signal_intelligence/trfmc_rf_pro_signal_intelligence_v2.css	3	  --rf2-cyan:#00e5ff;
frontend/public/assets/trfmc_rf_pro_signal_intelligence/trfmc_rf_pro_signal_intelligence_v2.css	4	  --rf2-green:#75ff5b;
frontend/public/assets/trfmc_rf_pro_signal_intelligence/trfmc_rf_pro_signal_intelligence_v2.css	5	  --rf2-yellow:#ffd84d;
frontend/public/assets/trfmc_rf_pro_signal_intelligence/trfmc_rf_pro_signal_intelligence_v2.css	6	  --rf2-red:#ff3d7f;
frontend/public/assets/trfmc_rf_pro_signal_intelligence/trfmc_rf_pro_signal_intelligence_v2.css	7	  --rf2-text:#dffaff;
frontend/public/assets/trfmc_rf_pro_signal_intelligence/trfmc_rf_pro_signal_intelligence_v2.css	8	  --rf2-muted:#8fb8c8;
frontend/public/assets/trfmc_rf_pro_signal_intelligence/trfmc_rf_pro_signal_intelligence_v2.css	18	    linear-gradient(145deg,#020812,#010409 62%,#000);
frontend/public/assets/trfmc_rf_pro_signal_intelligence/trfmc_rf_pro_signal_intelligence_v2.css	115	  background:#020812;
frontend/public/assets/trfmc_rf_pro_signal_intelligence/trfmc_rf_pro_signal_intelligence_v2.css	141	  background:#010409;
frontend/public/assets/trfmc_rf_pro_signal_intelligence/trfmc_rf_pro_signal_intelligence_v2.js	23	    g.addColorStop(0,"#061827");
frontend/public/assets/trfmc_rf_pro_signal_intelligence/trfmc_rf_pro_signal_intelligence_v2.js	24	    g.addColorStop(1,"#010409");
frontend/public/assets/trfmc_rf_pro_signal_intelligence/trfmc_rf_pro_signal_intelligence_v2.js	41	    ctx.fillStyle = color || "#8fb8c8";
frontend/public/assets/trfmc_rf_pro_signal_intelligence/trfmc_rf_pro_signal_intelligence_v2.js	53	    ctx.strokeStyle = "#00e5ff";
frontend/public/assets/trfmc_rf_pro_signal_intelligence/trfmc_rf_pro_signal_intelligence_v2.js	75	    label(ctx,dpr,`VSA · ${metrics.profile.toUpperCase()} · CENTER ${metrics.centerMHz} MHz · SPAN ${metrics.spanMHz} MHz`,10*dpr,18*dpr,"#dffaff");
frontend/public/assets/trfmc_rf_pro_signal_intelligence/trfmc_rf_pro_signal_intelligence_v2.js	76	    label(ctx,dpr,`SNR ${metrics.snr} dB · EVM ${metrics.evm}% · ACLR ${metrics.aclr} dB · OBW ${metrics.obw} MHz`,10*dpr,h-12*dpr,"#75ff5b");
frontend/public/assets/trfmc_rf_pro_signal_intelligence/trfmc_rf_pro_signal_intelligence_v2.js	101	    label(ctx,dpr,"PERSISTENT WATERFALL · OCCUPANCY MEMORY",10*dpr,18*dpr,"#dffaff");
frontend/public/assets/trfmc_rf_pro_signal_intelligence/trfmc_rf_pro_signal_intelligence_v2.js	124	    label(ctx,dpr,`I/Q CONSTELLATION · ${metrics.profile.toUpperCase()} · EVM ${metrics.evm}%`,10*dpr,18*dpr,"#8fb8c8");
frontend/public/assets/trfmc_rf_pro_signal_intelligence/trfmc_rf_pro_signal_intelligence_v2.js	136	      label(ctx,dpr,`CH${l+1}`,10*dpr,y+3*dpr,"#8fb8c8");
frontend/public/assets/trfmc_rf_pro_signal_intelligence/trfmc_rf_pro_signal_intelligence_v2.js	153	    label(ctx,dpr,"FHSS HOPSET / BURST INTELLIGENCE TIMELINE",10*dpr,18*dpr,"#dffaff");
frontend/public/assets/trfmc_rf_pro_signal_intelligence/trfmc_rf_pro_signal_intelligence_v2.js	165	    ctx.strokeStyle="#ffd84d";
frontend/public/assets/trfmc_rf_pro_signal_intelligence/trfmc_rf_pro_signal_intelligence_v2.js	175	    label(ctx,dpr,"SPECTRAL MASK · ADJACENT CHANNEL WATCH",10*dpr,18*dpr,"#dffaff");
frontend/public/assets/trfmc_rf_pro_signal_intelligence/trfmc_rf_pro_signal_intelligence_v2.js	176	    label(ctx,dpr,"red zones = adjacent risk bands",10*dpr,h-12*dpr,"#ff3d7f");
frontend/public/assets/trfmc_rf_pro_signal_intelligence/trfmc_rf_pro_signal_intelligence_v2.js	194	      ctx.fillStyle = i%2 ? "#75ff5b" : "#dffaff";
frontend/public/assets/trfmc_rf_pro_signal_intelligence/trfmc_rf_pro_signal_intelligence_v1.css	8	  --rfp-bg:#010409;
frontend/public/assets/trfmc_rf_pro_signal_intelligence/trfmc_rf_pro_signal_intelligence_v1.css	10	  --rfp-cyan:#00e5ff;
frontend/public/assets/trfmc_rf_pro_signal_intelligence/trfmc_rf_pro_signal_intelligence_v1.css	11	  --rfp-green:#75ff5b;
frontend/public/assets/trfmc_rf_pro_signal_intelligence/trfmc_rf_pro_signal_intelligence_v1.css	12	  --rfp-warn:#ffd84d;
frontend/public/assets/trfmc_rf_pro_signal_intelligence/trfmc_rf_pro_signal_intelligence_v1.css	13	  --rfp-red:#ff3d7f;
frontend/public/assets/trfmc_rf_pro_signal_intelligence/trfmc_rf_pro_signal_intelligence_v1.css	14	  --rfp-text:#dffaff;
frontend/public/assets/trfmc_rf_pro_signal_intelligence/trfmc_rf_pro_signal_intelligence_v1.css	15	  --rfp-muted:#8fb8c8;
frontend/public/assets/trfmc_rf_pro_signal_intelligence/trfmc_rf_pro_signal_intelligence_v1.css	24	    linear-gradient(145deg,#020812,#010409 60%,#000);
frontend/public/assets/trfmc_rf_pro_signal_intelligence/trfmc_rf_pro_signal_intelligence_v1.css	135	  background:#010409;
frontend/public/assets/trfmc_rf_pro_signal_intelligence/trfmc_rf_pro_signal_intelligence_v3_reality.js	17	    g.addColorStop(0,"#061827");
frontend/public/assets/trfmc_rf_pro_signal_intelligence/trfmc_rf_pro_signal_intelligence_v3_reality.js	18	    g.addColorStop(.55,"#020812");
frontend/public/assets/trfmc_rf_pro_signal_intelligence/trfmc_rf_pro_signal_intelligence_v3_reality.js	19	    g.addColorStop(1,"#010409");
frontend/public/assets/trfmc_rf_pro_signal_intelligence/trfmc_rf_pro_signal_intelligence_v3_reality.js	32	    ctx.fillStyle=color || "#8fb8c8";
frontend/public/assets/trfmc_rf_pro_signal_intelligence/trfmc_rf_pro_signal_intelligence_v3_reality.js	116	    label(ctx,dpr,"RF REALITY SCENE · emitter → antenna → DSP → evidence",18*dpr,24*dpr,"#dffaff",11*dpr);
frontend/public/assets/trfmc_rf_pro_signal_intelligence/trfmc_rf_pro_signal_intelligence_v3_reality.js	117	    label(ctx,dpr,`${String(metrics.profile||"").toUpperCase()} · SNR ${metrics.snr} dB · anomaly ${metrics.anomaly}`,18*dpr,h-18*dpr,"#75ff5b",10*dpr);
frontend/public/assets/trfmc_rf_pro_signal_intelligence/trfmc_rf_pro_signal_intelligence_v3_reality.js	140	    ctx.strokeStyle="#00e5ff";
frontend/public/assets/trfmc_rf_pro_signal_intelligence/trfmc_rf_pro_signal_intelligence_v3_reality.js	160	      ctx.strokeStyle=idx===0?"#ffd84d":"#75ff5b";
frontend/public/assets/trfmc_rf_pro_signal_intelligence/trfmc_rf_pro_signal_intelligence_v3_reality.js	166	    label(ctx,dpr,`REALITY VSA · ${String(metrics.profile||"").toUpperCase()} · CENTER ${metrics.centerMHz} MHz · SPAN ${metrics.spanMHz} MHz · RBW ${metrics.rbwKHz} kHz`,12*dpr,18*dpr,"#dffaff",10*dpr);
frontend/public/assets/trfmc_rf_pro_signal_intelligence/trfmc_rf_pro_signal_intelligence_v3_reality.js	167	    label(ctx,dpr,`detector ${metrics.detector} · max hold ${metrics.maxHold ? "ON":"OFF"} · ACLR ${metrics.aclr} dB · OBW ${metrics.obw} MHz`,12*dpr,h-12*dpr,"#75ff5b",10*dpr);
frontend/public/assets/trfmc_rf_pro_signal_intelligence/trfmc_rf_pro_signal_intelligence_v3_reality.js	188	    label(ctx,dpr,"DENSE PERSISTENT WATERFALL · spectral memory",12*dpr,18*dpr,"#dffaff",10*dpr);
frontend/public/assets/trfmc_rf_pro_signal_intelligence/trfmc_rf_pro_signal_intelligence_v3_reality.js	213	    label(ctx,dpr,`I/Q CLOUD · EVM ${metrics.evm}% · phase/CFO synthetic`,12*dpr,18*dpr,"#dffaff",10*dpr);
frontend/public/assets/trfmc_rf_pro_signal_intelligence/trfmc_rf_pro_signal_intelligence_v3_reality.js	224	      label(ctx,dpr,`H${String(l+1).padStart(2,"0")}`,8*dpr,y+3*dpr,"#8fb8c8",8*dpr);
frontend/public/assets/trfmc_rf_pro_signal_intelligence/trfmc_rf_pro_signal_intelligence_v3_reality.js	236	    label(ctx,dpr,`HOP INTELLIGENCE · occupancy ${metrics.occupancy}% · anomaly ${metrics.anomaly}`,12*dpr,18*dpr,"#dffaff",10*dpr);
frontend/public/assets/trfmc_rf_pro_signal_intelligence/trfmc_rf_pro_signal_intelligence_v3_reality.css	2	  --r3-bg:#010409;
frontend/public/assets/trfmc_rf_pro_signal_intelligence/trfmc_rf_pro_signal_intelligence_v3_reality.css	4	  --r3-cyan:#00e5ff;
frontend/public/assets/trfmc_rf_pro_signal_intelligence/trfmc_rf_pro_signal_intelligence_v3_reality.css	5	  --r3-green:#75ff5b;
frontend/public/assets/trfmc_rf_pro_signal_intelligence/trfmc_rf_pro_signal_intelligence_v3_reality.css	6	  --r3-yellow:#ffd84d;
frontend/public/assets/trfmc_rf_pro_signal_intelligence/trfmc_rf_pro_signal_intelligence_v3_reality.css	7	  --r3-red:#ff3d7f;
frontend/public/assets/trfmc_rf_pro_signal_intelligence/trfmc_rf_pro_signal_intelligence_v3_reality.css	8	  --r3-text:#e8fbff;
frontend/public/assets/trfmc_rf_pro_signal_intelligence/trfmc_rf_pro_signal_intelligence_v3_reality.css	9	  --r3-muted:#8fb8c8;
frontend/public/assets/trfmc_rf_pro_signal_intelligence/trfmc_rf_pro_signal_intelligence_v3_reality.css	19	    linear-gradient(145deg,#020812,#010409 58%,#000);
frontend/public/assets/trfmc_rf_pro_signal_intelligence/trfmc_rf_pro_signal_intelligence_v3_reality.css	124	  background:#020812;
frontend/public/assets/trfmc_rf_pro_signal_intelligence/trfmc_rf_pro_signal_intelligence_v3_reality.css	137	  background:#010409;
frontend/public/assets/trfmc_rf_pro_signal_intelligence/trfmc_rf_pro_signal_intelligence_v1.js	36	    g.addColorStop(0,"#061827");
frontend/public/assets/trfmc_rf_pro_signal_intelligence/trfmc_rf_pro_signal_intelligence_v1.js	37	    g.addColorStop(1,"#010409");
frontend/public/assets/trfmc_rf_pro_signal_intelligence/trfmc_rf_pro_signal_intelligence_v1.js	43	    ctx.fillStyle = color || "#8fb8c8";
frontend/public/assets/trfmc_rf_pro_signal_intelligence/trfmc_rf_pro_signal_intelligence_v1.js	54	    ctx.strokeStyle = "#00e5ff";
frontend/public/assets/trfmc_rf_pro_signal_intelligence/trfmc_rf_pro_signal_intelligence_v1.js	82	    text(ctx,dpr,"SPECTRUM · SYNTHETIC RF SCENE · FFT/RBW/OBW/ACLR",10*dpr,18*dpr,"#8fb8c8");
frontend/public/assets/trfmc_rf_pro_signal_intelligence/trfmc_rf_pro_signal_intelligence_v1.js	83	    text(ctx,dpr,"RBW 30 kHz · Span 40 MHz · Noise floor -92 dBm",10*dpr,h-12*dpr,"#75ff5b");
frontend/public/assets/trfmc_rf_pro_signal_intelligence/trfmc_rf_pro_signal_intelligence_v1.js	112	    text(ctx,dpr,"WATERFALL · HOP/BURST OCCUPANCY MAP",10*dpr,18*dpr,"#dffaff");
frontend/public/assets/trfmc_rf_pro_signal_intelligence/trfmc_rf_pro_signal_intelligence_v1.js	139	    text(ctx,dpr,"I/Q CONSTELLATION · QPSK SYNTHETIC · EVM TRACE",10*dpr,18*dpr,"#8fb8c8");
frontend/public/assets/trfmc_rf_pro_signal_intelligence/trfmc_rf_pro_signal_intelligence_v1.js	140	    text(ctx,dpr,"EVM 2.8% · CFO compensated · phase noise synthetic",10*dpr,h-12*dpr,"#75ff5b");
frontend/public/assets/trfmc_rf_pro_signal_intelligence/trfmc_rf_pro_signal_intelligence_v1.js	153	      text(ctx,dpr,`CH${l+1}`,10*dpr,y+3*dpr,"#8fb8c8");
frontend/public/assets/trfmc_rf_pro_signal_intelligence/trfmc_rf_pro_signal_intelligence_v1.js	167	    text(ctx,dpr,"FHSS / BURST TIMELINE · LAB-SYNTHETIC HOP SEQUENCE",10*dpr,18*dpr,"#dffaff");
frontend/public/assets/trfmc_rf_pro_signal_intelligence/trfmc_rf_pro_signal_intelligence_v1.js	174	    ctx.fillStyle="#00e5ff";
frontend/public/assets/trfmc_rf_pro_signal_intelligence/trfmc_rf_pro_signal_intelligence_v1.js	186	      ctx.fillStyle=i%2?"#75ff5b":"#dffaff";
frontend/public/assets/trfmc_rf_pro_signal_intelligence/trfmc_rf_pro_signal_intelligence_v4_instrument.css	2	  --i4-bg:#000307;
frontend/public/assets/trfmc_rf_pro_signal_intelligence/trfmc_rf_pro_signal_intelligence_v4_instrument.css	5	  --i4-cyan:#00e5ff;
frontend/public/assets/trfmc_rf_pro_signal_intelligence/trfmc_rf_pro_signal_intelligence_v4_instrument.css	6	  --i4-green:#75ff5b;
frontend/public/assets/trfmc_rf_pro_signal_intelligence/trfmc_rf_pro_signal_intelligence_v4_instrument.css	7	  --i4-yellow:#ffd84d;
frontend/public/assets/trfmc_rf_pro_signal_intelligence/trfmc_rf_pro_signal_intelligence_v4_instrument.css	8	  --i4-red:#ff3d7f;
frontend/public/assets/trfmc_rf_pro_signal_intelligence/trfmc_rf_pro_signal_intelligence_v4_instrument.css	9	  --i4-text:#e8fbff;
frontend/public/assets/trfmc_rf_pro_signal_intelligence/trfmc_rf_pro_signal_intelligence_v4_instrument.css	10	  --i4-muted:#8fb8c8;
frontend/public/assets/trfmc_rf_pro_signal_intelligence/trfmc_rf_pro_signal_intelligence_v4_instrument.css	20	    linear-gradient(150deg,#020812,#000307 62%,#000);
frontend/public/assets/trfmc_rf_pro_signal_intelligence/trfmc_rf_pro_signal_intelligence_v4_instrument.css	137	  background:#01060b;
frontend/public/assets/trfmc_rf_pro_signal_intelligence/trfmc_rf_pro_signal_intelligence_v4_instrument.css	156	  background:#000307;
frontend/public/assets/trfmc_rf_pro_signal_intelligence/trfmc_rf_pro_signal_intelligence_v4_instrument.css	177	  background:#020812;
frontend/public/assets/trfmc_rf_pro_signal_intelligence/trfmc_rf_pro_signal_intelligence_v4_instrument.js	17	    g.addColorStop(0,"#061827");g.addColorStop(.55,"#020812");g.addColorStop(1,"#000307");
frontend/public/assets/trfmc_rf_pro_signal_intelligence/trfmc_rf_pro_signal_intelligence_v4_instrument.js	29	    ctx.fillStyle=color||"#8fb8c8";
frontend/public/assets/trfmc_rf_pro_signal_intelligence/trfmc_rf_pro_signal_intelligence_v4_instrument.js	56	    ctx.strokeStyle="#00e5ff";
frontend/public/assets/trfmc_rf_pro_signal_intelligence/trfmc_rf_pro_signal_intelligence_v4_instrument.js	68	      ctx.strokeStyle=i===0?"#ffd84d":"#75ff5b";
frontend/public/assets/trfmc_rf_pro_signal_intelligence/trfmc_rf_pro_signal_intelligence_v4_instrument.js	74	    label(ctx,dpr,`VSA REALITY · ${String(m.profile||"").toUpperCase()} · CF ${m.centerMHz} MHz · SPAN ${m.spanMHz} MHz · RBW ${m.rbwKHz} kHz`,12*dpr,18*dpr,"#e8fbff",10*dpr);
frontend/public/assets/trfmc_rf_pro_signal_intelligence/trfmc_rf_pro_signal_intelligence_v4_instrument.js	75	    label(ctx,dpr,`det ${m.detector} · max hold ${m.maxHold?"ON":"OFF"} · ACLR ${m.aclr} dB · OBW ${m.obw} MHz`,12*dpr,h-12*dpr,"#75ff5b",9*dpr);
frontend/public/assets/trfmc_rf_pro_signal_intelligence/trfmc_rf_pro_signal_intelligence_v4_instrument.js	95	    label(ctx,dpr,"DENSE RF WATERFALL · persistence texture · burst memory",10*dpr,18*dpr,"#e8fbff",9*dpr);
frontend/public/assets/trfmc_rf_pro_signal_intelligence/trfmc_rf_pro_signal_intelligence_v4_instrument.js	115	    label(ctx,dpr,`I/Q CLOUD · EVM ${m.evm}%`,10*dpr,18*dpr,"#e8fbff",9*dpr);
frontend/public/assets/trfmc_rf_pro_signal_intelligence/trfmc_rf_pro_signal_intelligence_v4_instrument.js	126	      label(ctx,dpr,`H${String(l+1).padStart(2,"0")}`,8*dpr,y+2*dpr,"#8fb8c8",8*dpr);
frontend/public/assets/trfmc_rf_pro_signal_intelligence/trfmc_rf_pro_signal_intelligence_v4_instrument.js	136	    label(ctx,dpr,`HOP INTELLIGENCE · anomaly ${m.anomaly}`,10*dpr,18*dpr,"#e8fbff",9*dpr);
frontend/public/assets/trfmc_emergency_layout_rescue_v51r5.css	20	  --v51r5-cyan: #67e8f9;
frontend/public/assets/trfmc_emergency_layout_rescue_v51r5.css	21	  --v51r5-green: #86efac;
frontend/public/assets/trfmc_emergency_layout_rescue_v51r5.css	22	  --v51r5-text: #e8f7ff;
frontend/public/assets/trfmc_emergency_layout_rescue_v51r5.css	23	  --v51r5-muted: #9db6c9;
frontend/public/assets/trfmc_emergency_layout_rescue_v51r5.css	28	#root {
frontend/public/assets/trfmc_emergency_layout_rescue_v51r5.css	39	    linear-gradient(180deg, #020812 0%, #020617 48%, #00040a 100%) !important;
frontend/public/assets/trfmc_emergency_layout_rescue_v51r5.css	55	  #root,
frontend/public/assets/trfmc_emergency_layout_rescue_v51r5.css	223	body.trfmc-v51r5-rescue-active #trfmc-v51r3-matrix-host,
frontend/public/assets/trfmc_emergency_layout_rescue_v51r5.css	224	body.trfmc-v51r5-rescue-active #trfmc-v51r3-mini {
frontend/public/assets/trfmc_emergency_layout_rescue_v51r5.css	266	    #root,
frontend/public/assets/trfmc_v086e_theory_spine.css	7	    linear-gradient(135deg,#020711,#031323 56%,#01050d);
frontend/public/assets/trfmc_v086e_theory_spine.css	8	  color:#e8faff;
frontend/public/assets/trfmc_v086e_theory_spine.css	67	  background:radial-gradient(circle at 35% 28%, #ffffff 0 7%, #8ff0ff 8% 32%, #116980 64%, #020711 100%);
frontend/public/assets/trfmc_v086e_theory_spine.css	85	  color:#8ff0ff;
frontend/public/assets/trfmc_v086e_theory_spine.css	95	  color:#021006;
frontend/public/assets/trfmc_v086e_theory_spine.css	96	  background:linear-gradient(135deg,#8ff0ff,#42f56f);
frontend/public/assets/trfmc_v086e_theory_spine.css	111	  color:#42f56f;
frontend/public/assets/trfmc_v086e_theory_spine.css	134	  color:#42f56f;
frontend/public/assets/trfmc_v086e_theory_spine.css	173	  color:#42f56f;
frontend/public/assets/trfmc_v086e_theory_spine.css	210	  color:#42f56f;
frontend/public/assets/trfmc_v086e_theory_spine.css	226	  color:#8ff0ff;
frontend/public/assets/trfmc_v086e_theory_spine.css	243	  color:#42f56f;
frontend/public/assets/trfmc_v086e_theory_spine.css	254	  background:#020913;
frontend/public/assets/trfmc_v086e_theory_spine.css	255	  color:#e8faff;
frontend/public/assets/trfmc_v086e_theory_spine.css	292	  color:#42f56f;
frontend/public/assets/trfmc_v086e_theory_spine.css	311	  background:#03101c;
frontend/public/assets/trfmc_v086e_theory_spine.css	312	  color:#8ff0ff;
frontend/public/assets/trfmc_v086e_theory_spine.css	340	[data-trfmc-page="theory-spine-v86e"] .ts86-p0{color:#021006;background:#42f56f}
frontend/public/assets/trfmc_v086e_theory_spine.css	341	[data-trfmc-page="theory-spine-v86e"] .ts86-p1{color:#8ff0ff;border:1px solid #8ff0ff}
frontend/public/assets/trfmc_v086e_theory_spine.css	342	[data-trfmc-page="theory-spine-v86e"] .ts86-p2{color:#fbbf24;border:1px solid #fbbf24}
frontend/public/assets/trfmc_v086e_theory_spine.css	343	[data-trfmc-page="theory-spine-v86e"] .ts86-p3{color:#ff8a3d;border:1px solid #ff8a3d}
frontend/public/assets/trfmc_v086e_theory_spine.css	344	[data-trfmc-page="theory-spine-v86e"] .ts86-p4{color:#ff3b5c;border:1px solid #ff3b5c}
frontend/public/assets/trfmc_v086e_theory_spine.css	356	  color:#42f56f;
frontend/public/assets/trfmc_v086e_theory_spine.css	380	  color:#dfffea;
frontend/public/assets/trfmc_v086e_theory_spine.css	396	  color:#42f56f;
frontend/public/assets/trfmc_v086e_theory_spine.css	400	  color:#8ff0ff;
frontend/public/assets/trfmc_v087e_home_promotion_gate.css	4	  background:#01040b;
frontend/public/assets/trfmc_v087e_home_promotion_gate.css	5	  color:#e8faff;
frontend/public/assets/trfmc_v087e_home_promotion_gate.css	18	    linear-gradient(135deg,#01040b,#031827 55%,#01040a);
frontend/public/assets/trfmc_v087e_home_promotion_gate.css	83	  background:radial-gradient(circle at 35% 28%,#fff 0 7%,#8ff0ff 8% 32%,#116980 64%,#020711 100%);
frontend/public/assets/trfmc_v087e_home_promotion_gate.css	101	  color:#8ff0ff;
frontend/public/assets/trfmc_v087e_home_promotion_gate.css	112	  color:#021006;
frontend/public/assets/trfmc_v087e_home_promotion_gate.css	113	  background:linear-gradient(135deg,#8ff0ff,#42f56f);
frontend/public/assets/trfmc_v087e_home_promotion_gate.css	128	  color:#42f56f;
frontend/public/assets/trfmc_v087e_home_promotion_gate.css	165	  color:#42f56f;
frontend/public/assets/trfmc_v087e_home_promotion_gate.css	220	  color:#42f56f;
frontend/public/assets/trfmc_v087e_home_promotion_gate.css	241	  color:#8ff0ff;
frontend/public/assets/trfmc_v087e_home_promotion_gate.css	276	  color:#8ff0ff;
frontend/public/assets/trfmc_v087e_home_promotion_gate.css	286	  color:#42f56f;
frontend/public/assets/trfmc_v087e_home_promotion_gate.css	328	  color:#42f56f;
frontend/public/assets/trfmc_v087e_home_promotion_gate.css	355	  color:#42f56f;
frontend/public/assets/trfmc_v087e_home_promotion_gate.css	373	  color:#8ff0ff;
frontend/public/assets/trfmc_v087e_home_promotion_gate.css	384	  color:#42f56f;
frontend/public/assets/trfmc_v087e_home_promotion_gate.css	393	  color:#42f56f;
frontend/public/assets/trfmc_v087e_home_promotion_gate.css	413	  color:#42f56f;
frontend/public/assets/trfmc_v087e_home_promotion_gate.css	420	  color:#e8faff;
frontend/public/assets/trfmc_v087e_home_promotion_gate.css	448	  color:#42f56f;
frontend/public/assets/trfmc_v087e_home_promotion_gate.css	454	  color:#8ff0ff;
frontend/public/assets/trfmc_v087e_home_promotion_gate.css	464	  color:#8ff0ff;
frontend/public/assets/trfmc_gpu_visual_runtime/trfmc_gpu_visual_runtime_v2.css	11	  --trfmc-cyan:#00e5ff;
frontend/public/assets/trfmc_gpu_visual_runtime/trfmc_gpu_visual_runtime_v2.css	12	  --trfmc-green:#75ff5b;
frontend/public/assets/trfmc_gpu_visual_runtime/trfmc_gpu_visual_runtime_v2.css	13	  --trfmc-gold:#ffd84d;
frontend/public/assets/trfmc_gpu_visual_runtime/trfmc_gpu_visual_runtime_v2.css	14	  --trfmc-red:#ff3d7f;
frontend/public/assets/trfmc_gpu_visual_runtime/trfmc_gpu_visual_runtime_v2.css	18	  background:#010409 !important;
frontend/public/assets/trfmc_gpu_visual_runtime/trfmc_gpu_visual_runtime_v2.css	19	  color:#e9fbff;
frontend/public/assets/trfmc_gpu_visual_runtime/trfmc_gpu_visual_runtime_v2.css	40	    linear-gradient(135deg, #010409, #031421 62%, #010409);
frontend/public/assets/trfmc_gpu_visual_runtime/trfmc_gpu_visual_runtime_v2.css	87	  color:#8fb8c8;
frontend/public/assets/trfmc_gpu_visual_runtime/trfmc_gpu_visual_runtime_v2.css	97	  color:#75ff5b;
frontend/public/assets/trfmc_v085b_rf_physics_sapienza_baseline.css	7	  --sap-bg:#01040b;
frontend/public/assets/trfmc_v085b_rf_physics_sapienza_baseline.css	8	  --sap-panel:#061426;
frontend/public/assets/trfmc_v085b_rf_physics_sapienza_baseline.css	9	  --sap-panel2:#071d33;
frontend/public/assets/trfmc_v085b_rf_physics_sapienza_baseline.css	10	  --sap-cyan:#8ff0ff;
frontend/public/assets/trfmc_v085b_rf_physics_sapienza_baseline.css	11	  --sap-green:#42f56f;
frontend/public/assets/trfmc_v085b_rf_physics_sapienza_baseline.css	12	  --sap-amber:#fbbf24;
frontend/public/assets/trfmc_v085b_rf_physics_sapienza_baseline.css	13	  --sap-red:#ff3b5c;
frontend/public/assets/trfmc_v085b_rf_physics_sapienza_baseline.css	14	  --sap-blue:#2ea7ff;
frontend/public/assets/trfmc_v085b_rf_physics_sapienza_baseline.css	15	  --sap-text:#e8faff;
frontend/public/assets/trfmc_v085b_rf_physics_sapienza_baseline.css	19	    linear-gradient(180deg,#01040b,#00030a) !important;
frontend/public/assets/trfmc_v085b_rf_physics_sapienza_baseline.css	137	  color:#021006;
frontend/public/assets/trfmc_v084c_rf_sapienza_console_r2.js	175	    bg.addColorStop(0,"#041525");
frontend/public/assets/trfmc_v084c_rf_sapienza_console_r2.js	176	    bg.addColorStop(.55,"#020b18");
frontend/public/assets/trfmc_v084c_rf_sapienza_console_r2.js	177	    bg.addColorStop(1,"#01030a");
frontend/public/assets/trfmc_v084c_rf_sapienza_console_r2.js	285	    ctx.fillStyle="#eaffff";
frontend/public/assets/trfmc_v084c_rf_sapienza_console_r2.js	301	    ctx.fillStyle="#fff";
frontend/public/assets/trfmc_v084c_rf_sapienza_console_r2.js	345	    ctx.fillStyle="#42f56f";
frontend/public/assets/trfmc_v084c_rf_sapienza_console_r2.js	351	      ctx.fillStyle="#eaffff";
frontend/public/assets/trfmc_v084c_rf_sapienza_console_r2.js	360	    ctx.fillStyle="#42f56f";
frontend/public/assets/trfmc_object_stack_governance_v79.css	4	  --v79-cyan: #8ff0ff;
frontend/public/assets/trfmc_object_stack_governance_v79.css	5	  --v79-green: #42f56f;
frontend/public/assets/trfmc_object_stack_governance_v79.css	6	  --v79-amber: #fbbf24;
frontend/public/assets/trfmc_object_stack_governance_v79.css	7	  --v79-red: #ff3b5c;
frontend/public/assets/trfmc_object_stack_governance_v79.css	177	  color: #031018;
frontend/public/assets/trfmc_v084k_rf_sapienza_layer_director.css	7	  --k-cyan:#8ff0ff;
frontend/public/assets/trfmc_v084k_rf_sapienza_layer_director.css	8	  --k-green:#42f56f;
frontend/public/assets/trfmc_v084k_rf_sapienza_layer_director.css	9	  --k-amber:#fbbf24;
frontend/public/assets/trfmc_v084k_rf_sapienza_layer_director.css	10	  --k-red:#ff3b5c;
frontend/public/assets/trfmc_v084k_rf_sapienza_layer_director.css	11	  --k-panel:#061426;
frontend/public/assets/trfmc_v084k_rf_sapienza_layer_director.css	74	  color:#021006;
frontend/public/assets/trfmc_v084k_rf_sapienza_layer_director.css	75	  background:linear-gradient(90deg,#8ff0ff,#42f56f);
frontend/public/assets/trfmc_v084k_rf_sapienza_layer_director.css	96	body.mode-measure #rf4dOverlayCanvas,
frontend/public/assets/trfmc_v084k_rf_sapienza_layer_director.css	97	body.mode-clean #rf4dOverlayCanvas {
frontend/public/assets/trfmc_v084k_rf_sapienza_layer_director.css	101	body.mode-4d #rf4dOverlayCanvas {
frontend/public/assets/trfmc_v084k_rf_sapienza_layer_director.css	105	body.mode-teach #rf4dOverlayCanvas {
frontend/public/assets/trfmc_executive_final_spatial_calibration_v58.css	4	  --v58-cyan: #8ff0ff;
frontend/public/assets/trfmc_executive_final_spatial_calibration_v58.css	5	  --v58-green: #42f56f;
frontend/public/assets/trfmc_v082c_r2_mission_replay_layout_fix.js	56	    const eventBus = qs("#eventBus");
frontend/public/assets/trfmc_executive_visual_polish_v41.css	4	  --v41-cyan: #58d6f9;
frontend/public/assets/trfmc_executive_visual_polish_v41.css	5	  --v41-blue: #1f6feb;
frontend/public/assets/trfmc_executive_visual_polish_v41.css	6	  --v41-green: #3fb950;
frontend/public/assets/trfmc_executive_visual_polish_v41.css	7	  --v41-amber: #d29922;
frontend/public/assets/trfmc_executive_visual_polish_v41.css	8	  --v41-red: #ff4d6d;
frontend/public/assets/trfmc_executive_visual_polish_v41.css	9	  --v41-violet: #a371f7;
frontend/public/assets/trfmc_executive_visual_polish_v41.css	21	    linear-gradient(135deg, #020914 0%, #061426 42%, #020812 100%) !important;
frontend/public/assets/trfmc_executive_visual_polish_v41.css	157	  color: var(--muted, #8da4b3);
frontend/public/assets/trfmc_executive_visual_polish_v41.css	233	  color: var(--muted, #8da4b3);
frontend/public/assets/trfmc_v087f_route_normalizer.js	44	    const box = $("#routeInspector");
frontend/public/assets/trfmc_v087f_route_normalizer.js	51	    $("#inspectorStatus").textContent = state.ok[r.file] ? "HTTP 200" : "check";
frontend/public/assets/trfmc_v087f_route_normalizer.js	73	    $("#rn87Status").textContent = score >= 95 ? "READY" : (score >= 80 ? "WATCH" : "HOLD");
frontend/public/assets/trfmc_v087f_route_normalizer.js	74	    $("#rn87Score").textContent = score + "%";
frontend/public/assets/trfmc_v087f_route_normalizer.js	75	    $("#rn87ScoreText").textContent = okVisible + "/" + visible.length + " visible routes HTTP 200";
frontend/public/assets/trfmc_v087f_route_normalizer.js	77	    $("#rn87VisibleCount").textContent = visible.length;
frontend/public/assets/trfmc_v087f_route_normalizer.js	78	    $("#rn87EngineeringCount").textContent = engineering.length;
frontend/public/assets/trfmc_v087f_route_normalizer.js	79	    $("#rn87OkCount").textContent = okVisible;
frontend/public/assets/trfmc_v087f_route_normalizer.js	80	    $("#visibleLabel").textContent = visible.length + " visible routes";
frontend/public/assets/trfmc_v087f_route_normalizer.js	82	    $("#visibleRoutes").innerHTML = visible.map(renderCard).join("");
frontend/public/assets/trfmc_v087f_route_normalizer.js	93	    $("#routeTable").innerHTML = visible.map(r => `
frontend/public/assets/trfmc_v087f_route_normalizer.js	106	    $("#engineeringRoutes").innerHTML = engineering.map(r => `
frontend/public/assets/trfmc_v087f_route_normalizer.js	131	      $("#rn87Status").textContent = "ERROR";
frontend/public/assets/trfmc_v087f_route_normalizer.js	132	      $("#rn87Score").textContent = "0%";
frontend/public/assets/trfmc_v087f_route_normalizer.js	133	      $("#routeInspector").textContent = "Errore manifest: " + err.message;
frontend/public/assets/trfmc_instrument_design_system/trfmc_instrument_tokens_v1.css	8	  --trfmc-i-bg:#000307;
frontend/public/assets/trfmc_instrument_design_system/trfmc_instrument_tokens_v1.css	11	  --trfmc-i-cyan:#00e5ff;
frontend/public/assets/trfmc_instrument_design_system/trfmc_instrument_tokens_v1.css	12	  --trfmc-i-green:#75ff5b;
frontend/public/assets/trfmc_instrument_design_system/trfmc_instrument_tokens_v1.css	13	  --trfmc-i-yellow:#ffd84d;
frontend/public/assets/trfmc_instrument_design_system/trfmc_instrument_tokens_v1.css	14	  --trfmc-i-red:#ff3d7f;
frontend/public/assets/trfmc_instrument_design_system/trfmc_instrument_tokens_v1.css	15	  --trfmc-i-blue:#4aa3ff;
frontend/public/assets/trfmc_instrument_design_system/trfmc_instrument_tokens_v1.css	16	  --trfmc-i-text:#e8fbff;
frontend/public/assets/trfmc_instrument_design_system/trfmc_instrument_tokens_v1.css	17	  --trfmc-i-muted:#8fb8c8;
frontend/public/assets/trfmc_instrument_design_system/trfmc_instrument_tokens_v1.css	33	    linear-gradient(145deg,#020812,#000307 62%,#000);
frontend/public/assets/trfmc_instrument_design_system/trfmc_instrument_layout_v1.css	98	  background:#000307;
frontend/public/assets/trfmc_instrument_design_system/trfmc_parametric_3d_engine_v1.js	268	        .trfmc-parametric-stage{position:relative;width:100%;height:100%;min-height:520px;background:#000307;overflow:hidden}
frontend/public/assets/trfmc_v086c_portal_registry.css	3	  background:#01040b;
frontend/public/assets/trfmc_v086c_portal_registry.css	4	  color:#e8faff;
frontend/public/assets/trfmc_v086c_portal_registry.css	13	  --bg:#01040b;
frontend/public/assets/trfmc_v086c_portal_registry.css	14	  --panel:#061426;
frontend/public/assets/trfmc_v086c_portal_registry.css	17	  --cyan:#8ff0ff;
frontend/public/assets/trfmc_v086c_portal_registry.css	18	  --green:#42f56f;
frontend/public/assets/trfmc_v086c_portal_registry.css	19	  --amber:#fbbf24;
frontend/public/assets/trfmc_v086c_portal_registry.css	20	  --red:#ff3b5c;
frontend/public/assets/trfmc_v086c_portal_registry.css	21	  --text:#e8faff;
frontend/public/assets/trfmc_v086c_portal_registry.css	28	    linear-gradient(135deg,#01040b,#04111f 52%,#01040b);
frontend/public/assets/trfmc_v086c_portal_registry.css	57	  background:radial-gradient(circle at 35% 28%, #e8ffff 0 8%, #8ff0ff 9% 34%, #0c5870 65%, #020811 100%);
frontend/public/assets/trfmc_v086c_portal_registry.css	101	  color:#021006;
frontend/public/assets/trfmc_v086c_portal_registry.css	272	  background:#061426;
frontend/public/assets/trfmc_executive_scenario_command_v48.css	52	  color: #58d6f9;
frontend/public/assets/trfmc_executive_scenario_command_v48.css	70	  color: #3fb950;
frontend/public/assets/trfmc_executive_scenario_command_v48.css	111	  color: #58d6f9;
frontend/public/assets/trfmc_executive_scenario_command_v48.css	129	  color: #edf8ff;
frontend/public/assets/trfmc_executive_scenario_command_v48.css	153	  color: #58d6f9;
frontend/public/assets/trfmc_executive_scenario_command_v48.css	160	  color: #3fb950;
frontend/public/assets/trfmc_executive_scenario_command_v48.css	192	  color: #3fb950;
frontend/public/assets/trfmc_executive_scenario_command_v48.css	233	  color: #58d6f9;
frontend/public/assets/trfmc_executive_scenario_command_v48.css	252	  color: #3fb950;
frontend/public/assets/trfmc_executive_scenario_command_v48.css	266	  color: #58d6f9;
frontend/public/assets/trfmc_executive_scenario_command_v48.css	279	  color: #3fb950;
frontend/public/assets/trfmc_executive_scenario_command_v48.css	307	  color: #58d6f9;
frontend/public/assets/trfmc_v087c_cinematic_mission_atlas.js	6	  const canvas = $("#ca87Canvas");
frontend/public/assets/trfmc_v087c_cinematic_mission_atlas.js	99	    const map = $("#ca87Map");
frontend/public/assets/trfmc_v087c_cinematic_mission_atlas.js	131	    const box = $("#ca87SelectedBox");
frontend/public/assets/trfmc_v087c_cinematic_mission_atlas.js	139	    $("#ca87SelectedStatus").textContent = state.ok[r.file] ? "HTTP 200" : "check";
frontend/public/assets/trfmc_v087c_cinematic_mission_atlas.js	166	    $("#ca87DeckCount").textContent = routes.length + " mission routes";
frontend/public/assets/trfmc_v087c_cinematic_mission_atlas.js	168	    $("#ca87Deck").innerHTML = routes.map(r => `
frontend/public/assets/trfmc_v087c_cinematic_mission_atlas.js	177	    $("#ca87EngineeringDeck").innerHTML = (state.manifest.engineering_routes || []).map(r => `
frontend/public/assets/trfmc_v087c_cinematic_mission_atlas.js	204	      $("#ca87Status").textContent = score >= 80 ? "READY" : "WATCH";
frontend/public/assets/trfmc_v087c_cinematic_mission_atlas.js	205	      $("#ca87Score").textContent = score + "%";
frontend/public/assets/trfmc_v087c_cinematic_mission_atlas.js	206	      $("#ca87ScoreText").textContent = okCount + "/" + routes.length + " mission routes HTTP 200";
frontend/public/assets/trfmc_v087c_cinematic_mission_atlas.js	207	      $("#ca87MissionCount").textContent = routes.length;
frontend/public/assets/trfmc_v087c_cinematic_mission_atlas.js	208	      $("#ca87EngCount").textContent = (state.manifest.engineering_routes || []).length;
frontend/public/assets/trfmc_v087c_cinematic_mission_atlas.js	209	      $("#ca87OkCount").textContent = okCount;
frontend/public/assets/trfmc_v087c_cinematic_mission_atlas.js	217	      $("#ca87Status").textContent = "ERROR";
frontend/public/assets/trfmc_v087c_cinematic_mission_atlas.js	218	      $("#ca87Score").textContent = "0%";
frontend/public/assets/trfmc_v087c_cinematic_mission_atlas.js	219	      $("#ca87SelectedBox").textContent = "Errore manifest: " + err.message;
frontend/public/assets/trfmc_v082a_native_webgl_rf_lab.css	2	  --bg:#020713;
frontend/public/assets/trfmc_v082a_native_webgl_rf_lab.css	4	  --cyan:#8ff0ff;
frontend/public/assets/trfmc_v082a_native_webgl_rf_lab.css	5	  --green:#42f56f;
frontend/public/assets/trfmc_v082a_native_webgl_rf_lab.css	6	  --amber:#fbbf24;
frontend/public/assets/trfmc_v082a_native_webgl_rf_lab.css	7	  --red:#ff3b5c;
frontend/public/assets/trfmc_v082a_native_webgl_rf_lab.css	10	  --white:#eaffff;
frontend/public/assets/trfmc_v082a_native_webgl_rf_lab.css	21	    linear-gradient(180deg,#020713 0%,#03101d 52%,#01050d 100%);
frontend/public/assets/trfmc_v082a_native_webgl_rf_lab.css	61	  background:radial-gradient(circle at 34% 28%, #eaffff, #4deaff 32%, #0b2638 72%);
frontend/public/assets/trfmc_v082a_native_webgl_rf_lab.css	79	  color:#031018;
frontend/public/assets/trfmc_v082a_native_webgl_rf_lab.css	111	  color:#dffcff;
frontend/public/assets/trfmc_v082a_native_webgl_rf_lab.css	166	input[type=range]{width:100%;accent-color:#13e7ef}
frontend/public/assets/trfmc_v082a_native_webgl_rf_lab.css	180	.hot{background:#ff3b5c}.mid{background:#fbbf24}.cold{background:#0aa7ff}.void{background:#020611}
frontend/public/assets/trfmc_v082a_native_webgl_rf_lab.css	188	  background:#010714;
frontend/public/assets/trfmc_v082a_native_webgl_rf_lab.css	209	#rfCanvas{
frontend/public/assets/trfmc_v082a_native_webgl_rf_lab.css	229	  background:#eaffff;
frontend/public/assets/trfmc_v082a_native_webgl_rf_lab.css	267	  background:linear-gradient(#b58855,#5c371d);
frontend/public/assets/trfmc_v082a_native_webgl_rf_lab.css	308	body.no-webgl #rfCanvas{display:none}
frontend/public/assets/trfmc_v082a_native_webgl_rf_lab.css	318	.metric strong{display:block;font-size:25px;margin:8px 0;color:#f3fbff}
frontend/public/assets/trfmc_v086d_r1_noiframe_route_console.css	3	  background:#01040b;
frontend/public/assets/trfmc_v086d_r1_noiframe_route_console.css	4	  color:#e8faff;
frontend/public/assets/trfmc_v086d_r1_noiframe_route_console.css	13	  --bg:#01040b;
frontend/public/assets/trfmc_v086d_r1_noiframe_route_console.css	14	  --panel:#061426;
frontend/public/assets/trfmc_v086d_r1_noiframe_route_console.css	17	  --cyan:#8ff0ff;
frontend/public/assets/trfmc_v086d_r1_noiframe_route_console.css	18	  --green:#42f56f;
frontend/public/assets/trfmc_v086d_r1_noiframe_route_console.css	19	  --amber:#fbbf24;
frontend/public/assets/trfmc_v086d_r1_noiframe_route_console.css	20	  --red:#ff3b5c;
frontend/public/assets/trfmc_v086d_r1_noiframe_route_console.css	21	  --text:#e8faff;
frontend/public/assets/trfmc_v086d_r1_noiframe_route_console.css	28	    linear-gradient(135deg,#01040b,#04111f 52%,#01040b);
frontend/public/assets/trfmc_v086d_r1_noiframe_route_console.css	57	  background:radial-gradient(circle at 34% 28%, #e8ffff 0 8%, #8ff0ff 9% 34%, #0c5870 65%, #020811 100%);
frontend/public/assets/trfmc_v086d_r1_noiframe_route_console.css	101	  color:#021006;
frontend/public/assets/trfmc_v083a_rf_physics_calibrated_4d.css	2	  --bg:#020713;
frontend/public/assets/trfmc_v083a_rf_physics_calibrated_4d.css	4	  --cyan:#8ff0ff;
frontend/public/assets/trfmc_v083a_rf_physics_calibrated_4d.css	5	  --green:#42f56f;
frontend/public/assets/trfmc_v083a_rf_physics_calibrated_4d.css	6	  --amber:#fbbf24;
frontend/public/assets/trfmc_v083a_rf_physics_calibrated_4d.css	7	  --red:#ff3b5c;
frontend/public/assets/trfmc_v083a_rf_physics_calibrated_4d.css	8	  --blue:#2ea7ff;
frontend/public/assets/trfmc_v083a_rf_physics_calibrated_4d.css	11	  --white:#eaffff;
frontend/public/assets/trfmc_v083a_rf_physics_calibrated_4d.css	23	    linear-gradient(180deg,#020713 0%,#03101d 52%,#01050d 100%);
frontend/public/assets/trfmc_v083a_rf_physics_calibrated_4d.css	63	  background:radial-gradient(circle at 34% 28%,#eaffff,#4deaff 32%,#0b2638 72%);
frontend/public/assets/trfmc_v083a_rf_physics_calibrated_4d.css	81	  color:#031018;
frontend/public/assets/trfmc_v083a_rf_physics_calibrated_4d.css	108	  color:#e6fdff;
frontend/public/assets/trfmc_v083a_rf_physics_calibrated_4d.css	152	input[type=range]{width:100%;accent-color:#13e7ef}
frontend/public/assets/trfmc_v083a_rf_physics_calibrated_4d.css	159	.excellent{background:#eaffff}.good{background:#42f56f}.edge{background:#fbbf24}.weak{background:#0aa7ff}.outage{background:#020611}
frontend/public/assets/trfmc_v083a_rf_physics_calibrated_4d.css	167	  background:#010714;
frontend/public/assets/trfmc_v083a_rf_physics_calibrated_4d.css	170	#rfCanvas{position:absolute;inset:0;width:100%;height:100%;display:block;z-index:1}
frontend/public/assets/trfmc_v083a_rf_physics_calibrated_4d.css	225	  background:#eaffff;box-shadow:0 0 30px rgba(143,240,255,.90);
frontend/public/assets/trfmc_v083a_rf_physics_calibrated_4d.css	274	.tree::before{content:"";position:absolute;left:14px;bottom:0;width:5px;height:32px;background:linear-gradient(#b58855,#5c371d);border-radius:999px}
frontend/public/assets/trfmc_v083a_rf_physics_calibrated_4d.css	287	  background:#eaffff;
frontend/public/assets/trfmc_v083a_rf_physics_calibrated_4d.css	321	body.no-webgl #rfCanvas{display:none}
frontend/public/assets/trfmc_v083a_rf_physics_calibrated_4d.css	331	.metric strong{display:block;font-size:23px;margin:7px 0;color:#f3fbff}
frontend/public/assets/trfmc_v081c_r2_weissberger_bridge.js	45	    const freqEl = qs("#freq");
frontend/public/assets/trfmc_v081c_r2_weissberger_bridge.js	46	    const wetEl = qs("#wet");
frontend/public/assets/trfmc_v081c_r2_weissberger_bridge.js	47	    const depthEl = qs("#density");
frontend/public/assets/trfmc_v081c_r2_weissberger_bridge.js	48	    const shadowEl = qs("#shadow");
frontend/public/assets/trfmc_v081c_r2_weissberger_bridge.js	70	    const freqVal = qs("#freqVal");
frontend/public/assets/trfmc_v081c_r2_weissberger_bridge.js	71	    const wetVal = qs("#wetVal");
frontend/public/assets/trfmc_v081c_r2_weissberger_bridge.js	72	    const densityVal = qs("#densityVal");
frontend/public/assets/trfmc_v081c_r2_weissberger_bridge.js	73	    const shadowVal = qs("#shadowVal");
frontend/public/assets/trfmc_v081c_r2_weissberger_bridge.js	74	    const heroLoss = qs("#heroLoss");
frontend/public/assets/trfmc_v081c_r2_weissberger_bridge.js	75	    const heroMode = qs("#heroMode");
frontend/public/assets/trfmc_v081c_r2_weissberger_bridge.js	76	    const lossVal = qs("#lossVal");
frontend/public/assets/trfmc_v081c_r2_weissberger_bridge.js	77	    const seasonVal = qs("#seasonVal");
frontend/public/assets/trfmc_v081c_r2_weissberger_bridge.js	78	    const contractVal = qs("#contractVal");
frontend/public/assets/trfmc_v081c_r2_weissberger_bridge.js	79	    const riskVal = qs("#riskVal");
frontend/public/assets/trfmc_v081c_r2_weissberger_bridge.js	80	    const sceneCaption = qs("#sceneCaption");
frontend/public/assets/trfmc_v081c_r2_weissberger_bridge.js	81	    const eventBus = qs("#eventBus");
frontend/public/assets/trfmc_v081c_r2_weissberger_bridge.js	160	    ["#freq","#wet","#density","#shadow"].forEach(sel => {
frontend/public/assets/trfmc_v082c_mission_replay_sector_diagnostics.js	169	    const name = qs("#v82cStepName");
frontend/public/assets/trfmc_v082c_mission_replay_sector_diagnostics.js	170	    const desc = qs("#v82cStepDesc");
frontend/public/assets/trfmc_v082c_mission_replay_sector_diagnostics.js	171	    const bar = qs("#v82cStepBar");
frontend/public/assets/trfmc_v082c_mission_replay_sector_diagnostics.js	180	    const eventBus = qs("#eventBus");
frontend/public/assets/trfmc_v082c_mission_replay_sector_diagnostics.js	188	    const caption = qs("#captionText");
frontend/public/assets/trfmc_v082c_mission_replay_sector_diagnostics.js	195	    const scenarioBtn = qs("#scenarioBtn");
frontend/public/assets/trfmc_v082c_mission_replay_sector_diagnostics.js	203	    const auto = qs("#v82cAuto");
frontend/public/assets/trfmc_v084j_rf_4d_measurement_theater.css	8	  --j-cyan:#8ff0ff;
frontend/public/assets/trfmc_v084j_rf_4d_measurement_theater.css	9	  --j-green:#42f56f;
frontend/public/assets/trfmc_v084j_rf_4d_measurement_theater.css	10	  --j-amber:#fbbf24;
frontend/public/assets/trfmc_v084j_rf_4d_measurement_theater.css	11	  --j-red:#ff3b5c;
frontend/public/assets/trfmc_v084j_rf_4d_measurement_theater.css	12	  --j-blue:#2ea7ff;
frontend/public/assets/trfmc_v084j_rf_4d_measurement_theater.css	13	  --j-bg:#01040b;
frontend/public/assets/trfmc_v084j_rf_4d_measurement_theater.css	51	body.v84j-theater #fieldCanvas {
frontend/public/assets/trfmc_v084j_rf_4d_measurement_theater.css	55	#rf4dOverlayCanvas {
frontend/public/assets/trfmc_v084j_rf_4d_measurement_theater.css	152	  background:#fff;
frontend/public/assets/trfmc_urban_shadowing_v67.css	11	  color:#fbbf24;
frontend/public/assets/trfmc_urban_shadowing_v67.css	25	  color:#fbbf24;
frontend/public/trfmc_supervisor_mission_control_v5.html	9	  --bg:#01060d;--p:#061120;--p2:#081522;--line:#1d6f9f;
frontend/public/trfmc_supervisor_mission_control_v5.html	10	  --text:#eaf3ff;--muted:#86a7c6;--cyan:#00d9ff;--green:#7dff4f;
frontend/public/trfmc_supervisor_mission_control_v5.html	11	  --yellow:#ffd500;--red:#ff3366;
frontend/public/trfmc_supervisor_mission_control_v5.html	14	html,body{margin:0;min-height:100%;background:radial-gradient(circle at 50% 0,rgba(0,217,255,.14),transparent 36%),#01060d;color:var(--text);font:12px Segoe UI,system-ui,sans-serif}
frontend/public/trfmc_supervisor_mission_control_v5.html	15	header{height:62px;background:#050b13;border-bottom:1px solid var(--line);display:flex;align-items:center;justify-content:space-between;padding:0 16px}
frontend/public/trfmc_supervisor_mission_control_v5.html	19	.card{border:1px solid #245b7d;background:linear-gradient(180deg,#061321,#02070f);border-radius:9px;padding:16px}
frontend/public/trfmc_supervisor_mission_control_v5.html	21	.card p{color:#cde7ff;line-height:1.45}
frontend/public/trfmc_supervisor_mission_control_v5.html	23	a.btn{display:inline-block;background:#10233a;color:var(--text);border:1px solid #285d82;border-radius:5px;padding:9px 12px;text-decoration:none;margin:5px 5px 5px 0}
frontend/public/trfmc_supervisor_mission_control_v5.html	24	a.btn:hover{border-color:var(--cyan);background:#145078;box-shadow:inset 3px 0 0 var(--yellow)}
frontend/public/trfmc_supervisor_mission_control_v5.html	25	.warn{border-color:#7a5b13;background:#181204}
frontend/public/trfmc_rf_antenna_theory_engine_v1.html	9	  --bg:#01060d;--panel:#061120;--panel2:#081522;--line:#1d6f9f;
frontend/public/trfmc_rf_antenna_theory_engine_v1.html	10	  --text:#eaf3ff;--muted:#86a7c6;--cyan:#00d9ff;--green:#7dff4f;
frontend/public/trfmc_rf_antenna_theory_engine_v1.html	11	  --yellow:#ffd500;--red:#ff3366;--violet:#c66bff;--orange:#ff9e3d;
frontend/public/trfmc_rf_antenna_theory_engine_v1.html	15	header{height:54px;background:#050b13;border-bottom:1px solid var(--line);display:flex;align-items:center;justify-content:space-between;padding:0 12px}
frontend/public/trfmc_rf_antenna_theory_engine_v1.html	18	button,select,input{background:#10233a;color:var(--text);border:1px solid #285d82;border-radius:4px;padding:6px 8px}
frontend/public/trfmc_rf_antenna_theory_engine_v1.html	20	button:hover{border-color:var(--cyan);background:#145078;box-shadow:inset 3px 0 0 var(--yellow)}
frontend/public/trfmc_rf_antenna_theory_engine_v1.html	22	aside,.work,.dock{border:1px solid #1d5e86;background:#02070f;border-radius:6px;overflow:hidden}
frontend/public/trfmc_rf_antenna_theory_engine_v1.html	23	.title{background:#0a1b2e;border-bottom:1px solid #1d5e86;color:var(--cyan);font-weight:700;padding:7px 8px;text-transform:uppercase}
frontend/public/trfmc_rf_antenna_theory_engine_v1.html	25	.card{border:1px solid #183d58;background:#081522;border-radius:5px;margin-bottom:6px;padding:8px;cursor:pointer}
frontend/public/trfmc_rf_antenna_theory_engine_v1.html	26	.card:hover,.card.active{border-color:var(--yellow);box-shadow:inset 3px 0 0 var(--yellow);background:#10233a}
frontend/public/trfmc_rf_antenna_theory_engine_v1.html	30	.telemetry{display:grid;grid-template-columns:repeat(8,1fr);gap:5px;padding:6px;background:#061120;border-bottom:1px solid #1d5e86}
frontend/public/trfmc_rf_antenna_theory_engine_v1.html	31	.cell{border:1px solid #285d82;background:#081522;border-radius:5px;padding:6px;overflow:hidden}
frontend/public/trfmc_rf_antenna_theory_engine_v1.html	35	.panel{border:1px solid #1d5e86;background:#020914;border-radius:6px;overflow:hidden;position:relative}
frontend/public/trfmc_rf_antenna_theory_engine_v1.html	37	.panel h3{margin:0;padding:7px 8px;color:var(--cyan);background:#071524;border-bottom:1px solid #1d5e86;font-size:12px;text-transform:uppercase}
frontend/public/trfmc_rf_antenna_theory_engine_v1.html	39	.formula{font-family:Consolas,monospace;color:#ffd500;border:1px solid #264c69;background:#050b13;border-radius:5px;padding:7px;margin-bottom:6px}
frontend/public/trfmc_rf_antenna_theory_engine_v1.html	43	.log{height:210px;overflow:auto;border:1px solid #183d58;background:#01060d;border-radius:5px;padding:6px;font-family:Consolas,monospace;font-size:11px}
frontend/public/trfmc_rf_antenna_theory_engine_v1.html	44	.log div{border-bottom:1px solid rgba(255,255,255,.06);padding:3px 0;color:#cde7ff}
frontend/public/trfmc_rf_antenna_theory_engine_v1.html	47	.badge{position:absolute;right:8px;bottom:8px;color:var(--green);border:1px solid #2d7d4d;background:#04110a;border-radius:4px;padding:4px 6px;font-family:Consolas,monospace}
frontend/public/trfmc_rf_antenna_theory_engine_v1.html	243	    ctx.fillStyle="#7dff4f";ctx.font="14px Consolas";ctx.fillText("Random electron motion → voltage/current fluctuations",20,26);
frontend/public/trfmc_rf_antenna_theory_engine_v1.html	244	    ctx.strokeStyle="#00d9ff";ctx.beginPath();for(let x=0;x<w;x++){let y=h/2+Math.sin(x*.05+t)*20+(Math.random()-.5)*34; x?ctx.lineTo(x,y):ctx.moveTo(x,y)}ctx.stroke();
frontend/public/trfmc_rf_antenna_theory_engine_v1.html	245	    ctx.fillStyle="rgba(255,213,0,.15)";ctx.fillRect(30,h-80,w-60,45);ctx.strokeStyle="#ffd500";ctx.strokeRect(30,h-80,w-60,45);
frontend/public/trfmc_rf_antenna_theory_engine_v1.html	246	    ctx.fillStyle="#ffd500";ctx.fillText("Bandwidth window controls how much noise enters the receiver",45,h-52);
frontend/public/trfmc_rf_antenna_theory_engine_v1.html	249	    ctx.fillStyle="#eaf3ff";ctx.fillRect(w/2-8,h/2-40,16,80);ctx.fillStyle="#7dff4f";ctx.fillText("Directional energy concentration",20,30);
frontend/public/trfmc_rf_antenna_theory_engine_v1.html	251	    const pts=64;ctx.fillStyle="#7dff4f";for(let i=0;i<pts;i++){let xi=i%8,yi=Math.floor(i/8);ctx.beginPath();ctx.arc(w/2-140+xi*40+Math.random()*4,h/2-140+yi*40+Math.random()*4,3,0,7);ctx.fill()}
frontend/public/trfmc_rf_antenna_theory_engine_v1.html	252	    ctx.fillStyle="#ffd500";ctx.font="15px Consolas";ctx.fillText("4096-QAM concept: denser constellation → higher SNR requirement",20,28);
frontend/public/trfmc_rf_antenna_theory_engine_v1.html	253	    ctx.strokeStyle="#00d9ff";for(let b=0;b<3;b++){ctx.strokeRect(30+b*160,h-90,130,45);ctx.fillText(["2.4 GHz","5 GHz","6 GHz"][b],55+b*160,h-62)}
frontend/public/trfmc_rf_antenna_theory_engine_v1.html	255	    ctx.strokeStyle="#ff9e3d";ctx.lineWidth=5;let cx=w/2,cy=h/2,s=220;ctx.beginPath();for(let i=0;i<9;i++){ctx.rect(cx-s/2+i*14,cy-s/2+i*14,s-i*28,s-i*28)}ctx.stroke();
frontend/public/trfmc_rf_antenna_theory_engine_v1.html	256	    ctx.fillStyle="#00d9ff";ctx.fillText("13.56 MHz near-field magnetic coupling",20,26);
frontend/public/trfmc_rf_antenna_theory_engine_v1.html	258	    ctx.fillStyle="#ff9e3d";ctx.beginPath();ctx.moveTo(80,h/2-8);for(let x=80;x<w-60;x++){let yy=20+Math.exp((x-80)/(w-140))*7;ctx.lineTo(x,h/2-yy)}ctx.lineTo(w-60,h/2+120);for(let x=w-60;x>=80;x--){let yy=20+Math.exp((x
frontend/public/trfmc_rf_antenna_theory_engine_v1.html	259	    ctx.fillStyle="#7dff4f";ctx.fillText("Tapered slot end-fire wideband aperture",20,26);
frontend/public/trfmc_rf_antenna_theory_engine_v1.html	261	    ctx.strokeStyle="#9fb5c9";ctx.lineWidth=3;ctx.strokeRect(w/2-60,70,120,260);ctx.strokeRect(w/2+130,45,70,320);ctx.beginPath();ctx.moveTo(w/2+165,70);ctx.lineTo(w/2+165,350);ctx.stroke();
frontend/public/trfmc_rf_antenna_theory_engine_v1.html	262	    ctx.fillStyle="#eaf3ff";ctx.fillRect(w/2-35,120,70,40);ctx.fillStyle="#7dff4f";ctx.fillText("PSU",w/2-12,145);ctx.fillText("Tower cabinet / ODU / ODF / grounding / RET",20,26);
frontend/public/trfmc_rf_antenna_theory_engine_v1.html	266	  const [ctx,w,h]=prep("c2");ctx.clearRect(0,0,w,h);grid(ctx,w,h);ctx.strokeStyle="#ffd500";ctx.lineWidth=2;ctx.beginPath();
frontend/public/trfmc_rf_antenna_theory_engine_v1.html	277	  ctx.fillStyle="#7dff4f";ctx.font="13px Consolas";
frontend/public/trfmc_rf_antenna_theory_engine_v1.html	278	  if(current==="noise"){["Antenna","LNA","Mixer/IF","ADC","DSP"].forEach((n,i)=>{ctx.strokeStyle="#00d9ff";ctx.strokeRect(20+i*95,h/2-25,75,50);ctx.fillText(n,28+i*95,h/2+5)})}
frontend/public/trfmc_rf_antenna_theory_engine_v1.html	279	  else if(current==="site"){["AC/DC","PSU","NIU","ODF","RRU","RET"].forEach((n,i)=>{ctx.strokeStyle="#ffd500";ctx.strokeRect(40+i*70,60+i*20,55,35);ctx.fillText(n,48+i*70,84+i*20)})}
frontend/public/trfmc_rf_antenna_theory_engine_v1.html	280	  else{ctx.strokeStyle="#00d9ff";ctx.beginPath();ctx.arc(w/2,h/2,80,0,7);ctx.stroke();ctx.fillText(modules[current].name,w/2-60,h/2)}
frontend/public/trfmc_rf_physics_theory_atlas_v2.html	12	#emField{width:100%;height:100%;display:block;min-height:420px}
frontend/public/trfmc_rf_physics_theory_atlas_v2.html	14	.plotBox{border:1px solid rgba(0,229,255,.27);background:#010409;position:relative;overflow:hidden}
frontend/public/trfmc_rf_physics_theory_atlas_v2.html	15	.plotBox h3{position:absolute;left:10px;top:8px;margin:0;color:#00e5ff;font-size:11px;letter-spacing:1px;z-index:2}
frontend/public/trfmc_rf_physics_theory_atlas_v2.html	17	.control label{display:block;color:#8fb8c8;font-size:10px;text-transform:uppercase;margin:8px 0 4px}
frontend/public/trfmc_rf_physics_theory_atlas_v2.html	18	.control input,.control select{width:100%;background:#03101a;color:#e9fbff;border:1px solid rgba(0,229,255,.35);border-radius:5px;padding:7px;font-size:12px}
frontend/public/trfmc_rf_physics_theory_atlas_v2.html	19	.formulaLive{font-family:ui-monospace,Consolas,monospace;background:#010409;border:1px solid rgba(0,229,255,.22);border-radius:6px;color:#dffaff;padding:8px;font-size:11px;line-height:1.5}
frontend/public/trfmc_rf_physics_theory_atlas_v2.html	20	.value{color:#75ff5b;font-weight:800}
frontend/public/trfmc_rf_physics_theory_atlas_v2.html	212	  ctx.fillStyle="#010409";ctx.fillRect(0,0,w,h);
frontend/public/trfmc_rf_physics_theory_atlas_v2.html	217	  ctx.strokeStyle= type==="time" ? "#75ff5b" : "#00e5ff";
frontend/public/trfmc_core_network_live_ops_bridge_v1.html	8	:root{--bg:#01060d;--p:#061827;--line:#0b75a8;--cyan:#00e5ff;--ok:#75ff5b;--warn:#ffd84d;--bad:#ff3d7f;--txt:#e8f9ff;--muted:#84a8ba}
frontend/public/trfmc_core_network_live_ops_bridge_v1.html	10	html,body{margin:0;height:100%;overflow:hidden;background:radial-gradient(circle at 50% -10%,#07365a,#02070d 42%,#00050a);color:var(--txt);font-family:Inter,Segoe UI,Arial,sans-serif}
frontend/public/trfmc_core_network_live_ops_bridge_v1.html	12	.top,.kpi,.panel{border:1px solid #0b5f8a;background:rgba(3,14,24,.95);box-shadow:0 0 18px rgba(0,160,255,.10)}
frontend/public/trfmc_core_network_live_ops_bridge_v1.html	15	.actions{display:flex;gap:6px;align-items:center}button,select{background:#0b2238;border:1px solid #1175a5;color:var(--txt);border-radius:4px;padding:7px 10px;font-size:12px}
frontend/public/trfmc_core_network_live_ops_bridge_v1.html	18	.kpi{padding:7px 8px}.kpi .l{font-size:9px;color:#80bad0;text-transform:uppercase}.kpi .v{font-size:17px;font-weight:800}.kpi .s{font-size:10px;color:var(--ok)}
frontend/public/trfmc_core_network_live_ops_bridge_v1.html	20	.panel{overflow:hidden}.panel h2{margin:0;padding:8px 10px;border-bottom:1px solid #0b5f8a;color:var(--cyan);font-size:13px;text-transform:uppercase}.body{padding:9px;height:calc(100% - 35px);overflow:auto}
frontend/public/trfmc_core_network_live_ops_bridge_v1.html	21	.viewport{position:relative;border:1px solid #0d6f9e;background:#020b12;min-height:0}#threeRoot{position:absolute;inset:0}
frontend/public/trfmc_core_network_live_ops_bridge_v1.html	22	.overlay{position:absolute;left:10px;top:10px;font-family:monospace;font-size:11px;color:var(--ok);background:rgba(0,0,0,.50);border:1px solid #154e34;padding:6px 8px;z-index:5}
frontend/public/trfmc_core_network_live_ops_bridge_v1.html	23	.card{border:1px solid #104e73;background:#061625;padding:8px;border-radius:4px;margin-bottom:6px}.card h3{margin:0 0 7px;font-size:12px;color:var(--cyan)}
frontend/public/trfmc_core_network_live_ops_bridge_v1.html	24	.table{width:100%;border-collapse:collapse;font-size:11px}.table th,.table td{border-bottom:1px solid #12344c;padding:5px;text-align:left}.table th{color:#83cfff}
frontend/public/trfmc_core_network_live_ops_bridge_v1.html	25	.log{height:310px;background:#02070d;border:1px solid #123f5d;padding:7px;overflow:auto;font-family:monospace;font-size:10px;color:#bcecff}
frontend/public/trfmc_core_network_live_ops_bridge_v1.html	26	.ok{color:var(--ok)}.warn{color:var(--warn)}.bad{color:var(--bad)}.mini{font-family:monospace;font-size:11px;color:#b9eaff;line-height:1.45}
frontend/public/trfmc_collaudo_report.html	10	  background: #050812;
frontend/public/trfmc_collaudo_report.html	11	  color: #eaf2ff;
frontend/public/trfmc_collaudo_report.html	15	  background: linear-gradient(135deg, #10182f, #07101f);
frontend/public/trfmc_collaudo_report.html	19	h2 { margin-top: 32px; color: #9ed0ff; }
frontend/public/trfmc_collaudo_report.html	37	.ok { color: #9cffc7; }
frontend/public/trfmc_collaudo_report.html	38	.warn { color: #ffd37a; }
frontend/public/trfmc_collaudo_report.html	39	.bad { color: #ff8e8e; }
frontend/public/trfmc_collaudo_report.html	54	th { color: #9ed0ff; background: rgba(80,130,220,.14); }
frontend/public/trfmc_collaudo_report.html	60	a { color: #9ed0ff; }
frontend/public/trfmc_collaudo_report.html	73	  <div>Portale ufficiale: <a href="#trfmc-external-ref-blocked" data-trfmc-blocked-href="127.0.0.1:5173">127.0.0.1:5173</a></div>
frontend/public/trfmc_official_safe_entrypoint_v6r3_command_center.html	9	  --bg:#01060d;--p:#061120;--p2:#081522;--p3:#0a1b2e;
frontend/public/trfmc_official_safe_entrypoint_v6r3_command_center.html	10	  --line:#1d6f9f;--cyan:#00d9ff;--green:#7dff4f;--yellow:#ffd500;
frontend/public/trfmc_official_safe_entrypoint_v6r3_command_center.html	11	  --text:#eaf3ff;--muted:#86a7c6;--red:#ff3366;--orange:#ff9e3d;
frontend/public/trfmc_official_safe_entrypoint_v6r3_command_center.html	17	linear-gradient(180deg,#01060d,#020711);color:var(--text);font:12px Segoe UI,system-ui,sans-serif}
frontend/public/trfmc_official_safe_entrypoint_v6r3_command_center.html	18	header{height:66px;background:#050b13;border-bottom:1px solid var(--line);display:grid;grid-template-columns:350px 1fr 500px;gap:8px;align-items:center;padding:0 10px}
frontend/public/trfmc_official_safe_entrypoint_v6r3_command_center.html	23	.tile{border:1px solid #245b7d;background:linear-gradient(180deg,#09223a,#06111f);border-radius:5px;padding:5px;min-width:0}
frontend/public/trfmc_official_safe_entrypoint_v6r3_command_center.html	26	button,a.btn{background:#10233a;color:var(--text);border:1px solid #285d82;border-radius:4px;padding:6px 8px;text-decoration:none;cursor:pointer;font-size:10px;text-transform:uppercase}
frontend/public/trfmc_official_safe_entrypoint_v6r3_command_center.html	27	button:hover,a.btn:hover{border-color:var(--cyan);background:#145078;box-shadow:inset 3px 0 0 var(--yellow)}
frontend/public/trfmc_official_safe_entrypoint_v6r3_command_center.html	30	aside,.stage,.dock{border:1px solid var(--line);background:linear-gradient(180deg,#061321,#02070f);border-radius:8px;overflow:hidden;box-shadow:0 0 30px rgba(0,217,255,.07)}
frontend/public/trfmc_official_safe_entrypoint_v6r3_command_center.html	31	.title{background:#0a1b2e;border-bottom:1px solid #1d5e86;color:var(--cyan);font-weight:700;padding:7px 8px;text-transform:uppercase;font-size:11px}
frontend/public/trfmc_official_safe_entrypoint_v6r3_command_center.html	33	.module{border:1px solid #214a68;background:#081522;border-radius:7px;margin-bottom:6px;padding:8px;cursor:pointer;display:grid;grid-template-columns:45px 1fr;gap:8px;align-items:center}
frontend/public/trfmc_official_safe_entrypoint_v6r3_command_center.html	34	.module:hover,.module.active{border-color:var(--yellow);background:#10233a;box-shadow:inset 4px 0 0 var(--yellow)}
frontend/public/trfmc_official_safe_entrypoint_v6r3_command_center.html	35	.ico{height:40px;border:1px solid #285d82;border-radius:6px;display:grid;place-items:center;color:var(--cyan);font-size:20px;background:#04111e;font-weight:800}
frontend/public/trfmc_official_safe_entrypoint_v6r3_command_center.html	39	.stagebar{height:46px;background:#071524;border-bottom:1px solid #1d5e86;display:grid;grid-template-columns:1fr auto;align-items:center;padding:0 8px;gap:8px}
frontend/public/trfmc_official_safe_entrypoint_v6r3_command_center.html	42	iframe{width:100%;height:100%;border:0;background:#02070f;display:block}
frontend/public/trfmc_official_safe_entrypoint_v6r3_command_center.html	43	.statusbar{border-top:1px solid #1d5e86;background:#061120;display:grid;grid-template-columns:repeat(8,1fr);gap:4px;padding:4px}
frontend/public/trfmc_official_safe_entrypoint_v6r3_command_center.html	44	.s{border-left:1px solid #224e6a;padding-left:7px;color:var(--muted);font:10px Consolas,monospace}
frontend/public/trfmc_official_safe_entrypoint_v6r3_command_center.html	49	.log{height:245px;overflow:auto;border:1px solid #183d58;background:#01060d;border-radius:5px;padding:6px;font:11px Consolas,monospace}
frontend/public/trfmc_official_safe_entrypoint_v6r3_command_center.html	50	.log div{border-bottom:1px solid rgba(255,255,255,.06);padding:3px 0;color:#cde7ff}
frontend/public/trfmc_official_safe_entrypoint_v6r3_command_center.html	51	canvas{width:100%;height:95px;border:1px solid #183d58;background:#01060d;border-radius:5px;margin-top:6px}
frontend/public/trfmc_official_safe_entrypoint_v6r3_command_center.html	204	  x.strokeStyle="#7dff4f";x.beginPath();
frontend/public/portal_index_v19.html	11	      --cyan:#58d6f9;
frontend/public/portal_index_v19.html	12	      --amber:#d29922;
frontend/public/portal_index_v19.html	13	      --red:#ff4d6d;
frontend/public/portal_index_v19.html	14	      --green:#3fb950;
frontend/public/portal_index_v19.html	15	      --text:#edf8ff;
frontend/public/portal_index_v19.html	16	      --muted:#8da4b3;
frontend/public/portal_index_v19.html	25	        linear-gradient(135deg,#020711,#06111d 50%,#02040a);
frontend/public/portal_index_v19.html	129	      color:#e8f6ff;
frontend/public/trfmc_rf_pro_signal_intelligence_lab_v2.html	15	.rf2-evidence h2{color:#00e5ff;font-size:13px;text-transform:uppercase;letter-spacing:.10em}
frontend/public/trfmc_rf_pro_signal_intelligence_lab_v2.html	18	th{color:#00e5ff;background:rgba(0,229,255,.06)}
frontend/public/trfmc_pr200_field_monitoring_receiver_v1.html	9	:root{--bg:#07101f;--panel:#0b1628;--line:#1f6b9a;--text:#eaf3ff;--muted:#8aa7c5;--cyan:#57d5ff;--green:#a7ff69;--amber:#ffd166;--red:#ff5f6d}
frontend/public/trfmc_pr200_field_monitoring_receiver_v1.html	11	body{margin:0;background:radial-gradient(circle at 20% 0%,#123a67,transparent 36%),linear-gradient(180deg,#030812,#07101f);color:var(--text);font-family:Inter,system-ui,Segoe UI,sans-serif}
frontend/public/trfmc_pr200_field_monitoring_receiver_v1.html	12	header{position:sticky;top:0;z-index:10;background:#020711dd;border-bottom:1px solid var(--line);backdrop-filter:blur(16px)}
frontend/public/trfmc_pr200_field_monitoring_receiver_v1.html	17	a,.pill{color:var(--text);text-decoration:none;border:1px solid #2b79aa;background:#ffffff10;border-radius:999px;padding:7px 10px;font-size:11px}
frontend/public/trfmc_pr200_field_monitoring_receiver_v1.html	20	.panel{background:linear-gradient(180deg,#0b1628ee,#050b15f5);border:1px solid #246b96;border-radius:18px;box-shadow:0 18px 60px #0008;padding:12px}
frontend/public/trfmc_pr200_field_monitoring_receiver_v1.html	22	.ctrl{border:1px solid #ffffff18;background:#ffffff08;border-radius:14px;padding:10px;margin-bottom:9px}
frontend/public/trfmc_pr200_field_monitoring_receiver_v1.html	26	select{background:#081326;color:var(--text);border:1px solid #2b79aa;border-radius:10px;padding:8px}
frontend/public/trfmc_pr200_field_monitoring_receiver_v1.html	28	.kpi{background:#ffffff08;border:1px solid #ffffff18;border-radius:12px;padding:8px}
frontend/public/trfmc_pr200_field_monitoring_receiver_v1.html	30	.frame{border:1px solid #246b96;border-radius:16px;overflow:hidden;background:#020812}
frontend/public/trfmc_pr200_field_monitoring_receiver_v1.html	31	.title{display:flex;justify-content:space-between;color:var(--muted);font-size:11px;padding:7px 9px;border-bottom:1px solid #ffffff14}
frontend/public/trfmc_pr200_field_monitoring_receiver_v1.html	32	canvas{width:100%;display:block;background:#06111f}
frontend/public/trfmc_pr200_field_monitoring_receiver_v1.html	33	#main{height:500px}.matrix{display:grid;grid-template-columns:1fr 1fr;gap:9px;margin-top:9px}
frontend/public/trfmc_pr200_field_monitoring_receiver_v1.html	34	#water,#time,#df,#iq{height:210px}
frontend/public/trfmc_pr200_field_monitoring_receiver_v1.html	35	.card{border:1px solid #ffffff18;background:#ffffff08;border-radius:14px;padding:10px;margin-bottom:9px}
frontend/public/trfmc_pr200_field_monitoring_receiver_v1.html	38	button{border:1px solid #2b79aa;background:#ffffff10;color:var(--text);border-radius:10px;padding:8px;cursor:pointer}
frontend/public/trfmc_pr200_field_monitoring_receiver_v1.html	39	button.active{background:#1f6b9a;color:white}
frontend/public/trfmc_pr200_field_monitoring_receiver_v1.html	40	.log{max-height:230px;overflow:auto;font-family:ui-monospace,monospace;font-size:11px;color:#c5daf0}
frontend/public/trfmc_pr200_field_monitoring_receiver_v1.html	41	.log div{border-bottom:1px solid #ffffff14;padding:5px 0}
frontend/public/trfmc_pr200_field_monitoring_receiver_v1.html	124	x.beginPath();for(let i=0;i<w;i++){let n=Math.max(0,Math.min(1,(sig[i]+105)/75)),y=h-45-n*(h-80);i?x.lineTo(i,y):x.moveTo(i,y)}x.strokeStyle="#9dffc7";x.lineWidth=2;x.stroke();
frontend/public/trfmc_pr200_field_monitoring_receiver_v1.html	126	let gx=w*q.gate/100;x.fillStyle="rgba(255,209,102,.13)";x.fillRect(gx-35,0,70,h);x.strokeStyle="#ffd166";x.strokeRect(gx-35,0,70,h);
frontend/public/trfmc_pr200_field_monitoring_receiver_v1.html	127	x.fillStyle="#eaf3ff";x.font="13px system-ui";x.fillText(`Center ${q.cf>=1000?(q.cf/1000).toFixed(3)+" GHz":q.cf+" MHz"}  Span ${q.span} MHz  RBW ${q.rbw} kHz  Att ${q.att} dB`,18,26)}
frontend/public/trfmc_pr200_field_monitoring_receiver_v1.html	129	function timeDom(){let q=p(),x=X.time,w=C.time.width,h=C.time.height;x.clearRect(0,0,w,h);grid(x,w,h);let mid=h/2;x.strokeStyle="#57d5ff";x.lineWidth=2;x.beginPath();for(let i=0;i<w;i++){let y=mid-Math.sin(i*.045+t*.08)*
frontend/public/trfmc_pr200_field_monitoring_receiver_v1.html	130	function df(){let q=p(),x=X.df,w=C.df.width,h=C.df.height,cx=w/2,cy=h/2;x.clearRect(0,0,w,h);grid(x,w,h);x.strokeStyle="rgba(255,255,255,.22)";for(let r=35;r<120;r+=28){x.beginPath();x.arc(cx,cy,r,0,Math.PI*2);x.stroke()
frontend/public/trfmc_pr200_field_monitoring_receiver_v1.html	131	function iq(){let q=p(),x=X.iq,w=C.iq.width,h=C.iq.height,cx=w/2,cy=h/2,s=80;x.clearRect(0,0,w,h);grid(x,w,h);x.strokeStyle="rgba(157,255,199,.18)";x.beginPath();x.moveTo(cx,20);x.lineTo(cx,h-20);x.moveTo(20,cy);x.lineTo
frontend/public/trfmc_antenna_system_explorer_v13_premium.html	9	  --bg:#01070f;--panel:#061120;--panel2:#0a1a2d;--line:#1774a6;--line2:#245b7d;
frontend/public/trfmc_antenna_system_explorer_v13_premium.html	10	  --text:#eaf3ff;--muted:#87a8c6;--cyan:#00d9ff;--green:#7dff4f;
frontend/public/trfmc_antenna_system_explorer_v13_premium.html	11	  --yellow:#ffd500;--red:#ff3366;--blue:#268cff;--orange:#ff9e3d;
frontend/public/trfmc_antenna_system_explorer_v13_premium.html	15	  margin:0;background:#01060d;color:var(--text);
frontend/public/trfmc_antenna_system_explorer_v13_premium.html	19	  height:54px;background:#050b13;border-bottom:1px solid var(--line);
frontend/public/trfmc_antenna_system_explorer_v13_premium.html	25	  color:var(--text);text-decoration:none;border:1px solid #1d6f9f;
frontend/public/trfmc_antenna_system_explorer_v13_premium.html	26	  background:#0a1828;border-radius:4px;padding:6px 9px;cursor:pointer;
frontend/public/trfmc_antenna_system_explorer_v13_premium.html	34	  background:linear-gradient(180deg,#071524,#02070f);
frontend/public/trfmc_antenna_system_explorer_v13_premium.html	35	  border:1px solid #1d5e86;border-radius:6px;overflow:hidden;
frontend/public/trfmc_antenna_system_explorer_v13_premium.html	38	  background:#0a1b2e;border-bottom:1px solid #1d5e86;color:var(--cyan);
frontend/public/trfmc_antenna_system_explorer_v13_premium.html	42	.ctrl{border:1px solid #183d58;background:#081522;border-radius:5px;padding:7px;margin-bottom:7px}
frontend/public/trfmc_antenna_system_explorer_v13_premium.html	46	select{background:#10233a;color:var(--text);border:1px solid #285d82;border-radius:4px;padding:6px}
frontend/public/trfmc_antenna_system_explorer_v13_premium.html	48	  width:100%;background:#10233a;color:var(--text);border:1px solid #285d82;
frontend/public/trfmc_antenna_system_explorer_v13_premium.html	51	button.active,button:hover{background:#145078;border-color:var(--cyan);box-shadow:inset 3px 0 0 var(--yellow)}
frontend/public/trfmc_antenna_system_explorer_v13_premium.html	54	  border:1px solid #0e88bf;background:linear-gradient(90deg,#071626,#0a1828,#071626);
frontend/public/trfmc_antenna_system_explorer_v13_premium.html	58	  background:linear-gradient(180deg,#091b2e,#07111f);border:1px solid #214c6a;
frontend/public/trfmc_antenna_system_explorer_v13_premium.html	68	.frame{background:#02070f;border:1px solid #1d5e86;border-radius:6px;overflow:hidden;position:relative}
frontend/public/trfmc_antenna_system_explorer_v13_premium.html	70	  margin:0;background:#0a1b2e;border-bottom:1px solid #1d5e86;
frontend/public/trfmc_antenna_system_explorer_v13_premium.html	74	#siteFrame{grid-column:1/3}
frontend/public/trfmc_antenna_system_explorer_v13_premium.html	81	  background:#061120d9;border:1px solid #1d5e86;border-radius:5px;padding:5px 8px;
frontend/public/trfmc_antenna_system_explorer_v13_premium.html	86	  border:1px solid #183d58;background:#081522;border-radius:5px;padding:7px;margin-bottom:6px;
frontend/public/trfmc_antenna_system_explorer_v13_premium.html	87	  font-family:ui-monospace,monospace;color:#d3e8ff;
frontend/public/trfmc_antenna_system_explorer_v13_premium.html	91	.log div{border-bottom:1px solid #17344c;padding:4px 0;color:#cde7ff}
frontend/public/trfmc_antenna_system_explorer_v13_premium.html	92	.alarm{border:1px solid #183d58;background:#081522;border-radius:5px;padding:8px;color:var(--green)}
frontend/public/trfmc_antenna_system_explorer_v13_premium.html	99	  #siteFrame{grid-column:auto}
frontend/public/trfmc_antenna_system_explorer_v13_premium.html	114	    <div style="color:#86a7c6;font-size:11px">Panel antenna · RRU/BBU · RET/AISG · MIMO · Port mapping · VSWR · EIRP · Beam · Coverage</div>
frontend/public/trfmc_antenna_system_explorer_v13_premium.html	292	  $("alarm").style.color=alarm?"#ff3366":"#7dff4f";
frontend/public/trfmc_antenna_system_explorer_v13_premium.html	317	  c.strokeStyle="#dcecff";c.lineWidth=3;
frontend/public/trfmc_antenna_system_explorer_v13_premium.html	321	  c.fillStyle="#eaf3ff";c.fillRect(cx-28,cy-65,18,105);c.fillRect(cx+10,cy-65,18,105);
frontend/public/trfmc_antenna_system_explorer_v13_premium.html	322	  c.fillStyle="#9aaec0";c.fillRect(cx-4,cy-55,8,90);
frontend/public/trfmc_antenna_system_explorer_v13_premium.html	373	  c.fillStyle="#ffd500";c.font="13px system-ui";
frontend/public/trfmc_antenna_system_explorer_v13_premium.html	376	  c.fillStyle="#dcecff";c.font="12px system-ui";
frontend/public/trfmc_antenna_system_explorer_v13_premium.html	387	    [["#7dff4f",1],["#ffd500",.55],["#00d9ff",.4]].forEach(([col,scale])=>{
frontend/public/trfmc_antenna_system_explorer_v13_premium.html	398	    c.fillStyle="#eaf3ff";c.fillText(name,ccx-25,h-20);
frontend/public/trfmc_antenna_system_explorer_v13_premium.html	405	    ["P1","Low Band 900","880-960","80","24.0","OK","#ff3366"],
frontend/public/trfmc_antenna_system_explorer_v13_premium.html	406	    ["P2","Mid Band 1800","1710-1880","170","24.0","OK","#ffd500"],
frontend/public/trfmc_antenna_system_explorer_v13_premium.html	407	    ["P3","High Band 2100","1920-2170","250","24.0","OK","#00d9ff"],
frontend/public/trfmc_antenna_system_explorer_v13_premium.html	408	    ["P4","n78 5G","3300-3800","100",p.ptx.toFixed(1),"OK","#7dff4f"],
frontend/public/trfmc_antenna_system_explorer_v13_premium.html	409	    ["P5","n77 5G","3300-4200","900","—","N/A","#555"],
frontend/public/trfmc_antenna_system_explorer_v13_premium.html	410	    ["P6","Wi-Fi 7","5925-7125","320","—","N/A","#c66bff"]
frontend/public/trfmc_antenna_system_explorer_v13_premium.html	412	  c.fillStyle="#86a7c6";["PORT","BAND / SERVICE","FREQ MHz","BW","POWER","STATUS"].forEach((x,i)=>c.fillText(x,28+i*115,30));
frontend/public/trfmc_antenna_system_explorer_v13_premium.html	416	    c.fillStyle="#dcecff";r.slice(0,6).forEach((x,i)=>c.fillText(x,55+i*115,y));
frontend/public/trfmc_antenna_system_explorer_v13_premium.html	422	  c.fillStyle="#dcecff";c.fillText(`RET electrical tilt ${p.tilt.toFixed(1)}° · AISG connected · step 0.1°`,18,24);
frontend/public/trfmc_antenna_system_explorer_v13_premium.html	430	    c.strokeStyle=["#ff3366","#ffd500","#7dff4f","#00d9ff"][idx];c.stroke();
frontend/public/trfmc_antenna_system_explorer_v13_premium.html	444	    c.strokeStyle=["#00d9ff","#7dff4f","#ff3366","#ffd500","#c66bff"][i];
frontend/public/trfmc_antenna_system_explorer_v13_premium.html	447	  c.fillStyle="#dcecff";c.fillText(`${mimoLabel(p.type)} array · beam width ${(65-p.gain).toFixed(0)}° · MU-MIMO vectors`,20,22);
frontend/public/trfmc_engine_promotion_board_v1.html	9	  --bg:#030711;
frontend/public/trfmc_engine_promotion_board_v1.html	12	  --text:#eaf3ff;
frontend/public/trfmc_engine_promotion_board_v1.html	13	  --muted:#94a9c5;
frontend/public/trfmc_engine_promotion_board_v1.html	14	  --cyan:#86d7ff;
frontend/public/trfmc_engine_promotion_board_v1.html	15	  --green:#9dffc7;
frontend/public/trfmc_engine_promotion_board_v1.html	16	  --amber:#ffd37a;
frontend/public/trfmc_engine_promotion_board_v1.html	17	  --violet:#bda7ff;
frontend/public/trfmc_engine_promotion_board_v1.html	25	    linear-gradient(180deg,#030711,#07111f 50%,#030711);
frontend/public/trfmc_engine_promotion_board_v1.html	98	.objects{display:grid;grid-template-columns:repeat(2,1fr);gap:8px;padding-left:18px;color:#cfe1f7}
frontend/public/trfmc_engine_promotion_board_v1.html	112	a{color:#9ed0ff;text-decoration:none}
frontend/public/restore_readiness_console_v22.html	11	      --cyan:#58d6f9;
frontend/public/restore_readiness_console_v22.html	12	      --amber:#d29922;
frontend/public/restore_readiness_console_v22.html	13	      --red:#ff4d6d;
frontend/public/restore_readiness_console_v22.html	14	      --green:#3fb950;
frontend/public/restore_readiness_console_v22.html	15	      --text:#edf8ff;
frontend/public/restore_readiness_console_v22.html	16	      --muted:#8da4b3;
frontend/public/restore_readiness_console_v22.html	25	        linear-gradient(135deg,#020711,#06111d 50%,#02040a);
frontend/public/restore_readiness_console_v22.html	123	      color:#e8f6ff;
frontend/public/trfmc_antenna_rru_ret_cpri_port_mapping_v5_reality_asset.html	11	.v5-viewport{position:relative;min-height:535px;overflow:hidden;background:#010409}
frontend/public/trfmc_antenna_rru_ret_cpri_port_mapping_v5_reality_asset.html	12	#realityCanvas{width:100%;height:100%;display:block;min-height:535px}
frontend/public/trfmc_antenna_rru_ret_cpri_port_mapping_v5_reality_asset.html	14	.plotBox{border:1px solid rgba(0,229,255,.27);background:#010409;position:relative;overflow:hidden}
frontend/public/trfmc_antenna_rru_ret_cpri_port_mapping_v5_reality_asset.html	15	.plotBox h3{position:absolute;left:10px;top:8px;margin:0;color:#00e5ff;font-size:11px;letter-spacing:1px;z-index:2}
frontend/public/trfmc_antenna_rru_ret_cpri_port_mapping_v5_reality_asset.html	17	.control label{display:block;color:#8fb8c8;font-size:10px;text-transform:uppercase;margin:8px 0 4px}
frontend/public/trfmc_antenna_rru_ret_cpri_port_mapping_v5_reality_asset.html	18	.control input,.control select{width:100%;background:#03101a;color:#e9fbff;border:1px solid rgba(0,229,255,.35);border-radius:5px;padding:7px;font-size:12px}
frontend/public/trfmc_antenna_rru_ret_cpri_port_mapping_v5_reality_asset.html	19	.value{color:#75ff5b;font-weight:800}
frontend/public/trfmc_antenna_rru_ret_cpri_port_mapping_v5_reality_asset.html	20	.good{color:#75ff5b}.warn{color:#ffd84d}.bad{color:#ff3d7f}
frontend/public/trfmc_antenna_rru_ret_cpri_port_mapping_v5_reality_asset.html	21	.formulaLive{font-family:ui-monospace,Consolas,monospace;background:#010409;border:1px solid rgba(0,229,255,.22);border-radius:6px;color:#dffaff;padding:8px;font-size:10.4px;line-height:1.48;overflow:auto}
frontend/public/trfmc_antenna_rru_ret_cpri_port_mapping_v5_reality_asset.html	22	.portBadge{display:inline-block;border:1px solid rgba(0,229,255,.28);background:rgba(0,229,255,.06);border-radius:4px;padding:2px 5px;margin:1px;font-size:9px;color:#00e5ff}
frontend/public/trfmc_antenna_rru_ret_cpri_port_mapping_v5_reality_asset.html	23	.micro{font-size:10px;color:#8fb8c8;line-height:1.45}
frontend/public/trfmc_antenna_rru_ret_cpri_port_mapping_v5_reality_asset.html	296	function metalGrad(ctx,x1,y1,x2,y2){const g=ctx.createLinearGradient(x1,y1,x2,y2);g.addColorStop(0,"#4d5960");g.addColorStop(.18,"#dce8ed");g.addColorStop(.44,"#7c8b92");g.addColorStop(.68,"#f2fbff");g.addColorStop(1,"#5
frontend/public/trfmc_antenna_rru_ret_cpri_port_mapping_v5_reality_asset.html	297	function softShadow(ctx,x,y,w,h,alpha){ctx.save();ctx.globalAlpha=alpha;ctx.fillStyle="#000";ctx.beginPath();ctx.ellipse(x,y,w,h,0,0,Math.PI*2);ctx.fill();ctx.restore();}
frontend/public/trfmc_antenna_rru_ret_cpri_port_mapping_v5_reality_asset.html	315	  ctx.fillStyle="#010409";ctx.fillRect(0,0,w,h);
frontend/public/trfmc_antenna_rru_ret_cpri_port_mapping_v5_reality_asset.html	318	  sky.addColorStop(0,"#071a2a"); sky.addColorStop(.52,"#04121f"); sky.addColorStop(1,"#010409");
frontend/public/trfmc_antenna_rru_ret_cpri_port_mapping_v5_reality_asset.html	324	  ctx.fillStyle="#0c3040";
frontend/public/trfmc_antenna_rru_ret_cpri_port_mapping_v5_reality_asset.html	356	    ctx.fillStyle="#1b252a";
frontend/public/trfmc_antenna_rru_ret_cpri_port_mapping_v5_reality_asset.html	369	  ctx.fillStyle="#5d6b70";
frontend/public/trfmc_antenna_rru_ret_cpri_port_mapping_v5_reality_asset.html	373	  pg.addColorStop(0,"#f5fbfc");pg.addColorStop(.28,"#bdc8cc");pg.addColorStop(.55,"#eef7f8");pg.addColorStop(1,"#8fa0a6");
frontend/public/trfmc_antenna_rru_ret_cpri_port_mapping_v5_reality_asset.html	387	  ctx.fillStyle="#2e3b40";roundRect(ctx,cbx,cby,panelW-36*dpr,34*dpr,8*dpr);ctx.fill();
frontend/public/trfmc_antenna_rru_ret_cpri_port_mapping_v5_reality_asset.html	390	    ctx.fillStyle=i%2?"#00e5ff":"#ffd84d";
frontend/public/trfmc_antenna_rru_ret_cpri_port_mapping_v5_reality_asset.html	398	  rg.addColorStop(0,"#e7eef0");rg.addColorStop(.25,"#96a6ab");rg.addColorStop(.58,"#d8e2e5");rg.addColorStop(1,"#65737a");
frontend/public/trfmc_antenna_rru_ret_cpri_port_mapping_v5_reality_asset.html	407	    fg.addColorStop(0,"#55646a");fg.addColorStop(.5,"#f0f6f7");fg.addColorStop(1,"#46545a");
frontend/public/trfmc_antenna_rru_ret_cpri_port_mapping_v5_reality_asset.html	414	  for(let i=0;i<4;i++){ctx.fillStyle=i<3?"#75ff5b":"#ffd84d";ctx.beginPath();ctx.arc(rruX+rruW-17*dpr,rruY+44*dpr+i*10*dpr,2.5*dpr,0,Math.PI*2);ctx.fill();}
frontend/public/trfmc_antenna_rru_ret_cpri_port_mapping_v5_reality_asset.html	421	    ctx.fillStyle="#1b252a";roundRect(ctx,px-5*dpr,bottom-5*dpr,10*dpr,14*dpr,3*dpr);ctx.fill();
frontend/public/trfmc_antenna_rru_ret_cpri_port_mapping_v5_reality_asset.html	422	    ctx.fillStyle=i%2?"#00e5ff":"#ffd84d";
frontend/public/trfmc_antenna_rru_ret_cpri_port_mapping_v5_reality_asset.html	486	  ctx.fillStyle="#00e5ff";ctx.font=(13*dpr)+"px monospace";
frontend/public/trfmc_antenna_rru_ret_cpri_port_mapping_v5_reality_asset.html	488	  ctx.fillStyle="#8fb8c8";ctx.font=(11*dpr)+"px monospace";
frontend/public/trfmc_antenna_rru_ret_cpri_port_mapping_v5_reality_asset.html	494	  ctx.fillStyle="#75ff5b";ctx.font=(11*dpr)+"px monospace";
frontend/public/trfmc_antenna_rru_ret_cpri_port_mapping_v5_reality_asset.html	501	  ctx.fillStyle="#010409";ctx.fillRect(0,0,w,h);
frontend/public/trfmc_antenna_rru_ret_cpri_port_mapping_v5_reality_asset.html	507	  ctx.strokeStyle="#75ff5b";ctx.lineWidth=2*dpr;ctx.beginPath();
frontend/public/trfmc_antenna_rru_ret_cpri_port_mapping_v5_reality_asset.html	524	  ctx.fillStyle="#010409";ctx.fillRect(0,0,w,h);
frontend/public/trfmc_antenna_rru_ret_cpri_port_mapping_v5_reality_asset.html	529	    ctx.fillStyle=i%2?"#00e5ff":"#ffd84d";
frontend/public/trfmc_antenna_rru_ret_cpri_port_mapping_v5_reality_asset.html	531	    ctx.fillStyle="#e9fbff";ctx.font=(10*dpr)+"px monospace";
frontend/public/scenario_report_console_v17.html	11	      --cyan:#58d6f9;
frontend/public/scenario_report_console_v17.html	12	      --amber:#d29922;
frontend/public/scenario_report_console_v17.html	13	      --red:#ff4d6d;
frontend/public/scenario_report_console_v17.html	14	      --green:#3fb950;
frontend/public/scenario_report_console_v17.html	15	      --text:#edf8ff;
frontend/public/scenario_report_console_v17.html	16	      --muted:#8da4b3;
frontend/public/scenario_report_console_v17.html	25	        linear-gradient(135deg,#020711,#06111d 50%,#02040a);
frontend/public/scenario_report_console_v17.html	118	      color:#e8f6ff;
frontend/public/trfmc_rf_metrology_calibration_lab_v1.html	9	  --bg:#01060d;--p:#071827;--p2:#0a2135;--line:#0b75a8;--cyan:#00e5ff;
frontend/public/trfmc_rf_metrology_calibration_lab_v1.html	10	  --ok:#75ff5b;--warn:#ffd84d;--bad:#ff3d7f;--txt:#e8f9ff;--muted:#84a8ba;
frontend/public/trfmc_rf_metrology_calibration_lab_v1.html	11	  --gold:#ffd400;--violet:#b772ff;--blue:#1aa8ff;
frontend/public/trfmc_rf_metrology_calibration_lab_v1.html	14	html,body{margin:0;height:100%;background:radial-gradient(circle at 50% -10%,#07365a 0,#02070d 42%,#00050a 100%);color:var(--txt);font-family:Inter,Segoe UI,Arial,sans-serif;overflow:hidden}
frontend/public/trfmc_rf_metrology_calibration_lab_v1.html	20	.top{display:grid;grid-template-columns:1fr auto;gap:12px;align-items:center;border:1px solid #0b5f8a;background:linear-gradient(180deg,#071827,#020811);padding:9px 12px;box-shadow:0 0 28px rgba(0,180,255,.18)}
frontend/public/trfmc_rf_metrology_calibration_lab_v1.html	24	button,select,input{background:#0b2238;border:1px solid #1175a5;color:var(--txt);border-radius:4px;padding:7px 10px;font-size:12px}
frontend/public/trfmc_rf_metrology_calibration_lab_v1.html	28	.kpi{border:1px solid #0b5f8a;background:linear-gradient(180deg,#092037,#04101b);padding:7px 8px;min-height:82px}
frontend/public/trfmc_rf_metrology_calibration_lab_v1.html	29	.kpi .l{font-size:9px;color:#80bad0;text-transform:uppercase;letter-spacing:.8px}
frontend/public/trfmc_rf_metrology_calibration_lab_v1.html	33	.panel{border:1px solid #0b5f8a;background:rgba(3,14,24,.94);box-shadow:inset 0 0 22px rgba(0,150,255,.06),0 0 16px rgba(0,130,255,.08);overflow:hidden;position:relative}
frontend/public/trfmc_rf_metrology_calibration_lab_v1.html	34	.panel h2{margin:0;padding:8px 10px;border-bottom:1px solid #0b5f8a;color:#00e5ff;font-size:13px;text-transform:uppercase;letter-spacing:.8px;background:#061625}
frontend/public/trfmc_rf_metrology_calibration_lab_v1.html	36	fieldset{border:1px solid #123f5d;border-radius:6px;margin:0 0 8px;padding:8px;background:#061523}
frontend/public/trfmc_rf_metrology_calibration_lab_v1.html	38	.label{font-size:10px;color:#8fc0d2;text-transform:uppercase;margin:10px 0 4px}
frontend/public/trfmc_rf_metrology_calibration_lab_v1.html	43	.card{border:1px solid #104e73;background:#061625;padding:8px;border-radius:4px;margin-bottom:6px}
frontend/public/trfmc_rf_metrology_calibration_lab_v1.html	44	.card h3{margin:0 0 7px;font-size:12px;color:#00e5ff}
frontend/public/trfmc_rf_metrology_calibration_lab_v1.html	45	.formula{font-family:Cambria,serif;font-size:17px;color:#fff;background:#061523;border:1px solid #174e73;padding:8px;margin:6px 0;border-radius:4px}
frontend/public/trfmc_rf_metrology_calibration_lab_v1.html	46	.mini{font-family:monospace;font-size:11px;color:#b9eaff;line-height:1.45}
frontend/public/trfmc_rf_metrology_calibration_lab_v1.html	49	.table th,.table td{border-bottom:1px solid #12344c;padding:5px;text-align:left}
frontend/public/trfmc_rf_metrology_calibration_lab_v1.html	50	.table th{color:#83cfff}
frontend/public/trfmc_rf_metrology_calibration_lab_v1.html	51	.bar{height:8px;background:#082035;border:1px solid #11496a;margin-top:4px}
frontend/public/trfmc_rf_metrology_calibration_lab_v1.html	52	.bar i{display:block;height:100%;background:linear-gradient(90deg,#12e1ff,#75ff5b)}
frontend/public/trfmc_rf_metrology_calibration_lab_v1.html	54	.canvasBox{height:285px;border:1px solid #0d6f9e;background:#020b12;position:relative;margin-bottom:6px}
frontend/public/trfmc_rf_metrology_calibration_lab_v1.html	55	.overlay{position:absolute;left:8px;top:8px;font-family:monospace;font-size:11px;color:var(--ok);background:rgba(0,0,0,.38);border:1px solid #154e34;padding:5px 7px}
frontend/public/trfmc_rf_metrology_calibration_lab_v1.html	56	.log{height:245px;background:#02070d;border:1px solid #123f5d;padding:7px;overflow:auto;font-family:monospace;font-size:10px;color:#bcecff}
frontend/public/trfmc_rf_metrology_calibration_lab_v1.html	57	.modeCard{display:grid;grid-template-columns:1fr auto;align-items:center;gap:6px;border:1px solid #104e73;background:#061625;padding:8px;margin-bottom:6px;border-radius:4px}
frontend/public/trfmc_rf_metrology_calibration_lab_v1.html	58	.modeCard b{color:#00e5ff}
frontend/public/trfmc_rf_metrology_calibration_lab_v1.html	60	.badge{display:inline-block;border:1px solid #1c7ba8;background:#092238;padding:3px 6px;border-radius:4px;margin:2px;font-size:10px}
frontend/public/trfmc_rf_metrology_calibration_lab_v1.html	438	  x.fillStyle="#020b12"; x.fillRect(0,0,w,h);
frontend/public/trfmc_rf_metrology_calibration_lab_v1.html	454	  x.strokeStyle="#ffd400"; x.lineWidth=2; x.beginPath();
frontend/public/trfmc_rf_metrology_calibration_lab_v1.html	463	    x.fillStyle=i===levels.length-1?"#75ff5b":"#00e5ff";
frontend/public/trfmc_rf_metrology_calibration_lab_v1.html	465	    x.fillStyle="#dff8ff"; x.font="10px monospace";
frontend/public/trfmc_rf_metrology_calibration_lab_v1.html	470	  x.strokeStyle=c.linPass?"#75ff5b":"#ffd84d";
frontend/public/trfmc_rf_metrology_calibration_lab_v1.html	485	  x.fillStyle="#020b12"; x.fillRect(0,0,w,h);
frontend/public/trfmc_rf_metrology_calibration_lab_v1.html	499	  trace("#ffd400",0);
frontend/public/trfmc_rf_metrology_calibration_lab_v1.html	500	  trace("#75ff5b",-c.xcorrImprove*2.5);
frontend/public/trfmc_rf_metrology_calibration_lab_v1.html	502	  x.fillStyle="#83cfff"; x.font="10px monospace";
frontend/public/trfmc_rf_metrology_calibration_lab_v1.html	504	  x.fillStyle="#75ff5b";
frontend/public/trfmc_perfection_authority_v3_scoped.html	16	.v3-kpi small{display:block;color:#8fb8c8;text-transform:uppercase;font-size:10px}
frontend/public/trfmc_perfection_authority_v3_scoped.html	17	.v3-kpi b{display:block;color:#75ff5b;font-size:20px}
frontend/public/trfmc_perfection_authority_v3_scoped.html	20	th{color:#00e5ff;background:rgba(0,229,255,.06)}
frontend/public/trfmc_perfection_authority_v3_scoped.html	21	tr.critical td{color:#ff9abc}
frontend/public/trfmc_perfection_authority_v3_scoped.html	22	tr.weak td{color:#ffd84d}
frontend/public/trfmc_perfection_authority_v3_scoped.html	23	tr.good td{color:#dffaff}
frontend/public/trfmc_perfection_authority_v3_scoped.html	24	tr.premium td{color:#75ff5b}
frontend/public/trfmc_unified_navigation_shell_v1.html	9	  --bg:#030711;
frontend/public/trfmc_unified_navigation_shell_v1.html	14	  --text:#eaf3ff;
frontend/public/trfmc_unified_navigation_shell_v1.html	15	  --muted:#94a9c5;
frontend/public/trfmc_unified_navigation_shell_v1.html	16	  --cyan:#86d7ff;
frontend/public/trfmc_unified_navigation_shell_v1.html	17	  --green:#9dffc7;
frontend/public/trfmc_unified_navigation_shell_v1.html	18	  --amber:#ffd37a;
frontend/public/trfmc_unified_navigation_shell_v1.html	19	  --red:#ff8d8d;
frontend/public/trfmc_unified_navigation_shell_v1.html	20	  --violet:#bda7ff;
frontend/public/trfmc_unified_navigation_shell_v1.html	29	    linear-gradient(180deg,#030711,#07111f 50%,#030711);
frontend/public/trfmc_unified_navigation_shell_v1.html	133	  color:#c8d9ef;
frontend/public/operational_backup_console_v21.html	11	      --cyan:#58d6f9;
frontend/public/operational_backup_console_v21.html	12	      --amber:#d29922;
frontend/public/operational_backup_console_v21.html	13	      --green:#3fb950;
frontend/public/operational_backup_console_v21.html	14	      --text:#edf8ff;
frontend/public/operational_backup_console_v21.html	15	      --muted:#8da4b3;
frontend/public/operational_backup_console_v21.html	24	        linear-gradient(135deg,#020711,#06111d 50%,#02040a);
frontend/public/operational_backup_console_v21.html	120	      color:#e8f6ff;
frontend/public/trfmc_integration_control_room.html	9	  --bg:#030711;
frontend/public/trfmc_integration_control_room.html	10	  --panel:#071423;
frontend/public/trfmc_integration_control_room.html	11	  --panel2:#0a1d32;
frontend/public/trfmc_integration_control_room.html	12	  --line:#0d8ec7;
frontend/public/trfmc_integration_control_room.html	13	  --line2:#1de7ff;
frontend/public/trfmc_integration_control_room.html	14	  --text:#e8f8ff;
frontend/public/trfmc_integration_control_room.html	15	  --muted:#8db3c7;
frontend/public/trfmc_integration_control_room.html	16	  --green:#50ffb1;
frontend/public/trfmc_integration_control_room.html	17	  --yellow:#ffd84d;
frontend/public/trfmc_integration_control_room.html	18	  --red:#ff4f7b;
frontend/public/trfmc_integration_control_room.html	19	  --violet:#a78bfa;
frontend/public/trfmc_integration_control_room.html	20	  --blue:#42a5ff;
frontend/public/trfmc_integration_control_room.html	29	    linear-gradient(180deg,#02050b,#05101c 48%,#02050b);
frontend/public/trfmc_integration_control_room.html	110	  color:#dff8ff;
frontend/public/trfmc_integration_control_room.html	118	  color:#cfeeff;
frontend/public/trfmc_integration_control_room.html	137	  color:#dff8ff;
frontend/public/trfmc_integration_control_room.html	177	  background:#06111f;
frontend/public/trfmc_integration_control_room.html	381	    '&':'&amp;','<':'&lt;','>':'&gt;','"':'&quot;',"'":'&#39;'
frontend/public/trfmc_integration_control_room.html	478	  document.body.innerHTML += '<pre style="color:#ff4f7b;padding:20px">'+esc(e.stack || e)+'</pre>';
frontend/public/rf_telco_mission_portal_v35.html	10	:root{--panel:rgba(5,18,31,.86);--line:rgba(88,214,249,.24);--cyan:#58d6f9;--green:#3fb950;--amber:#d29922;--red:#ff4d6d;--text:#edf8ff;--muted:#8da4b3}
frontend/public/rf_telco_mission_portal_v35.html	38	pre{margin:0;max-height:390px;overflow:auto;background:rgba(0,0,0,.24);padding:12px;color:#e8f6ff;font-size:10px;line-height:1.4}
frontend/public/trfmc_rf_pro_signal_intelligence_lab_v4_instrument.html	16	.i4-source-table th{color:#00e5ff;background:rgba(0,229,255,.05)}
frontend/public/trfmc_rf_pro_signal_intelligence_lab_v4_instrument.html	36	<h2 style="color:#00e5ff;font-size:12px;text-transform:uppercase;letter-spacing:.10em">Read-only source evidence</h2>
frontend/public/trfmc_fiber_fronthaul_otdr_workbench_v2.html	12	#fiberField{width:100%;height:100%;display:block;min-height:420px}
frontend/public/trfmc_fiber_fronthaul_otdr_workbench_v2.html	14	.plotBox{border:1px solid rgba(0,229,255,.27);background:#010409;position:relative;overflow:hidden}
frontend/public/trfmc_fiber_fronthaul_otdr_workbench_v2.html	15	.plotBox h3{position:absolute;left:10px;top:8px;margin:0;color:#00e5ff;font-size:11px;letter-spacing:1px;z-index:2}
frontend/public/trfmc_fiber_fronthaul_otdr_workbench_v2.html	17	.control label{display:block;color:#8fb8c8;font-size:10px;text-transform:uppercase;margin:8px 0 4px}
frontend/public/trfmc_fiber_fronthaul_otdr_workbench_v2.html	18	.control input,.control select{width:100%;background:#03101a;color:#e9fbff;border:1px solid rgba(0,229,255,.35);border-radius:5px;padding:7px;font-size:12px}
frontend/public/trfmc_fiber_fronthaul_otdr_workbench_v2.html	19	.value{color:#75ff5b;font-weight:800}
frontend/public/trfmc_fiber_fronthaul_otdr_workbench_v2.html	20	.good{color:#75ff5b}.warn{color:#ffd84d}.bad{color:#ff3d7f}
frontend/public/trfmc_fiber_fronthaul_otdr_workbench_v2.html	21	.formulaLive{font-family:ui-monospace,Consolas,monospace;background:#010409;border:1px solid rgba(0,229,255,.22);border-radius:6px;color:#dffaff;padding:8px;font-size:11px;line-height:1.5}
frontend/public/trfmc_fiber_fronthaul_otdr_workbench_v2.html	251	  ctx.fillStyle="#010409";ctx.fillRect(0,0,w,h);
frontend/public/trfmc_fiber_fronthaul_otdr_workbench_v2.html	257	  ctx.strokeStyle="#00e5ff";ctx.lineWidth=2*dpr;
frontend/public/trfmc_fiber_fronthaul_otdr_workbench_v2.html	271	    ctx.strokeStyle="#ffd84d";ctx.beginPath();ctx.moveTo(x,18*dpr);ctx.lineTo(x,h-18*dpr);ctx.stroke();
frontend/public/trfmc_fiber_fronthaul_otdr_workbench_v2.html	274	  ctx.fillStyle="#8fb8c8";ctx.font=(11*dpr)+"px monospace";
frontend/public/trfmc_fiber_fronthaul_otdr_workbench_v2.html	284	  ctx.fillStyle="#010409";ctx.fillRect(0,0,w,h);
frontend/public/trfmc_fiber_fronthaul_otdr_workbench_v2.html	286	    ["fiber",p.fiberLoss,"#00e5ff"],
frontend/public/trfmc_fiber_fronthaul_otdr_workbench_v2.html	287	    ["connectors",p.connectorLoss,"#ffd84d"],
frontend/public/trfmc_fiber_fronthaul_otdr_workbench_v2.html	288	    ["splices",p.spliceTotal,"#9b7cff"],
frontend/public/trfmc_fiber_fronthaul_otdr_workbench_v2.html	289	    ["margin",p.engineeringMargin,"#75ff5b"]
frontend/public/trfmc_fiber_fronthaul_otdr_workbench_v2.html	296	    ctx.fillStyle="#8fb8c8";ctx.font=(11*dpr)+"px monospace";
frontend/public/trfmc_fiber_fronthaul_otdr_workbench_v2.html	300	  ctx.fillStyle=p.margin>5?"#75ff5b":p.margin>1?"#ffd84d":"#ff3d7f";
frontend/public/trfmc_orphan_triage_board_v1.html	16	.triage-kpi small{display:block;color:#8fb8c8;text-transform:uppercase;font-size:10px}
frontend/public/trfmc_orphan_triage_board_v1.html	17	.triage-kpi b{display:block;color:#75ff5b;font-size:20px}
frontend/public/trfmc_orphan_triage_board_v1.html	20	th{color:#00e5ff;background:rgba(0,229,255,.06)}
frontend/public/trfmc_orphan_triage_board_v1.html	21	.ok{color:#75ff5b} .warn{color:#ffd84d} .danger{color:#ff3d7f}
frontend/public/observability_console_v13.html	9	      --bg:#020711;
frontend/public/observability_console_v13.html	12	      --cyan:#58d6f9;
frontend/public/observability_console_v13.html	13	      --amber:#d29922;
frontend/public/observability_console_v13.html	14	      --red:#ff4d6d;
frontend/public/observability_console_v13.html	15	      --green:#3fb950;
frontend/public/observability_console_v13.html	16	      --text:#edf8ff;
frontend/public/observability_console_v13.html	17	      --muted:#8da4b3;
frontend/public/observability_console_v13.html	26	        linear-gradient(135deg,#020711,#06111d 50%,#02040a);
frontend/public/observability_console_v13.html	90	      color:#e8f6ff;
frontend/public/sapienza_master_template_doctrine_v85a.html	154	  "--shell-bg": "#01040b",
frontend/public/sapienza_master_template_doctrine_v85a.html	155	  "--panel": "#061426",
frontend/public/sapienza_master_template_doctrine_v85a.html	156	  "--cyan": "#8ff0ff",
frontend/public/sapienza_master_template_doctrine_v85a.html	157	  "--green": "#42f56f",
frontend/public/sapienza_master_template_doctrine_v85a.html	158	  "--amber": "#fbbf24",
frontend/public/sapienza_master_template_doctrine_v85a.html	159	  "--red": "#ff3b5c",
frontend/public/trfmc_unified_matrix_room_v3.html	9	  --bg:#02070f;--p:#061120;--p2:#0a1828;--line:#1d6f9f;
frontend/public/trfmc_unified_matrix_room_v3.html	10	  --text:#eaf3ff;--muted:#86a7c6;--cyan:#00d9ff;--green:#7dff4f;
frontend/public/trfmc_unified_matrix_room_v3.html	11	  --yellow:#ffd500;--red:#ff3366;--violet:#c66bff;
frontend/public/trfmc_unified_matrix_room_v3.html	14	html,body{margin:0;height:100%;background:#01060d;color:var(--text);font:12px Inter,Segoe UI,system-ui,sans-serif;overflow:hidden}
frontend/public/trfmc_unified_matrix_room_v3.html	16	  height:54px;background:#050b13;border-bottom:1px solid var(--line);
frontend/public/trfmc_unified_matrix_room_v3.html	23	  color:var(--text);background:#10233a;border:1px solid #285d82;border-radius:4px;
frontend/public/trfmc_unified_matrix_room_v3.html	26	button:hover,select:hover{border-color:var(--cyan);background:#145078;box-shadow:inset 3px 0 0 var(--yellow)}
frontend/public/trfmc_unified_matrix_room_v3.html	31	  background:linear-gradient(90deg,#061120,#0a1828,#061120);
frontend/public/trfmc_unified_matrix_room_v3.html	35	  border:1px solid rgba(36,91,125,.95);background:linear-gradient(180deg,#09223a,#06111f);
frontend/public/trfmc_unified_matrix_room_v3.html	49	  background:linear-gradient(180deg,#071524,#02070f);
frontend/public/trfmc_unified_matrix_room_v3.html	50	  border:1px solid #1d5e86;border-radius:6px;overflow:hidden;
frontend/public/trfmc_unified_matrix_room_v3.html	53	  background:#0a1b2e;border-bottom:1px solid #1d5e86;color:var(--cyan);
frontend/public/trfmc_unified_matrix_room_v3.html	58	  border:1px solid #183d58;background:#081522;border-radius:5px;margin-bottom:6px;padding:8px;cursor:pointer;
frontend/public/trfmc_unified_matrix_room_v3.html	60	.route:hover,.route.active{border-color:var(--yellow);box-shadow:inset 3px 0 0 var(--yellow);background:#10233a}
frontend/public/trfmc_unified_matrix_room_v3.html	66	  border:1px solid #1d5e86;border-radius:6px;overflow:hidden;background:#02070f;
frontend/public/trfmc_unified_matrix_room_v3.html	70	  height:34px;background:#071524;border-bottom:1px solid #1d5e86;
frontend/public/trfmc_unified_matrix_room_v3.html	80	.slot{border:1px solid rgba(36,91,125,.86);border-radius:5px;overflow:hidden;display:grid;grid-template-rows:26px 1fr;background:#01060d;min-height:0}
frontend/public/trfmc_unified_matrix_room_v3.html	82	  background:#061120;border-bottom:1px solid rgba(36,91,125,.86);
frontend/public/trfmc_unified_matrix_room_v3.html	83	  padding:5px 7px;font-family:ui-monospace,monospace;font-size:10px;color:#cde7ff;
frontend/public/trfmc_unified_matrix_room_v3.html	87	iframe{width:100%;height:100%;border:0;background:#02070f;display:block}
frontend/public/trfmc_unified_matrix_room_v3.html	89	.kv span{color:#cde7ff}.kv b{color:var(--green)}
frontend/public/trfmc_unified_matrix_room_v3.html	94	  background:#02070f;border:1px solid #285d82;color:var(--text);
frontend/public/trfmc_unified_matrix_room_v3.html	97	.log{height:250px;overflow:auto;border:1px solid #183d58;background:#02070f;border-radius:5px;padding:6px;font-family:ui-monospace,monospace;font-size:11px}
frontend/public/trfmc_unified_matrix_room_v3.html	98	.log div{border-bottom:1px solid rgba(255,255,255,.06);padding:3px 0;color:#cde7ff}
frontend/public/api/docs/index	7	body{margin:0;background:#050812;color:#eaf2ff;font-family:system-ui,-apple-system,BlinkMacSystemFont,"Segoe UI",sans-serif;padding:32px}
frontend/public/api/docs/index	9	h1{margin-top:0;color:#9ed0ff}
frontend/public/api/docs/index	11	a{color:#9ed0ff}
frontend/public/api/portal/index	7	body{margin:0;background:#050812;color:#eaf2ff;font-family:system-ui,-apple-system,BlinkMacSystemFont,"Segoe UI",sans-serif;padding:32px}
frontend/public/api/portal/index	9	h1{margin-top:0;color:#9ed0ff}
frontend/public/api/portal/index	11	a{color:#9ed0ff}
frontend/public/trfmc_rf_spectrum_lab_v1.html	9	  --bg:#030711;
frontend/public/trfmc_rf_spectrum_lab_v1.html	14	  --text:#eaf3ff;
frontend/public/trfmc_rf_spectrum_lab_v1.html	15	  --muted:#94a9c5;
frontend/public/trfmc_rf_spectrum_lab_v1.html	16	  --cyan:#86d7ff;
frontend/public/trfmc_rf_spectrum_lab_v1.html	17	  --green:#9dffc7;
frontend/public/trfmc_rf_spectrum_lab_v1.html	18	  --amber:#ffd37a;
frontend/public/trfmc_rf_spectrum_lab_v1.html	19	  --red:#ff8d8d;
frontend/public/trfmc_rf_spectrum_lab_v1.html	20	  --violet:#bda7ff;
frontend/public/trfmc_rf_spectrum_lab_v1.html	29	    linear-gradient(180deg,#030711,#07111f 52%,#030711);
frontend/public/trfmc_rf_spectrum_lab_v1.html	110	  color:#c8d9ef;
frontend/public/trfmc_rf_spectrum_lab_v1.html	183	  background:#081326;
frontend/public/trfmc_rf_spectrum_lab_v1.html	234	#spectrumCanvas{height:320px}
frontend/public/trfmc_rf_spectrum_lab_v1.html	235	#waterfallCanvas{height:320px}
frontend/public/trfmc_rf_spectrum_lab_v1.html	274	  color:#bfd2ea;
frontend/public/trfmc_antenna_system_explorer_STABLE_CLEAN_RECOVERY.html	9	  --bg:#01070f;--panel:#061120;--panel2:#0a1a2d;--line:#1774a6;--line2:#245b7d;
frontend/public/trfmc_antenna_system_explorer_STABLE_CLEAN_RECOVERY.html	10	  --text:#eaf3ff;--muted:#87a8c6;--cyan:#00d9ff;--green:#7dff4f;
frontend/public/trfmc_antenna_system_explorer_STABLE_CLEAN_RECOVERY.html	11	  --yellow:#ffd500;--red:#ff3366;--blue:#268cff;--orange:#ff9e3d;
frontend/public/trfmc_antenna_system_explorer_STABLE_CLEAN_RECOVERY.html	15	  margin:0;background:#01060d;color:var(--text);
frontend/public/trfmc_antenna_system_explorer_STABLE_CLEAN_RECOVERY.html	19	  height:54px;background:#050b13;border-bottom:1px solid var(--line);
frontend/public/trfmc_antenna_system_explorer_STABLE_CLEAN_RECOVERY.html	25	  color:var(--text);text-decoration:none;border:1px solid #1d6f9f;
frontend/public/trfmc_antenna_system_explorer_STABLE_CLEAN_RECOVERY.html	26	  background:#0a1828;border-radius:4px;padding:6px 9px;cursor:pointer;
frontend/public/trfmc_antenna_system_explorer_STABLE_CLEAN_RECOVERY.html	34	  background:linear-gradient(180deg,#071524,#02070f);
frontend/public/trfmc_antenna_system_explorer_STABLE_CLEAN_RECOVERY.html	35	  border:1px solid #1d5e86;border-radius:6px;overflow:hidden;
frontend/public/trfmc_antenna_system_explorer_STABLE_CLEAN_RECOVERY.html	38	  background:#0a1b2e;border-bottom:1px solid #1d5e86;color:var(--cyan);
frontend/public/trfmc_antenna_system_explorer_STABLE_CLEAN_RECOVERY.html	42	.ctrl{border:1px solid #183d58;background:#081522;border-radius:5px;padding:7px;margin-bottom:7px}
frontend/public/trfmc_antenna_system_explorer_STABLE_CLEAN_RECOVERY.html	46	select{background:#10233a;color:var(--text);border:1px solid #285d82;border-radius:4px;padding:6px}
frontend/public/trfmc_antenna_system_explorer_STABLE_CLEAN_RECOVERY.html	48	  width:100%;background:#10233a;color:var(--text);border:1px solid #285d82;
frontend/public/trfmc_antenna_system_explorer_STABLE_CLEAN_RECOVERY.html	51	button.active,button:hover{background:#145078;border-color:var(--cyan);box-shadow:inset 3px 0 0 var(--yellow)}
frontend/public/trfmc_antenna_system_explorer_STABLE_CLEAN_RECOVERY.html	54	  border:1px solid #0e88bf;background:linear-gradient(90deg,#071626,#0a1828,#071626);
frontend/public/trfmc_antenna_system_explorer_STABLE_CLEAN_RECOVERY.html	58	  background:linear-gradient(180deg,#091b2e,#07111f);border:1px solid #214c6a;
frontend/public/trfmc_antenna_system_explorer_STABLE_CLEAN_RECOVERY.html	68	.frame{background:#02070f;border:1px solid #1d5e86;border-radius:6px;overflow:hidden;position:relative}
frontend/public/trfmc_antenna_system_explorer_STABLE_CLEAN_RECOVERY.html	70	  margin:0;background:#0a1b2e;border-bottom:1px solid #1d5e86;
frontend/public/trfmc_antenna_system_explorer_STABLE_CLEAN_RECOVERY.html	74	#siteFrame{grid-column:1/3}
frontend/public/trfmc_antenna_system_explorer_STABLE_CLEAN_RECOVERY.html	81	  background:#061120d9;border:1px solid #1d5e86;border-radius:5px;padding:5px 8px;
frontend/public/trfmc_antenna_system_explorer_STABLE_CLEAN_RECOVERY.html	86	  border:1px solid #183d58;background:#081522;border-radius:5px;padding:7px;margin-bottom:6px;
frontend/public/trfmc_antenna_system_explorer_STABLE_CLEAN_RECOVERY.html	87	  font-family:ui-monospace,monospace;color:#d3e8ff;
frontend/public/trfmc_antenna_system_explorer_STABLE_CLEAN_RECOVERY.html	91	.log div{border-bottom:1px solid #17344c;padding:4px 0;color:#cde7ff}
frontend/public/trfmc_antenna_system_explorer_STABLE_CLEAN_RECOVERY.html	92	.alarm{border:1px solid #183d58;background:#081522;border-radius:5px;padding:8px;color:var(--green)}
frontend/public/trfmc_antenna_system_explorer_STABLE_CLEAN_RECOVERY.html	99	  #siteFrame{grid-column:auto}
frontend/public/trfmc_antenna_system_explorer_STABLE_CLEAN_RECOVERY.html	145	  color:#7dff4f;
frontend/public/trfmc_antenna_system_explorer_STABLE_CLEAN_RECOVERY.html	149	  border:1px solid #183d58;
frontend/public/trfmc_antenna_system_explorer_STABLE_CLEAN_RECOVERY.html	150	  background:#081522;
frontend/public/trfmc_antenna_system_explorer_STABLE_CLEAN_RECOVERY.html	157	  color:#ffd500;
frontend/public/trfmc_antenna_system_explorer_STABLE_CLEAN_RECOVERY.html	166	  color:#cde7ff;
frontend/public/trfmc_antenna_system_explorer_STABLE_CLEAN_RECOVERY.html	170	.opPanel .opRow span:last-child{color:#7dff4f}
frontend/public/trfmc_antenna_system_explorer_STABLE_CLEAN_RECOVERY.html	172	  border-color:#ffd500;
frontend/public/trfmc_antenna_system_explorer_STABLE_CLEAN_RECOVERY.html	173	  box-shadow:inset 0 -3px 0 #ffd500, 0 0 18px rgba(255,213,0,.18);
frontend/public/trfmc_antenna_system_explorer_STABLE_CLEAN_RECOVERY.html	176	  border-color:#ffd500;
frontend/public/trfmc_antenna_system_explorer_STABLE_CLEAN_RECOVERY.html	196	  background:linear-gradient(180deg,#09223a,#06111f);
frontend/public/trfmc_antenna_system_explorer_STABLE_CLEAN_RECOVERY.html	203	  color:#87a8c6;
frontend/public/trfmc_antenna_system_explorer_STABLE_CLEAN_RECOVERY.html	210	  color:#eaf3ff;
frontend/public/trfmc_antenna_system_explorer_STABLE_CLEAN_RECOVERY.html	216	  color:#7dff4f;
frontend/public/trfmc_antenna_system_explorer_STABLE_CLEAN_RECOVERY.html	220	.icCell.warn em{color:#ffd500}
frontend/public/trfmc_antenna_system_explorer_STABLE_CLEAN_RECOVERY.html	221	.icCell.bad em{color:#ff3366}
frontend/public/trfmc_antenna_system_explorer_STABLE_CLEAN_RECOVERY.html	223	  border:1px solid #183d58;
frontend/public/trfmc_antenna_system_explorer_STABLE_CLEAN_RECOVERY.html	224	  background:#081522;
frontend/public/trfmc_antenna_system_explorer_STABLE_CLEAN_RECOVERY.html	232	  border-bottom:1px solid #183d58;
frontend/public/trfmc_antenna_system_explorer_STABLE_CLEAN_RECOVERY.html	233	  color:#00d9ff;
frontend/public/trfmc_antenna_system_explorer_STABLE_CLEAN_RECOVERY.html	234	  background:#0a1b2e;
frontend/public/trfmc_antenna_system_explorer_STABLE_CLEAN_RECOVERY.html	249	  color:#cde7ff;
frontend/public/trfmc_antenna_system_explorer_STABLE_CLEAN_RECOVERY.html	251	.icRow strong{color:#ffd500;font-weight:600}
frontend/public/trfmc_antenna_system_explorer_STABLE_CLEAN_RECOVERY.html	252	.icRow b{color:#7dff4f}
frontend/public/trfmc_antenna_system_explorer_STABLE_CLEAN_RECOVERY.html	253	.icRow.bad b{color:#ff3366}
frontend/public/trfmc_antenna_system_explorer_STABLE_CLEAN_RECOVERY.html	254	.icRow.warn b{color:#ffd500}
frontend/public/trfmc_antenna_system_explorer_STABLE_CLEAN_RECOVERY.html	263	  background:#02070f;
frontend/public/trfmc_antenna_system_explorer_STABLE_CLEAN_RECOVERY.html	264	  border:1px solid #285d82;
frontend/public/trfmc_antenna_system_explorer_STABLE_CLEAN_RECOVERY.html	265	  color:#eaf3ff;
frontend/public/trfmc_antenna_system_explorer_STABLE_CLEAN_RECOVERY.html	299	  color:#00d9ff;
frontend/public/trfmc_antenna_system_explorer_STABLE_CLEAN_RECOVERY.html	314	.icMatrix th{color:#87a8c6}
frontend/public/trfmc_antenna_system_explorer_STABLE_CLEAN_RECOVERY.html	315	.icMatrix td:last-child{color:#7dff4f;text-align:right}
frontend/public/trfmc_antenna_system_explorer_STABLE_CLEAN_RECOVERY.html	350	  color:#7dff4f;
frontend/public/trfmc_antenna_system_explorer_STABLE_CLEAN_RECOVERY.html	361	  background:#081522;
frontend/public/trfmc_antenna_system_explorer_STABLE_CLEAN_RECOVERY.html	366	  color:#87a8c6;
frontend/public/trfmc_antenna_system_explorer_STABLE_CLEAN_RECOVERY.html	371	  color:#eaf3ff;
frontend/public/trfmc_antenna_system_explorer_STABLE_CLEAN_RECOVERY.html	389	  color:#87a8c6;
frontend/public/trfmc_antenna_system_explorer_STABLE_CLEAN_RECOVERY.html	393	.icStatusLine b{color:#7dff4f}
frontend/public/trfmc_antenna_system_explorer_STABLE_CLEAN_RECOVERY.html	418	  color:#00d9ff;
frontend/public/trfmc_antenna_system_explorer_STABLE_CLEAN_RECOVERY.html	430	  background:linear-gradient(180deg,#071626,#02070f);
frontend/public/trfmc_antenna_system_explorer_STABLE_CLEAN_RECOVERY.html	436	  color:#87a8c6;
frontend/public/trfmc_antenna_system_explorer_STABLE_CLEAN_RECOVERY.html	442	  color:#eaf3ff;
frontend/public/trfmc_antenna_system_explorer_STABLE_CLEAN_RECOVERY.html	445	.v16Metric.pass b{color:#7dff4f}
frontend/public/trfmc_antenna_system_explorer_STABLE_CLEAN_RECOVERY.html	446	.v16Metric.warn b{color:#ffd500}
frontend/public/trfmc_antenna_system_explorer_STABLE_CLEAN_RECOVERY.html	447	.v16Metric.fail b{color:#ff3366}
frontend/public/trfmc_antenna_system_explorer_STABLE_CLEAN_RECOVERY.html	459	.v16Acceptance th{color:#87a8c6}
frontend/public/trfmc_antenna_system_explorer_STABLE_CLEAN_RECOVERY.html	460	.v16Acceptance td:last-child{text-align:right;color:#7dff4f}
frontend/public/trfmc_antenna_system_explorer_STABLE_CLEAN_RECOVERY.html	461	.v16Acceptance tr.fail td:last-child{color:#ff3366}
frontend/public/trfmc_antenna_system_explorer_STABLE_CLEAN_RECOVERY.html	462	.v16Acceptance tr.warn td:last-child{color:#ffd500}
frontend/public/trfmc_antenna_system_explorer_STABLE_CLEAN_RECOVERY.html	480	  background:#081522;
frontend/public/trfmc_antenna_system_explorer_STABLE_CLEAN_RECOVERY.html	485	.v16BottomCell span{display:block;color:#87a8c6;font-size:8px;text-transform:uppercase}
frontend/public/trfmc_antenna_system_explorer_STABLE_CLEAN_RECOVERY.html	486	.v16BottomCell b{display:block;color:#7dff4f;font-size:12px}
frontend/public/trfmc_antenna_system_explorer_STABLE_CLEAN_RECOVERY.html	488	  border:1px solid #183d58;
frontend/public/trfmc_antenna_system_explorer_STABLE_CLEAN_RECOVERY.html	489	  background:#081522;
frontend/public/trfmc_antenna_system_explorer_STABLE_CLEAN_RECOVERY.html	496	  color:#ffd500;
frontend/public/trfmc_antenna_system_explorer_STABLE_CLEAN_RECOVERY.html	508	  border-color:#ffd500!important;
frontend/public/trfmc_antenna_system_explorer_STABLE_CLEAN_RECOVERY.html	509	  box-shadow:inset 3px 0 0 #ffd500;
frontend/public/trfmc_antenna_system_explorer_STABLE_CLEAN_RECOVERY.html	515	  background:#02070f;
frontend/public/trfmc_antenna_system_explorer_STABLE_CLEAN_RECOVERY.html	526	#v16Scope{
frontend/public/trfmc_antenna_system_explorer_STABLE_CLEAN_RECOVERY.html	535	#v16Scope .v16Glass{
frontend/public/trfmc_antenna_system_explorer_STABLE_CLEAN_RECOVERY.html	538	#v16Scope .v16Glass:nth-child(2){
frontend/public/trfmc_antenna_system_explorer_STABLE_CLEAN_RECOVERY.html	541	#v16Scope .v16Glass:nth-child(3){
frontend/public/trfmc_antenna_system_explorer_STABLE_CLEAN_RECOVERY.html	544	#icMeasureOverlay{
frontend/public/trfmc_antenna_system_explorer_STABLE_CLEAN_RECOVERY.html	549	#icMatrix{
frontend/public/trfmc_antenna_system_explorer_STABLE_CLEAN_RECOVERY.html	555	#v16BottomBar{
frontend/public/trfmc_antenna_system_explorer_STABLE_CLEAN_RECOVERY.html	562	#icCenterDock{
frontend/public/trfmc_antenna_system_explorer_STABLE_CLEAN_RECOVERY.html	565	#icStatusLine{
frontend/public/trfmc_antenna_system_explorer_STABLE_CLEAN_RECOVERY.html	568	#siteFrame::after{
frontend/public/trfmc_antenna_system_explorer_STABLE_CLEAN_RECOVERY.html	574	  color:#7dff4f;
frontend/public/trfmc_antenna_system_explorer_STABLE_CLEAN_RECOVERY.html	582	body.v16r2-clean #siteFrame{
frontend/public/trfmc_antenna_system_explorer_STABLE_CLEAN_RECOVERY.html	586	body.v16r2-clean #siteFrame::after{
frontend/public/trfmc_antenna_system_explorer_STABLE_CLEAN_RECOVERY.html	592	  color:#7dff4f;
frontend/public/trfmc_antenna_system_explorer_STABLE_CLEAN_RECOVERY.html	597	body.v16r2-clean #siteFrame .toolbar{
frontend/public/trfmc_antenna_system_explorer_STABLE_CLEAN_RECOVERY.html	601	body.v16r2-clean #siteFrame .overlayControls{
frontend/public/trfmc_antenna_system_explorer_STABLE_CLEAN_RECOVERY.html	606	body.v16r2-clean #siteFrame .opOverlay{
frontend/public/trfmc_antenna_system_explorer_STABLE_CLEAN_RECOVERY.html	610	body.v16r2-clean #siteFrame .opBadge{
frontend/public/trfmc_antenna_system_explorer_STABLE_CLEAN_RECOVERY.html	617	  border:1px solid #183d58;
frontend/public/trfmc_antenna_system_explorer_STABLE_CLEAN_RECOVERY.html	618	  background:#081522;
frontend/public/trfmc_antenna_system_explorer_STABLE_CLEAN_RECOVERY.html	627	  background:#0a1b2e;
frontend/public/trfmc_antenna_system_explorer_STABLE_CLEAN_RECOVERY.html	628	  border-bottom:1px solid #183d58;
frontend/public/trfmc_antenna_system_explorer_STABLE_CLEAN_RECOVERY.html	629	  color:#00d9ff;
frontend/public/trfmc_antenna_system_explorer_STABLE_CLEAN_RECOVERY.html	654	body.v16r2-clean #v16r2Dock #v16Scope,
frontend/public/trfmc_antenna_system_explorer_STABLE_CLEAN_RECOVERY.html	655	body.v16r2-clean #v16r2Dock #icMeasureOverlay,
frontend/public/trfmc_antenna_system_explorer_STABLE_CLEAN_RECOVERY.html	656	body.v16r2-clean #v16r2Dock #icMatrix,
frontend/public/trfmc_antenna_system_explorer_STABLE_CLEAN_RECOVERY.html	657	body.v16r2-clean #v16r2Dock #v16BottomBar,
frontend/public/trfmc_antenna_system_explorer_STABLE_CLEAN_RECOVERY.html	658	body.v16r2-clean #v16r2Dock #icCenterDock,
frontend/public/trfmc_antenna_system_explorer_STABLE_CLEAN_RECOVERY.html	659	body.v16r2-clean #v16r2Dock #icStatusLine{
frontend/public/trfmc_antenna_system_explorer_STABLE_CLEAN_RECOVERY.html	674	body.v16r2-clean #v16r2Dock #v16Scope{
frontend/public/trfmc_antenna_system_explorer_STABLE_CLEAN_RECOVERY.html	680	body.v16r2-clean #v16r2Dock #v16Scope .v16Glass{
frontend/public/trfmc_antenna_system_explorer_STABLE_CLEAN_RECOVERY.html	685	body.v16r2-clean #v16r2Dock #icMeasureOverlay{
frontend/public/trfmc_antenna_system_explorer_STABLE_CLEAN_RECOVERY.html	689	body.v16r2-clean #v16r2Dock #icMatrix{
frontend/public/trfmc_antenna_system_explorer_STABLE_CLEAN_RECOVERY.html	695	body.v16r2-clean #v16r2Dock #icCenterDock{
frontend/public/trfmc_antenna_system_explorer_STABLE_CLEAN_RECOVERY.html	701	  background:#061120 !important;
frontend/public/trfmc_antenna_system_explorer_STABLE_CLEAN_RECOVERY.html	704	body.v16r2-clean #v16r2Dock #icCenterDock button{
frontend/public/trfmc_antenna_system_explorer_STABLE_CLEAN_RECOVERY.html	710	body.v16r2-clean #v16r2Dock #icStatusLine{
frontend/public/trfmc_antenna_system_explorer_STABLE_CLEAN_RECOVERY.html	718	body.v16r2-clean #v16r2Dock #v16BottomBar{
frontend/public/trfmc_antenna_system_explorer_STABLE_CLEAN_RECOVERY.html	724	  background:#061120 !important;
frontend/public/trfmc_antenna_system_explorer_STABLE_CLEAN_RECOVERY.html	727	body.v16r2-clean #v16r2Dock .v16BottomCell{
frontend/public/trfmc_antenna_system_explorer_STABLE_CLEAN_RECOVERY.html	731	body.v16r2-minimal #v16r2Dock #v16Scope,
frontend/public/trfmc_antenna_system_explorer_STABLE_CLEAN_RECOVERY.html	732	body.v16r2-minimal #v16r2Dock #icMeasureOverlay,
frontend/public/trfmc_antenna_system_explorer_STABLE_CLEAN_RECOVERY.html	733	body.v16r2-minimal #v16r2Dock #icMatrix{
frontend/public/trfmc_antenna_system_explorer_STABLE_CLEAN_RECOVERY.html	737	body.v16r2-hide-markers #siteFrame .opOverlay,
frontend/public/trfmc_antenna_system_explorer_STABLE_CLEAN_RECOVERY.html	755	    <div style="color:#86a7c6;font-size:11px">Panel antenna · RRU/BBU · RET/AISG · MIMO · Port mapping · VSWR · EIRP · Beam · Coverage</div>
frontend/public/trfmc_antenna_system_explorer_STABLE_CLEAN_RECOVERY.html	933	  $("alarm").style.color=alarm?"#ff3366":"#7dff4f";
frontend/public/trfmc_antenna_system_explorer_STABLE_CLEAN_RECOVERY.html	958	  c.strokeStyle="#dcecff";c.lineWidth=3;
frontend/public/trfmc_antenna_system_explorer_STABLE_CLEAN_RECOVERY.html	962	  c.fillStyle="#eaf3ff";c.fillRect(cx-28,cy-65,18,105);c.fillRect(cx+10,cy-65,18,105);
frontend/public/trfmc_antenna_system_explorer_STABLE_CLEAN_RECOVERY.html	963	  c.fillStyle="#9aaec0";c.fillRect(cx-4,cy-55,8,90);
frontend/public/trfmc_antenna_system_explorer_STABLE_CLEAN_RECOVERY.html	1014	  c.fillStyle="#ffd500";c.font="13px system-ui";
frontend/public/trfmc_antenna_system_explorer_STABLE_CLEAN_RECOVERY.html	1017	  c.fillStyle="#dcecff";c.font="12px system-ui";
frontend/public/trfmc_antenna_system_explorer_STABLE_CLEAN_RECOVERY.html	1028	    [["#7dff4f",1],["#ffd500",.55],["#00d9ff",.4]].forEach(([col,scale])=>{
frontend/public/trfmc_antenna_system_explorer_STABLE_CLEAN_RECOVERY.html	1039	    c.fillStyle="#eaf3ff";c.fillText(name,ccx-25,h-20);
frontend/public/trfmc_antenna_system_explorer_STABLE_CLEAN_RECOVERY.html	1046	    ["P1","Low Band 900","880-960","80","24.0","OK","#ff3366"],
frontend/public/trfmc_antenna_system_explorer_STABLE_CLEAN_RECOVERY.html	1047	    ["P2","Mid Band 1800","1710-1880","170","24.0","OK","#ffd500"],
frontend/public/trfmc_antenna_system_explorer_STABLE_CLEAN_RECOVERY.html	1048	    ["P3","High Band 2100","1920-2170","250","24.0","OK","#00d9ff"],
frontend/public/trfmc_antenna_system_explorer_STABLE_CLEAN_RECOVERY.html	1049	    ["P4","n78 5G","3300-3800","100",p.ptx.toFixed(1),"OK","#7dff4f"],
frontend/public/trfmc_antenna_system_explorer_STABLE_CLEAN_RECOVERY.html	1050	    ["P5","n77 5G","3300-4200","900","—","N/A","#555"],
frontend/public/trfmc_antenna_system_explorer_STABLE_CLEAN_RECOVERY.html	1051	    ["P6","Wi-Fi 7","5925-7125","320","—","N/A","#c66bff"]
frontend/public/trfmc_antenna_system_explorer_STABLE_CLEAN_RECOVERY.html	1053	  c.fillStyle="#86a7c6";["PORT","BAND / SERVICE","FREQ MHz","BW","POWER","STATUS"].forEach((x,i)=>c.fillText(x,28+i*115,30));
frontend/public/trfmc_antenna_system_explorer_STABLE_CLEAN_RECOVERY.html	1057	    c.fillStyle="#dcecff";r.slice(0,6).forEach((x,i)=>c.fillText(x,55+i*115,y));
frontend/public/trfmc_antenna_system_explorer_STABLE_CLEAN_RECOVERY.html	1063	  c.fillStyle="#dcecff";c.fillText(`RET electrical tilt ${p.tilt.toFixed(1)}° · AISG connected · step 0.1°`,18,24);
frontend/public/trfmc_antenna_system_explorer_STABLE_CLEAN_RECOVERY.html	1071	    c.strokeStyle=["#ff3366","#ffd500","#7dff4f","#00d9ff"][idx];c.stroke();
frontend/public/trfmc_antenna_system_explorer_STABLE_CLEAN_RECOVERY.html	1085	    c.strokeStyle=["#00d9ff","#7dff4f","#ff3366","#ffd500","#c66bff"][i];
frontend/public/trfmc_antenna_system_explorer_STABLE_CLEAN_RECOVERY.html	1088	  c.fillStyle="#dcecff";c.fillText(`${mimoLabel(p.type)} array · beam width ${(65-p.gain).toFixed(0)}° · MU-MIMO vectors`,20,22);
frontend/public/trfmc_antenna_system_explorer_STABLE_CLEAN_RECOVERY.html	1235	    return {site:"#ffd500",polar:"#7dff4f",ports:"#00d9ff",ret:"#ff9e3d",mimo:"#c66bff"}[id] || "#00d9ff";
frontend/public/trfmc_antenna_system_explorer_STABLE_CLEAN_RECOVERY.html	2244	      el("v16Overall").style.color = m.overall==="PASS" ? "#7dff4f" : m.overall==="WARN" ? "#ffd500" : "#ff3366";
frontend/public/trfmc_antenna_system_explorer_STABLE_CLEAN_RECOVERY.html	2261	    [["snr","#7dff4f",70],["margin","#ffd500",20]].forEach(([key,col,scale])=>{
frontend/public/trfmc_antenna_system_explorer_STABLE_CLEAN_RECOVERY.html	2388	    <style>body{font-family:Segoe UI,Arial;background:#07111f;color:#eaf3ff;padding:24px}table{border-collapse:collapse;width:100%;margin:16px 0}td,th{border:1px solid #245b7d;padding:8px;text-align:left}th{background:#0
frontend/public/trfmc_antenna_system_explorer_STABLE_CLEAN_RECOVERY.html	2390	#v16Scope{
frontend/public/trfmc_antenna_system_explorer_STABLE_CLEAN_RECOVERY.html	2399	#v16Scope .v16Glass{
frontend/public/trfmc_antenna_system_explorer_STABLE_CLEAN_RECOVERY.html	2402	#v16Scope .v16Glass:nth-child(2){
frontend/public/trfmc_antenna_system_explorer_STABLE_CLEAN_RECOVERY.html	2405	#v16Scope .v16Glass:nth-child(3){
frontend/public/trfmc_antenna_system_explorer_STABLE_CLEAN_RECOVERY.html	2408	#icMeasureOverlay{
frontend/public/trfmc_antenna_system_explorer_STABLE_CLEAN_RECOVERY.html	2413	#icMatrix{
frontend/public/trfmc_antenna_system_explorer_STABLE_CLEAN_RECOVERY.html	2419	#v16BottomBar{
frontend/public/trfmc_antenna_system_explorer_STABLE_CLEAN_RECOVERY.html	2426	#icCenterDock{
frontend/public/trfmc_antenna_system_explorer_STABLE_CLEAN_RECOVERY.html	2429	#icStatusLine{
frontend/public/trfmc_antenna_system_explorer_STABLE_CLEAN_RECOVERY.html	2432	#siteFrame::after{
frontend/public/trfmc_antenna_system_explorer_STABLE_CLEAN_RECOVERY.html	2438	  color:#7dff4f;
frontend/public/trfmc_antenna_system_explorer_STABLE_CLEAN_RECOVERY.html	2446	body.v16r2-clean #siteFrame{
frontend/public/trfmc_antenna_system_explorer_STABLE_CLEAN_RECOVERY.html	2450	body.v16r2-clean #siteFrame::after{
frontend/public/trfmc_antenna_system_explorer_STABLE_CLEAN_RECOVERY.html	2456	  color:#7dff4f;
frontend/public/trfmc_antenna_system_explorer_STABLE_CLEAN_RECOVERY.html	2461	body.v16r2-clean #siteFrame .toolbar{
frontend/public/trfmc_antenna_system_explorer_STABLE_CLEAN_RECOVERY.html	2465	body.v16r2-clean #siteFrame .overlayControls{
frontend/public/trfmc_antenna_system_explorer_STABLE_CLEAN_RECOVERY.html	2470	body.v16r2-clean #siteFrame .opOverlay{
frontend/public/trfmc_antenna_system_explorer_STABLE_CLEAN_RECOVERY.html	2474	body.v16r2-clean #siteFrame .opBadge{
frontend/public/trfmc_antenna_system_explorer_STABLE_CLEAN_RECOVERY.html	2481	  border:1px solid #183d58;
frontend/public/trfmc_antenna_system_explorer_STABLE_CLEAN_RECOVERY.html	2482	  background:#081522;
frontend/public/trfmc_antenna_system_explorer_STABLE_CLEAN_RECOVERY.html	2491	  background:#0a1b2e;
frontend/public/trfmc_antenna_system_explorer_STABLE_CLEAN_RECOVERY.html	2492	  border-bottom:1px solid #183d58;
frontend/public/trfmc_antenna_system_explorer_STABLE_CLEAN_RECOVERY.html	2493	  color:#00d9ff;
frontend/public/trfmc_antenna_system_explorer_STABLE_CLEAN_RECOVERY.html	2518	body.v16r2-clean #v16r2Dock #v16Scope,
frontend/public/trfmc_antenna_system_explorer_STABLE_CLEAN_RECOVERY.html	2519	body.v16r2-clean #v16r2Dock #icMeasureOverlay,
frontend/public/trfmc_antenna_system_explorer_STABLE_CLEAN_RECOVERY.html	2520	body.v16r2-clean #v16r2Dock #icMatrix,
frontend/public/trfmc_antenna_system_explorer_STABLE_CLEAN_RECOVERY.html	2521	body.v16r2-clean #v16r2Dock #v16BottomBar,
frontend/public/trfmc_antenna_system_explorer_STABLE_CLEAN_RECOVERY.html	2522	body.v16r2-clean #v16r2Dock #icCenterDock,
frontend/public/trfmc_antenna_system_explorer_STABLE_CLEAN_RECOVERY.html	2523	body.v16r2-clean #v16r2Dock #icStatusLine{
frontend/public/trfmc_antenna_system_explorer_STABLE_CLEAN_RECOVERY.html	2538	body.v16r2-clean #v16r2Dock #v16Scope{
frontend/public/trfmc_antenna_system_explorer_STABLE_CLEAN_RECOVERY.html	2544	body.v16r2-clean #v16r2Dock #v16Scope .v16Glass{
frontend/public/trfmc_antenna_system_explorer_STABLE_CLEAN_RECOVERY.html	2549	body.v16r2-clean #v16r2Dock #icMeasureOverlay{
frontend/public/trfmc_antenna_system_explorer_STABLE_CLEAN_RECOVERY.html	2553	body.v16r2-clean #v16r2Dock #icMatrix{
frontend/public/trfmc_antenna_system_explorer_STABLE_CLEAN_RECOVERY.html	2559	body.v16r2-clean #v16r2Dock #icCenterDock{
frontend/public/trfmc_antenna_system_explorer_STABLE_CLEAN_RECOVERY.html	2565	  background:#061120 !important;
frontend/public/trfmc_antenna_system_explorer_STABLE_CLEAN_RECOVERY.html	2568	body.v16r2-clean #v16r2Dock #icCenterDock button{
frontend/public/trfmc_antenna_system_explorer_STABLE_CLEAN_RECOVERY.html	2574	body.v16r2-clean #v16r2Dock #icStatusLine{
frontend/public/trfmc_antenna_system_explorer_STABLE_CLEAN_RECOVERY.html	2582	body.v16r2-clean #v16r2Dock #v16BottomBar{
frontend/public/trfmc_antenna_system_explorer_STABLE_CLEAN_RECOVERY.html	2588	  background:#061120 !important;
frontend/public/trfmc_antenna_system_explorer_STABLE_CLEAN_RECOVERY.html	2591	body.v16r2-clean #v16r2Dock .v16BottomCell{
frontend/public/trfmc_antenna_system_explorer_STABLE_CLEAN_RECOVERY.html	2595	body.v16r2-minimal #v16r2Dock #v16Scope,
frontend/public/trfmc_antenna_system_explorer_STABLE_CLEAN_RECOVERY.html	2596	body.v16r2-minimal #v16r2Dock #icMeasureOverlay,
frontend/public/trfmc_antenna_system_explorer_STABLE_CLEAN_RECOVERY.html	2597	body.v16r2-minimal #v16r2Dock #icMatrix{
frontend/public/trfmc_antenna_system_explorer_STABLE_CLEAN_RECOVERY.html	2601	body.v16r2-hide-markers #siteFrame .opOverlay,
frontend/public/vendor/three/examples/jsm/loaders/GLTFLoader.js	2083	// Specification: https://github.com/KhronosGroup/glTF/blob/master/specification/2.0/README.md#appendix-c-spline-interpolation
frontend/public/vendor/three/examples/jsm/loaders/GLTFLoader.js	2267	 * Specification: https://github.com/KhronosGroup/glTF/blob/master/specification/2.0/README.md#default-material
frontend/public/vendor/three/examples/jsm/loaders/GLTFLoader.js	2329	 * Specification: https://github.com/KhronosGroup/glTF/blob/master/specification/2.0/README.md#morph-targets
frontend/public/vendor/three/examples/jsm/loaders/GLTFLoader.js	2511		// https://github.com/KhronosGroup/glTF/tree/master/extensions/2.0/Khronos/KHR_mesh_quantization#encoding-quantized-data
frontend/public/vendor/three/examples/jsm/loaders/GLTFLoader.js	2981		 * Specification: https://github.com/KhronosGroup/glTF/blob/master/specification/2.0/README.md#buffers-and-buffer-views
frontend/public/vendor/three/examples/jsm/loaders/GLTFLoader.js	3018		 * Specification: https://github.com/KhronosGroup/glTF/blob/master/specification/2.0/README.md#buffers-and-buffer-views
frontend/public/vendor/three/examples/jsm/loaders/GLTFLoader.js	3037		 * Specification: https://github.com/KhronosGroup/glTF/blob/master/specification/2.0/README.md#accessors
frontend/public/vendor/three/examples/jsm/loaders/GLTFLoader.js	3131				// https://github.com/KhronosGroup/glTF/blob/master/specification/2.0/README.md#sparse-accessors
frontend/public/vendor/three/examples/jsm/loaders/GLTFLoader.js	3171		 * Specification: https://github.com/KhronosGroup/glTF/tree/master/specification/2.0#textures
frontend/public/vendor/three/examples/jsm/loaders/GLTFLoader.js	3464						// https://github.com/mrdoob/three.js/issues/11438#issuecomment-507003995
frontend/public/vendor/three/examples/jsm/loaders/GLTFLoader.js	3491		 * Specification: https://github.com/KhronosGroup/glTF/blob/master/specification/2.0/README.md#materials
frontend/public/vendor/three/examples/jsm/loaders/GLTFLoader.js	3517				// https://github.com/KhronosGroup/glTF/tree/master/specification/2.0#metallic-roughness-material
frontend/public/vendor/three/examples/jsm/loaders/GLTFLoader.js	3669		 * Specification: https://github.com/KhronosGroup/glTF/blob/master/specification/2.0/README.md#geometry
frontend/public/vendor/three/examples/jsm/loaders/GLTFLoader.js	3739		 * Specification: https://github.com/KhronosGroup/glTF/blob/master/specification/2.0/README.md#meshes
frontend/public/vendor/three/examples/jsm/loaders/GLTFLoader.js	3796							// normalize skin weights to fix malformed assets (see #15319)
frontend/public/vendor/three/examples/jsm/loaders/GLTFLoader.js	3887		 * Specification: https://github.com/KhronosGroup/glTF/tree/master/specification/2.0#cameras
frontend/public/vendor/three/examples/jsm/loaders/GLTFLoader.js	3923		 * Specification: https://github.com/KhronosGroup/glTF/tree/master/specification/2.0#skins
frontend/public/vendor/three/examples/jsm/loaders/GLTFLoader.js	3993		 * Specification: https://github.com/KhronosGroup/glTF/tree/master/specification/2.0#animations
frontend/public/vendor/three/examples/jsm/loaders/GLTFLoader.js	4120		 * Specification: https://github.com/KhronosGroup/glTF/tree/master/specification/2.0#nodes-and-hierarchy
frontend/public/vendor/three/examples/jsm/loaders/GLTFLoader.js	4327		 * Specification: https://github.com/KhronosGroup/glTF/tree/master/specification/2.0#scenes
frontend/public/vendor/three/examples/jsm/loaders/GLTFLoader.js	4338			// See: https://github.com/mrdoob/three.js/issues/18342#issuecomment-578981172
frontend/public/vendor/three/build/three.module.js	313	// http://stackoverflow.com/questions/105034/how-to-create-a-guid-uuid-in-javascript/21963136#21963136
frontend/public/vendor/three/build/three.module.js	1511			if ( array[ i ] >= 65535 ) return true; // account for PRIMITIVE_RESTART_FIXED_INDEX, #24565
frontend/public/vendor/three/build/three.module.js	3022			// ensure image object is not shared, see #20328
frontend/public/vendor/three/build/three.module.js	3112			// See #14839
frontend/public/vendor/three/build/three.module.js	8661					// #ff0
frontend/public/vendor/three/build/three.module.js	8671					// #ff0000
frontend/public/vendor/three/build/three.module.js	11276			// for simplicity the code assumes attributes are not shared across geometries, see #15811
frontend/public/vendor/three/build/three.module.js	12158			// https://github.com/mrdoob/three.js/pull/23937#issuecomment-1111067398
frontend/public/vendor/three/build/three.module.js	12940						#include <begin_vertex>
frontend/public/vendor/three/build/three.module.js	12941						#include <project_vertex>
frontend/public/vendor/three/build/three.module.js	12952					#include <common>
frontend/public/vendor/three/build/three.module.js	13745	var alphahash_fragment = "#ifdef USE_ALPHAHASH\n\tif ( diffuseColor.a < getAlphaHashThreshold( vPosition ) ) discard;\n#endif";
frontend/public/vendor/three/build/three.module.js	13747	var alphahash_pars_fragment = "#ifdef USE_ALPHAHASH\n\tconst float ALPHA_HASH_SCALE = 0.05;\n\tfloat hash2D( vec2 value ) {\n\t\treturn fract( 1.0e4 * sin( 17.0 * value.x + 0.1 * value.y ) * ( 0.1 + abs( sin( 13.0 * valu
frontend/public/vendor/three/build/three.module.js	13749	var alphamap_fragment = "#ifdef USE_ALPHAMAP\n\tdiffuseColor.a *= texture2D( alphaMap, vAlphaMapUv ).g;\n#endif";
frontend/public/vendor/three/build/three.module.js	13751	var alphamap_pars_fragment = "#ifdef USE_ALPHAMAP\n\tuniform sampler2D alphaMap;\n#endif";
frontend/public/vendor/three/build/three.module.js	13753	var alphatest_fragment = "#ifdef USE_ALPHATEST\n\t#ifdef ALPHA_TO_COVERAGE\n\tdiffuseColor.a = smoothstep( alphaTest, alphaTest + fwidth( diffuseColor.a ), diffuseColor.a );\n\tif ( diffuseColor.a == 0.0 ) discard;\n\t#e
frontend/public/vendor/three/build/three.module.js	13755	var alphatest_pars_fragment = "#ifdef USE_ALPHATEST\n\tuniform float alphaTest;\n#endif";
frontend/public/vendor/three/build/three.module.js	13757	var aomap_fragment = "#ifdef USE_AOMAP\n\tfloat ambientOcclusion = ( texture2D( aoMap, vAoMapUv ).r - 1.0 ) * aoMapIntensity + 1.0;\n\treflectedLight.indirectDiffuse *= ambientOcclusion;\n\t#if defined( USE_CLEARCOAT ) \
frontend/public/vendor/three/build/three.module.js	13759	var aomap_pars_fragment = "#ifdef USE_AOMAP\n\tuniform sampler2D aoMap;\n\tuniform float aoMapIntensity;\n#endif";
frontend/public/vendor/three/build/three.module.js	13761	var batching_pars_vertex = "#ifdef USE_BATCHING\n\tattribute float batchId;\n\tuniform highp sampler2D batchingTexture;\n\tmat4 getBatchingMatrix( const in float i ) {\n\t\tint size = textureSize( batchingTexture, 0 ).x;
frontend/public/vendor/three/build/three.module.js	13763	var batching_vertex = "#ifdef USE_BATCHING\n\tmat4 batchingMatrix = getBatchingMatrix( batchId );\n#endif";
frontend/public/vendor/three/build/three.module.js	13765	var begin_vertex = "vec3 transformed = vec3( position );\n#ifdef USE_ALPHAHASH\n\tvPosition = vec3( position );\n#endif";
frontend/public/vendor/three/build/three.module.js	13767	var beginnormal_vertex = "vec3 objectNormal = vec3( normal );\n#ifdef USE_TANGENT\n\tvec3 objectTangent = vec3( tangent.xyz );\n#endif";
frontend/public/vendor/three/build/three.module.js	13771	var iridescence_fragment = "#ifdef USE_IRIDESCENCE\n\tconst mat3 XYZ_TO_REC709 = mat3(\n\t\t 3.2404542, -0.9692660,  0.0556434,\n\t\t-1.5371385,  1.8760108, -0.2040259,\n\t\t-0.4985314,  0.0415560,  1.0572252\n\t);\n\tve
frontend/public/vendor/three/build/three.module.js	13773	var bumpmap_pars_fragment = "#ifdef USE_BUMPMAP\n\tuniform sampler2D bumpMap;\n\tuniform float bumpScale;\n\tvec2 dHdxy_fwd() {\n\t\tvec2 dSTdx = dFdx( vBumpMapUv );\n\t\tvec2 dSTdy = dFdy( vBumpMapUv );\n\t\tfloat Hll =
frontend/public/vendor/three/build/three.module.js	13775	var clipping_planes_fragment = "#if NUM_CLIPPING_PLANES > 0\n\tvec4 plane;\n\t#ifdef ALPHA_TO_COVERAGE\n\t\tfloat distanceToPlane, distanceGradient;\n\t\tfloat clipOpacity = 1.0;\n\t\t#pragma unroll_loop_start\n\t\tfor (
frontend/public/vendor/three/build/three.module.js	13777	var clipping_planes_pars_fragment = "#if NUM_CLIPPING_PLANES > 0\n\tvarying vec3 vClipPosition;\n\tuniform vec4 clippingPlanes[ NUM_CLIPPING_PLANES ];\n#endif";
frontend/public/vendor/three/build/three.module.js	13779	var clipping_planes_pars_vertex = "#if NUM_CLIPPING_PLANES > 0\n\tvarying vec3 vClipPosition;\n#endif";
frontend/public/vendor/three/build/three.module.js	13781	var clipping_planes_vertex = "#if NUM_CLIPPING_PLANES > 0\n\tvClipPosition = - mvPosition.xyz;\n#endif";
frontend/public/vendor/three/build/three.module.js	13783	var color_fragment = "#if defined( USE_COLOR_ALPHA )\n\tdiffuseColor *= vColor;\n#elif defined( USE_COLOR )\n\tdiffuseColor.rgb *= vColor;\n#endif";
frontend/public/vendor/three/build/three.module.js	13785	var color_pars_fragment = "#if defined( USE_COLOR_ALPHA )\n\tvarying vec4 vColor;\n#elif defined( USE_COLOR )\n\tvarying vec3 vColor;\n#endif";
frontend/public/vendor/three/build/three.module.js	13787	var color_pars_vertex = "#if defined( USE_COLOR_ALPHA )\n\tvarying vec4 vColor;\n#elif defined( USE_COLOR ) || defined( USE_INSTANCING_COLOR )\n\tvarying vec3 vColor;\n#endif";
frontend/public/vendor/three/build/three.module.js	13789	var color_vertex = "#if defined( USE_COLOR_ALPHA )\n\tvColor = vec4( 1.0 );\n#elif defined( USE_COLOR ) || defined( USE_INSTANCING_COLOR )\n\tvColor = vec3( 1.0 );\n#endif\n#ifdef USE_COLOR\n\tvColor *= color;\n#endif\n#
frontend/public/vendor/three/build/three.module.js	13791	var common = "#define PI 3.141592653589793\n#define PI2 6.283185307179586\n#define PI_HALF 1.5707963267948966\n#define RECIPROCAL_PI 0.3183098861837907\n#define RECIPROCAL_PI2 0.15915494309189535\n#define EPSILON 1e-6\n#
frontend/public/vendor/three/build/three.module.js	13793	var cube_uv_reflection_fragment = "#ifdef ENVMAP_TYPE_CUBE_UV\n\t#define cubeUV_minMipLevel 4.0\n\t#define cubeUV_minTileSize 16.0\n\tfloat getFace( vec3 direction ) {\n\t\tvec3 absDirection = abs( direction );\n\t\tfloa
frontend/public/vendor/three/build/three.module.js	13795	var defaultnormal_vertex = "vec3 transformedNormal = objectNormal;\n#ifdef USE_TANGENT\n\tvec3 transformedTangent = objectTangent;\n#endif\n#ifdef USE_BATCHING\n\tmat3 bm = mat3( batchingMatrix );\n\ttransformedNormal /=
frontend/public/vendor/three/build/three.module.js	13797	var displacementmap_pars_vertex = "#ifdef USE_DISPLACEMENTMAP\n\tuniform sampler2D displacementMap;\n\tuniform float displacementScale;\n\tuniform float displacementBias;\n#endif";
frontend/public/vendor/three/build/three.module.js	13799	var displacementmap_vertex = "#ifdef USE_DISPLACEMENTMAP\n\ttransformed += normalize( objectNormal ) * ( texture2D( displacementMap, vDisplacementMapUv ).x * displacementScale + displacementBias );\n#endif";
frontend/public/vendor/three/build/three.module.js	13801	var emissivemap_fragment = "#ifdef USE_EMISSIVEMAP\n\tvec4 emissiveColor = texture2D( emissiveMap, vEmissiveMapUv );\n\ttotalEmissiveRadiance *= emissiveColor.rgb;\n#endif";
frontend/public/vendor/three/build/three.module.js	13803	var emissivemap_pars_fragment = "#ifdef USE_EMISSIVEMAP\n\tuniform sampler2D emissiveMap;\n#endif";
frontend/public/vendor/three/build/three.module.js	13809	var envmap_fragment = "#ifdef USE_ENVMAP\n\t#ifdef ENV_WORLDPOS\n\t\tvec3 cameraToFrag;\n\t\tif ( isOrthographic ) {\n\t\t\tcameraToFrag = normalize( vec3( - viewMatrix[ 0 ][ 2 ], - viewMatrix[ 1 ][ 2 ], - viewMatrix[ 2 
frontend/public/vendor/three/build/three.module.js	13811	var envmap_common_pars_fragment = "#ifdef USE_ENVMAP\n\tuniform float envMapIntensity;\n\tuniform float flipEnvMap;\n\tuniform mat3 envMapRotation;\n\t#ifdef ENVMAP_TYPE_CUBE\n\t\tuniform samplerCube envMap;\n\t#else\n\t
frontend/public/vendor/three/build/three.module.js	13813	var envmap_pars_fragment = "#ifdef USE_ENVMAP\n\tuniform float reflectivity;\n\t#if defined( USE_BUMPMAP ) || defined( USE_NORMALMAP ) || defined( PHONG ) || defined( LAMBERT )\n\t\t#define ENV_WORLDPOS\n\t#endif\n\t#ifd
frontend/public/vendor/three/build/three.module.js	13815	var envmap_pars_vertex = "#ifdef USE_ENVMAP\n\t#if defined( USE_BUMPMAP ) || defined( USE_NORMALMAP ) || defined( PHONG ) || defined( LAMBERT )\n\t\t#define ENV_WORLDPOS\n\t#endif\n\t#ifdef ENV_WORLDPOS\n\t\t\n\t\tvaryin
frontend/public/vendor/three/build/three.module.js	13817	var envmap_vertex = "#ifdef USE_ENVMAP\n\t#ifdef ENV_WORLDPOS\n\t\tvWorldPosition = worldPosition.xyz;\n\t#else\n\t\tvec3 cameraToVertex;\n\t\tif ( isOrthographic ) {\n\t\t\tcameraToVertex = normalize( vec3( - viewMatrix
frontend/public/vendor/three/build/three.module.js	13819	var fog_vertex = "#ifdef USE_FOG\n\tvFogDepth = - mvPosition.z;\n#endif";
frontend/public/vendor/three/build/three.module.js	13821	var fog_pars_vertex = "#ifdef USE_FOG\n\tvarying float vFogDepth;\n#endif";
frontend/public/vendor/three/build/three.module.js	13823	var fog_fragment = "#ifdef USE_FOG\n\t#ifdef FOG_EXP2\n\t\tfloat fogFactor = 1.0 - exp( - fogDensity * fogDensity * vFogDepth * vFogDepth );\n\t#else\n\t\tfloat fogFactor = smoothstep( fogNear, fogFar, vFogDepth );\n\t#e
frontend/public/vendor/three/build/three.module.js	13825	var fog_pars_fragment = "#ifdef USE_FOG\n\tuniform vec3 fogColor;\n\tvarying float vFogDepth;\n\t#ifdef FOG_EXP2\n\t\tuniform float fogDensity;\n\t#else\n\t\tuniform float fogNear;\n\t\tuniform float fogFar;\n\t#endif\n#
frontend/public/vendor/three/build/three.module.js	13827	var gradientmap_pars_fragment = "#ifdef USE_GRADIENTMAP\n\tuniform sampler2D gradientMap;\n#endif\nvec3 getGradientIrradiance( vec3 normal, vec3 lightDirection ) {\n\tfloat dotNL = dot( normal, lightDirection );\n\tvec2 
frontend/public/vendor/three/build/three.module.js	13829	var lightmap_pars_fragment = "#ifdef USE_LIGHTMAP\n\tuniform sampler2D lightMap;\n\tuniform float lightMapIntensity;\n#endif";
frontend/public/vendor/three/build/three.module.js	13833	var lights_lambert_pars_fragment = "varying vec3 vViewPosition;\nstruct LambertMaterial {\n\tvec3 diffuseColor;\n\tfloat specularStrength;\n};\nvoid RE_Direct_Lambert( const in IncidentLight directLight, const in vec3 ge
frontend/public/vendor/three/build/three.module.js	13835	var lights_pars_begin = "uniform bool receiveShadow;\nuniform vec3 ambientLightColor;\n#if defined( USE_LIGHT_PROBES )\n\tuniform vec3 lightProbe[ 9 ];\n#endif\nvec3 shGetIrradianceAt( in vec3 normal, in vec3 shCoefficie
frontend/public/vendor/three/build/three.module.js	13837	var envmap_physical_pars_fragment = "#ifdef USE_ENVMAP\n\tvec3 getIBLIrradiance( const in vec3 normal ) {\n\t\t#ifdef ENVMAP_TYPE_CUBE_UV\n\t\t\tvec3 worldNormal = inverseTransformDirection( normal, viewMatrix );\n\t\t\t
frontend/public/vendor/three/build/three.module.js	13841	var lights_toon_pars_fragment = "varying vec3 vViewPosition;\nstruct ToonMaterial {\n\tvec3 diffuseColor;\n};\nvoid RE_Direct_Toon( const in IncidentLight directLight, const in vec3 geometryPosition, const in vec3 geomet
frontend/public/vendor/three/build/three.module.js	13845	var lights_phong_pars_fragment = "varying vec3 vViewPosition;\nstruct BlinnPhongMaterial {\n\tvec3 diffuseColor;\n\tvec3 specularColor;\n\tfloat specularShininess;\n\tfloat specularStrength;\n};\nvoid RE_Direct_BlinnPhon
frontend/public/vendor/three/build/three.module.js	13847	var lights_physical_fragment = "PhysicalMaterial material;\nmaterial.diffuseColor = diffuseColor.rgb * ( 1.0 - metalnessFactor );\nvec3 dxy = max( abs( dFdx( nonPerturbedNormal ) ), abs( dFdy( nonPerturbedNormal ) ) );\n
frontend/public/vendor/three/build/three.module.js	13849	var lights_physical_pars_fragment = "struct PhysicalMaterial {\n\tvec3 diffuseColor;\n\tfloat roughness;\n\tvec3 specularColor;\n\tfloat specularF90;\n\tfloat dispersion;\n\t#ifdef USE_CLEARCOAT\n\t\tfloat clearcoat;\n\t
frontend/public/vendor/three/build/three.module.js	13851	var lights_fragment_begin = "\nvec3 geometryPosition = - vViewPosition;\nvec3 geometryNormal = normal;\nvec3 geometryViewDir = ( isOrthographic ) ? vec3( 0, 0, 1 ) : normalize( vViewPosition );\nvec3 geometryClearcoatNor
frontend/public/vendor/three/build/three.module.js	13853	var lights_fragment_maps = "#if defined( RE_IndirectDiffuse )\n\t#ifdef USE_LIGHTMAP\n\t\tvec4 lightMapTexel = texture2D( lightMap, vLightMapUv );\n\t\tvec3 lightMapIrradiance = lightMapTexel.rgb * lightMapIntensity;\n\t
frontend/public/vendor/three/build/three.module.js	13855	var lights_fragment_end = "#if defined( RE_IndirectDiffuse )\n\tRE_IndirectDiffuse( irradiance, geometryPosition, geometryNormal, geometryViewDir, geometryClearcoatNormal, material, reflectedLight );\n#endif\n#if defined
frontend/public/vendor/three/build/three.module.js	13857	var logdepthbuf_fragment = "#if defined( USE_LOGDEPTHBUF )\n\tgl_FragDepth = vIsPerspective == 0.0 ? gl_FragCoord.z : log2( vFragDepth ) * logDepthBufFC * 0.5;\n#endif";
frontend/public/vendor/three/build/three.module.js	13859	var logdepthbuf_pars_fragment = "#if defined( USE_LOGDEPTHBUF )\n\tuniform float logDepthBufFC;\n\tvarying float vFragDepth;\n\tvarying float vIsPerspective;\n#endif";
frontend/public/vendor/three/build/three.module.js	13861	var logdepthbuf_pars_vertex = "#ifdef USE_LOGDEPTHBUF\n\tvarying float vFragDepth;\n\tvarying float vIsPerspective;\n#endif";
frontend/public/vendor/three/build/three.module.js	13863	var logdepthbuf_vertex = "#ifdef USE_LOGDEPTHBUF\n\tvFragDepth = 1.0 + gl_Position.w;\n\tvIsPerspective = float( isPerspectiveMatrix( projectionMatrix ) );\n#endif";
frontend/public/vendor/three/build/three.module.js	13865	var map_fragment = "#ifdef USE_MAP\n\tvec4 sampledDiffuseColor = texture2D( map, vMapUv );\n\t#ifdef DECODE_VIDEO_TEXTURE\n\t\tsampledDiffuseColor = vec4( mix( pow( sampledDiffuseColor.rgb * 0.9478672986 + vec3( 0.052132
frontend/public/vendor/three/build/three.module.js	13867	var map_pars_fragment = "#ifdef USE_MAP\n\tuniform sampler2D map;\n#endif";
frontend/public/vendor/three/build/three.module.js	13869	var map_particle_fragment = "#if defined( USE_MAP ) || defined( USE_ALPHAMAP )\n\t#if defined( USE_POINTS_UV )\n\t\tvec2 uv = vUv;\n\t#else\n\t\tvec2 uv = ( uvTransform * vec3( gl_PointCoord.x, 1.0 - gl_PointCoord.y, 1 )
frontend/public/vendor/three/build/three.module.js	13871	var map_particle_pars_fragment = "#if defined( USE_POINTS_UV )\n\tvarying vec2 vUv;\n#else\n\t#if defined( USE_MAP ) || defined( USE_ALPHAMAP )\n\t\tuniform mat3 uvTransform;\n\t#endif\n#endif\n#ifdef USE_MAP\n\tuniform 
frontend/public/vendor/three/build/three.module.js	13873	var metalnessmap_fragment = "float metalnessFactor = metalness;\n#ifdef USE_METALNESSMAP\n\tvec4 texelMetalness = texture2D( metalnessMap, vMetalnessMapUv );\n\tmetalnessFactor *= texelMetalness.b;\n#endif";
frontend/public/vendor/three/build/three.module.js	13875	var metalnessmap_pars_fragment = "#ifdef USE_METALNESSMAP\n\tuniform sampler2D metalnessMap;\n#endif";
frontend/public/vendor/three/build/three.module.js	13877	var morphinstance_vertex = "#ifdef USE_INSTANCING_MORPH\n\tfloat morphTargetInfluences[MORPHTARGETS_COUNT];\n\tfloat morphTargetBaseInfluence = texelFetch( morphTexture, ivec2( 0, gl_InstanceID ), 0 ).r;\n\tfor ( int i =
frontend/public/vendor/three/build/three.module.js	13879	var morphcolor_vertex = "#if defined( USE_MORPHCOLORS ) && defined( MORPHTARGETS_TEXTURE )\n\tvColor *= morphTargetBaseInfluence;\n\tfor ( int i = 0; i < MORPHTARGETS_COUNT; i ++ ) {\n\t\t#if defined( USE_COLOR_ALPHA )\n
frontend/public/vendor/three/build/three.module.js	13881	var morphnormal_vertex = "#ifdef USE_MORPHNORMALS\n\tobjectNormal *= morphTargetBaseInfluence;\n\t#ifdef MORPHTARGETS_TEXTURE\n\t\tfor ( int i = 0; i < MORPHTARGETS_COUNT; i ++ ) {\n\t\t\tif ( morphTargetInfluences[ i ] 
frontend/public/vendor/three/build/three.module.js	13883	var morphtarget_pars_vertex = "#ifdef USE_MORPHTARGETS\n\t#ifndef USE_INSTANCING_MORPH\n\t\tuniform float morphTargetBaseInfluence;\n\t#endif\n\t#ifdef MORPHTARGETS_TEXTURE\n\t\t#ifndef USE_INSTANCING_MORPH\n\t\t\tunifor
frontend/public/vendor/three/build/three.module.js	13885	var morphtarget_vertex = "#ifdef USE_MORPHTARGETS\n\ttransformed *= morphTargetBaseInfluence;\n\t#ifdef MORPHTARGETS_TEXTURE\n\t\tfor ( int i = 0; i < MORPHTARGETS_COUNT; i ++ ) {\n\t\t\tif ( morphTargetInfluences[ i ] !
frontend/public/vendor/three/build/three.module.js	13887	var normal_fragment_begin = "float faceDirection = gl_FrontFacing ? 1.0 : - 1.0;\n#ifdef FLAT_SHADED\n\tvec3 fdx = dFdx( vViewPosition );\n\tvec3 fdy = dFdy( vViewPosition );\n\tvec3 normal = normalize( cross( fdx, fdy )
frontend/public/vendor/three/build/three.module.js	13889	var normal_fragment_maps = "#ifdef USE_NORMALMAP_OBJECTSPACE\n\tnormal = texture2D( normalMap, vNormalMapUv ).xyz * 2.0 - 1.0;\n\t#ifdef FLIP_SIDED\n\t\tnormal = - normal;\n\t#endif\n\t#ifdef DOUBLE_SIDED\n\t\tnormal = n
frontend/public/vendor/three/build/three.module.js	13891	var normal_pars_fragment = "#ifndef FLAT_SHADED\n\tvarying vec3 vNormal;\n\t#ifdef USE_TANGENT\n\t\tvarying vec3 vTangent;\n\t\tvarying vec3 vBitangent;\n\t#endif\n#endif";
frontend/public/vendor/three/build/three.module.js	13893	var normal_pars_vertex = "#ifndef FLAT_SHADED\n\tvarying vec3 vNormal;\n\t#ifdef USE_TANGENT\n\t\tvarying vec3 vTangent;\n\t\tvarying vec3 vBitangent;\n\t#endif\n#endif";
frontend/public/vendor/three/build/three.module.js	13895	var normal_vertex = "#ifndef FLAT_SHADED\n\tvNormal = normalize( transformedNormal );\n\t#ifdef USE_TANGENT\n\t\tvTangent = normalize( transformedTangent );\n\t\tvBitangent = normalize( cross( vNormal, vTangent ) * tange
frontend/public/vendor/three/build/three.module.js	13897	var normalmap_pars_fragment = "#ifdef USE_NORMALMAP\n\tuniform sampler2D normalMap;\n\tuniform vec2 normalScale;\n#endif\n#ifdef USE_NORMALMAP_OBJECTSPACE\n\tuniform mat3 normalMatrix;\n#endif\n#if ! defined ( USE_TANGEN
frontend/public/vendor/three/build/three.module.js	13899	var clearcoat_normal_fragment_begin = "#ifdef USE_CLEARCOAT\n\tvec3 clearcoatNormal = nonPerturbedNormal;\n#endif";
frontend/public/vendor/three/build/three.module.js	13901	var clearcoat_normal_fragment_maps = "#ifdef USE_CLEARCOAT_NORMALMAP\n\tvec3 clearcoatMapN = texture2D( clearcoatNormalMap, vClearcoatNormalMapUv ).xyz * 2.0 - 1.0;\n\tclearcoatMapN.xy *= clearcoatNormalScale;\n\tclearco
frontend/public/vendor/three/build/three.module.js	13903	var clearcoat_pars_fragment = "#ifdef USE_CLEARCOATMAP\n\tuniform sampler2D clearcoatMap;\n#endif\n#ifdef USE_CLEARCOAT_NORMALMAP\n\tuniform sampler2D clearcoatNormalMap;\n\tuniform vec2 clearcoatNormalScale;\n#endif\n#i
frontend/public/vendor/three/build/three.module.js	13905	var iridescence_pars_fragment = "#ifdef USE_IRIDESCENCEMAP\n\tuniform sampler2D iridescenceMap;\n#endif\n#ifdef USE_IRIDESCENCE_THICKNESSMAP\n\tuniform sampler2D iridescenceThicknessMap;\n#endif";
frontend/public/vendor/three/build/three.module.js	13907	var opaque_fragment = "#ifdef OPAQUE\ndiffuseColor.a = 1.0;\n#endif\n#ifdef USE_TRANSMISSION\ndiffuseColor.a *= material.transmissionAlpha;\n#endif\ngl_FragColor = vec4( outgoingLight, diffuseColor.a );";
frontend/public/vendor/three/build/three.module.js	13911	var premultiplied_alpha_fragment = "#ifdef PREMULTIPLIED_ALPHA\n\tgl_FragColor.rgb *= gl_FragColor.a;\n#endif";
frontend/public/vendor/three/build/three.module.js	13913	var project_vertex = "vec4 mvPosition = vec4( transformed, 1.0 );\n#ifdef USE_BATCHING\n\tmvPosition = batchingMatrix * mvPosition;\n#endif\n#ifdef USE_INSTANCING\n\tmvPosition = instanceMatrix * mvPosition;\n#endif\nmvP
frontend/public/vendor/three/build/three.module.js	13915	var dithering_fragment = "#ifdef DITHERING\n\tgl_FragColor.rgb = dithering( gl_FragColor.rgb );\n#endif";
frontend/public/vendor/three/build/three.module.js	13917	var dithering_pars_fragment = "#ifdef DITHERING\n\tvec3 dithering( vec3 color ) {\n\t\tfloat grid_position = rand( gl_FragCoord.xy );\n\t\tvec3 dither_shift_RGB = vec3( 0.25 / 255.0, -0.25 / 255.0, 0.25 / 255.0 );\n\t\td
frontend/public/vendor/three/build/three.module.js	13919	var roughnessmap_fragment = "float roughnessFactor = roughness;\n#ifdef USE_ROUGHNESSMAP\n\tvec4 texelRoughness = texture2D( roughnessMap, vRoughnessMapUv );\n\troughnessFactor *= texelRoughness.g;\n#endif";
frontend/public/vendor/three/build/three.module.js	13921	var roughnessmap_pars_fragment = "#ifdef USE_ROUGHNESSMAP\n\tuniform sampler2D roughnessMap;\n#endif";
frontend/public/vendor/three/build/three.module.js	13923	var shadowmap_pars_fragment = "#if NUM_SPOT_LIGHT_COORDS > 0\n\tvarying vec4 vSpotLightCoord[ NUM_SPOT_LIGHT_COORDS ];\n#endif\n#if NUM_SPOT_LIGHT_MAPS > 0\n\tuniform sampler2D spotLightMap[ NUM_SPOT_LIGHT_MAPS ];\n#endi
frontend/public/vendor/three/build/three.module.js	13925	var shadowmap_pars_vertex = "#if NUM_SPOT_LIGHT_COORDS > 0\n\tuniform mat4 spotLightMatrix[ NUM_SPOT_LIGHT_COORDS ];\n\tvarying vec4 vSpotLightCoord[ NUM_SPOT_LIGHT_COORDS ];\n#endif\n#ifdef USE_SHADOWMAP\n\t#if NUM_DIR_
frontend/public/vendor/three/build/three.module.js	13927	var shadowmap_vertex = "#if ( defined( USE_SHADOWMAP ) && ( NUM_DIR_LIGHT_SHADOWS > 0 || NUM_POINT_LIGHT_SHADOWS > 0 ) ) || ( NUM_SPOT_LIGHT_COORDS > 0 )\n\tvec3 shadowWorldNormal = inverseTransformDirection( transformed
frontend/public/vendor/three/build/three.module.js	13929	var shadowmask_pars_fragment = "float getShadowMask() {\n\tfloat shadow = 1.0;\n\t#ifdef USE_SHADOWMAP\n\t#if NUM_DIR_LIGHT_SHADOWS > 0\n\tDirectionalLightShadow directionalLight;\n\t#pragma unroll_loop_start\n\tfor ( in
frontend/public/vendor/three/build/three.module.js	13931	var skinbase_vertex = "#ifdef USE_SKINNING\n\tmat4 boneMatX = getBoneMatrix( skinIndex.x );\n\tmat4 boneMatY = getBoneMatrix( skinIndex.y );\n\tmat4 boneMatZ = getBoneMatrix( skinIndex.z );\n\tmat4 boneMatW = getBoneMatr
frontend/public/vendor/three/build/three.module.js	13933	var skinning_pars_vertex = "#ifdef USE_SKINNING\n\tuniform mat4 bindMatrix;\n\tuniform mat4 bindMatrixInverse;\n\tuniform highp sampler2D boneTexture;\n\tmat4 getBoneMatrix( const in float i ) {\n\t\tint size = textureSi
frontend/public/vendor/three/build/three.module.js	13935	var skinning_vertex = "#ifdef USE_SKINNING\n\tvec4 skinVertex = bindMatrix * vec4( transformed, 1.0 );\n\tvec4 skinned = vec4( 0.0 );\n\tskinned += boneMatX * skinVertex * skinWeight.x;\n\tskinned += boneMatY * skinVerte
frontend/public/vendor/three/build/three.module.js	13937	var skinnormal_vertex = "#ifdef USE_SKINNING\n\tmat4 skinMatrix = mat4( 0.0 );\n\tskinMatrix += skinWeight.x * boneMatX;\n\tskinMatrix += skinWeight.y * boneMatY;\n\tskinMatrix += skinWeight.z * boneMatZ;\n\tskinMatrix +
frontend/public/vendor/three/build/three.module.js	13939	var specularmap_fragment = "float specularStrength;\n#ifdef USE_SPECULARMAP\n\tvec4 texelSpecular = texture2D( specularMap, vSpecularMapUv );\n\tspecularStrength = texelSpecular.r;\n#else\n\tspecularStrength = 1.0;\n#end
frontend/public/vendor/three/build/three.module.js	13941	var specularmap_pars_fragment = "#ifdef USE_SPECULARMAP\n\tuniform sampler2D specularMap;\n#endif";
frontend/public/vendor/three/build/three.module.js	13943	var tonemapping_fragment = "#if defined( TONE_MAPPING )\n\tgl_FragColor.rgb = toneMapping( gl_FragColor.rgb );\n#endif";
frontend/public/vendor/three/build/three.module.js	13945	var tonemapping_pars_fragment = "#ifndef saturate\n#define saturate( a ) clamp( a, 0.0, 1.0 )\n#endif\nuniform float toneMappingExposure;\nvec3 LinearToneMapping( vec3 color ) {\n\treturn saturate( toneMappingExposure * 
frontend/public/vendor/three/build/three.module.js	13947	var transmission_fragment = "#ifdef USE_TRANSMISSION\n\tmaterial.transmission = transmission;\n\tmaterial.transmissionAlpha = 1.0;\n\tmaterial.thickness = thickness;\n\tmaterial.attenuationDistance = attenuationDistance;
frontend/public/vendor/three/build/three.module.js	13949	var transmission_pars_fragment = "#ifdef USE_TRANSMISSION\n\tuniform float transmission;\n\tuniform float thickness;\n\tuniform float attenuationDistance;\n\tuniform vec3 attenuationColor;\n\t#ifdef USE_TRANSMISSIONMAP\n
frontend/public/vendor/three/build/three.module.js	13951	var uv_pars_fragment = "#if defined( USE_UV ) || defined( USE_ANISOTROPY )\n\tvarying vec2 vUv;\n#endif\n#ifdef USE_MAP\n\tvarying vec2 vMapUv;\n#endif\n#ifdef USE_ALPHAMAP\n\tvarying vec2 vAlphaMapUv;\n#endif\n#ifdef US
frontend/public/vendor/three/build/three.module.js	13953	var uv_pars_vertex = "#if defined( USE_UV ) || defined( USE_ANISOTROPY )\n\tvarying vec2 vUv;\n#endif\n#ifdef USE_MAP\n\tuniform mat3 mapTransform;\n\tvarying vec2 vMapUv;\n#endif\n#ifdef USE_ALPHAMAP\n\tuniform mat3 alp
frontend/public/vendor/three/build/three.module.js	13955	var uv_vertex = "#if defined( USE_UV ) || defined( USE_ANISOTROPY )\n\tvUv = vec3( uv, 1 ).xy;\n#endif\n#ifdef USE_MAP\n\tvMapUv = ( mapTransform * vec3( MAP_UV, 1 ) ).xy;\n#endif\n#ifdef USE_ALPHAMAP\n\tvAlphaMapUv = ( 
frontend/public/vendor/three/build/three.module.js	13957	var worldpos_vertex = "#if defined( USE_ENVMAP ) || defined( DISTANCE ) || defined ( USE_SHADOWMAP ) || defined ( USE_TRANSMISSION ) || NUM_SPOT_LIGHT_COORDS > 0\n\tvec4 worldPosition = vec4( transformed, 1.0 );\n\t#ifde
frontend/public/vendor/three/build/three.module.js	13961	const fragment$h = "uniform sampler2D t2D;\nuniform float backgroundIntensity;\nvarying vec2 vUv;\nvoid main() {\n\tvec4 texColor = texture2D( t2D, vUv );\n\t#ifdef DECODE_VIDEO_TEXTURE\n\t\ttexColor = vec4( mix( pow( te
frontend/public/vendor/three/build/three.module.js	13963	const vertex$g = "varying vec3 vWorldDirection;\n#include <common>\nvoid main() {\n\tvWorldDirection = transformDirection( position, modelMatrix );\n\t#include <begin_vertex>\n\t#include <project_vertex>\n\tgl_Position.z
frontend/public/vendor/three/build/three.module.js	13965	const fragment$g = "#ifdef ENVMAP_TYPE_CUBE\n\tuniform samplerCube envMap;\n#elif defined( ENVMAP_TYPE_CUBE_UV )\n\tuniform sampler2D envMap;\n#endif\nuniform float flipEnvMap;\nuniform float backgroundBlurriness;\nunifo
frontend/public/vendor/three/build/three.module.js	13967	const vertex$f = "varying vec3 vWorldDirection;\n#include <common>\nvoid main() {\n\tvWorldDirection = transformDirection( position, modelMatrix );\n\t#include <begin_vertex>\n\t#include <project_vertex>\n\tgl_Position.z
frontend/public/vendor/three/build/three.module.js	13969	const fragment$f = "uniform samplerCube tCube;\nuniform float tFlip;\nuniform float opacity;\nvarying vec3 vWorldDirection;\nvoid main() {\n\tvec4 texColor = textureCube( tCube, vec3( tFlip * vWorldDirection.x, vWorldDir
frontend/public/vendor/three/build/three.module.js	13971	const vertex$e = "#include <common>\n#include <batching_pars_vertex>\n#include <uv_pars_vertex>\n#include <displacementmap_pars_vertex>\n#include <morphtarget_pars_vertex>\n#include <skinning_pars_vertex>\n#include <logd
frontend/public/vendor/three/build/three.module.js	13973	const fragment$e = "#if DEPTH_PACKING == 3200\n\tuniform float opacity;\n#endif\n#include <common>\n#include <packing>\n#include <uv_pars_fragment>\n#include <map_pars_fragment>\n#include <alphamap_pars_fragment>\n#inclu
frontend/public/vendor/three/build/three.module.js	13975	const vertex$d = "#define DISTANCE\nvarying vec3 vWorldPosition;\n#include <common>\n#include <batching_pars_vertex>\n#include <uv_pars_vertex>\n#include <displacementmap_pars_vertex>\n#include <morphtarget_pars_vertex>\
frontend/public/vendor/three/build/three.module.js	13977	const fragment$d = "#define DISTANCE\nuniform vec3 referencePosition;\nuniform float nearDistance;\nuniform float farDistance;\nvarying vec3 vWorldPosition;\n#include <common>\n#include <packing>\n#include <uv_pars_fragm
frontend/public/vendor/three/build/three.module.js	13979	const vertex$c = "varying vec3 vWorldDirection;\n#include <common>\nvoid main() {\n\tvWorldDirection = transformDirection( position, modelMatrix );\n\t#include <begin_vertex>\n\t#include <project_vertex>\n}";
frontend/public/vendor/three/build/three.module.js	13981	const fragment$c = "uniform sampler2D tEquirect;\nvarying vec3 vWorldDirection;\n#include <common>\nvoid main() {\n\tvec3 direction = normalize( vWorldDirection );\n\tvec2 sampleUV = equirectUv( direction );\n\tgl_FragCo
frontend/public/vendor/three/build/three.module.js	13983	const vertex$b = "uniform float scale;\nattribute float lineDistance;\nvarying float vLineDistance;\n#include <common>\n#include <uv_pars_vertex>\n#include <color_pars_vertex>\n#include <fog_pars_vertex>\n#include <morph
frontend/public/vendor/three/build/three.module.js	13985	const fragment$b = "uniform vec3 diffuse;\nuniform float opacity;\nuniform float dashSize;\nuniform float totalSize;\nvarying float vLineDistance;\n#include <common>\n#include <color_pars_fragment>\n#include <uv_pars_fra
frontend/public/vendor/three/build/three.module.js	13987	const vertex$a = "#include <common>\n#include <batching_pars_vertex>\n#include <uv_pars_vertex>\n#include <envmap_pars_vertex>\n#include <color_pars_vertex>\n#include <fog_pars_vertex>\n#include <morphtarget_pars_vertex>
frontend/public/vendor/three/build/three.module.js	13989	const fragment$a = "uniform vec3 diffuse;\nuniform float opacity;\n#ifndef FLAT_SHADED\n\tvarying vec3 vNormal;\n#endif\n#include <common>\n#include <dithering_pars_fragment>\n#include <color_pars_fragment>\n#include <uv
frontend/public/vendor/three/build/three.module.js	13991	const vertex$9 = "#define LAMBERT\nvarying vec3 vViewPosition;\n#include <common>\n#include <batching_pars_vertex>\n#include <uv_pars_vertex>\n#include <displacementmap_pars_vertex>\n#include <envmap_pars_vertex>\n#inclu
frontend/public/vendor/three/build/three.module.js	13993	const fragment$9 = "#define LAMBERT\nuniform vec3 diffuse;\nuniform vec3 emissive;\nuniform float opacity;\n#include <common>\n#include <packing>\n#include <dithering_pars_fragment>\n#include <color_pars_fragment>\n#incl
frontend/public/vendor/three/build/three.module.js	13995	const vertex$8 = "#define MATCAP\nvarying vec3 vViewPosition;\n#include <common>\n#include <batching_pars_vertex>\n#include <uv_pars_vertex>\n#include <color_pars_vertex>\n#include <displacementmap_pars_vertex>\n#include
frontend/public/vendor/three/build/three.module.js	13997	const fragment$8 = "#define MATCAP\nuniform vec3 diffuse;\nuniform float opacity;\nuniform sampler2D matcap;\nvarying vec3 vViewPosition;\n#include <common>\n#include <dithering_pars_fragment>\n#include <color_pars_fragm
frontend/public/vendor/three/build/three.module.js	13999	const vertex$7 = "#define NORMAL\n#if defined( FLAT_SHADED ) || defined( USE_BUMPMAP ) || defined( USE_NORMALMAP_TANGENTSPACE )\n\tvarying vec3 vViewPosition;\n#endif\n#include <common>\n#include <batching_pars_vertex>\n
frontend/public/vendor/three/build/three.module.js	14001	const fragment$7 = "#define NORMAL\nuniform float opacity;\n#if defined( FLAT_SHADED ) || defined( USE_BUMPMAP ) || defined( USE_NORMALMAP_TANGENTSPACE )\n\tvarying vec3 vViewPosition;\n#endif\n#include <packing>\n#inclu
frontend/public/vendor/three/build/three.module.js	14003	const vertex$6 = "#define PHONG\nvarying vec3 vViewPosition;\n#include <common>\n#include <batching_pars_vertex>\n#include <uv_pars_vertex>\n#include <displacementmap_pars_vertex>\n#include <envmap_pars_vertex>\n#include
frontend/public/vendor/three/build/three.module.js	14005	const fragment$6 = "#define PHONG\nuniform vec3 diffuse;\nuniform vec3 emissive;\nuniform vec3 specular;\nuniform float shininess;\nuniform float opacity;\n#include <common>\n#include <packing>\n#include <dithering_pars_
frontend/public/vendor/three/build/three.module.js	14007	const vertex$5 = "#define STANDARD\nvarying vec3 vViewPosition;\n#ifdef USE_TRANSMISSION\n\tvarying vec3 vWorldPosition;\n#endif\n#include <common>\n#include <batching_pars_vertex>\n#include <uv_pars_vertex>\n#include <d
frontend/public/vendor/three/build/three.module.js	14009	const fragment$5 = "#define STANDARD\n#ifdef PHYSICAL\n\t#define IOR\n\t#define USE_SPECULAR\n#endif\nuniform vec3 diffuse;\nuniform vec3 emissive;\nuniform float roughness;\nuniform float metalness;\nuniform float opaci
frontend/public/vendor/three/build/three.module.js	14011	const vertex$4 = "#define TOON\nvarying vec3 vViewPosition;\n#include <common>\n#include <batching_pars_vertex>\n#include <uv_pars_vertex>\n#include <displacementmap_pars_vertex>\n#include <color_pars_vertex>\n#include <
frontend/public/vendor/three/build/three.module.js	14013	const fragment$4 = "#define TOON\nuniform vec3 diffuse;\nuniform vec3 emissive;\nuniform float opacity;\n#include <common>\n#include <packing>\n#include <dithering_pars_fragment>\n#include <color_pars_fragment>\n#include
frontend/public/vendor/three/build/three.module.js	14015	const vertex$3 = "uniform float size;\nuniform float scale;\n#include <common>\n#include <color_pars_vertex>\n#include <fog_pars_vertex>\n#include <morphtarget_pars_vertex>\n#include <logdepthbuf_pars_vertex>\n#include <
frontend/public/vendor/three/build/three.module.js	14017	const fragment$3 = "uniform vec3 diffuse;\nuniform float opacity;\n#include <common>\n#include <color_pars_fragment>\n#include <map_particle_pars_fragment>\n#include <alphatest_pars_fragment>\n#include <alphahash_pars_fr
frontend/public/vendor/three/build/three.module.js	14019	const vertex$2 = "#include <common>\n#include <batching_pars_vertex>\n#include <fog_pars_vertex>\n#include <morphtarget_pars_vertex>\n#include <skinning_pars_vertex>\n#include <logdepthbuf_pars_vertex>\n#include <shadowm
frontend/public/vendor/three/build/three.module.js	14021	const fragment$2 = "uniform vec3 color;\nuniform float opacity;\n#include <common>\n#include <packing>\n#include <fog_pars_fragment>\n#include <bsdfs>\n#include <lights_pars_begin>\n#include <logdepthbuf_pars_fragment>\n
frontend/public/vendor/three/build/three.module.js	14023	const vertex$1 = "uniform float rotation;\nuniform vec2 center;\n#include <common>\n#include <uv_pars_vertex>\n#include <fog_pars_vertex>\n#include <logdepthbuf_pars_vertex>\n#include <clipping_planes_pars_vertex>\nvoid 
frontend/public/vendor/three/build/three.module.js	14025	const fragment$1 = "uniform vec3 diffuse;\nuniform float opacity;\n#include <common>\n#include <uv_pars_fragment>\n#include <map_pars_fragment>\n#include <alphamap_pars_fragment>\n#include <alphatest_pars_fragment>\n#inc
frontend/public/vendor/three/build/three.module.js	15741			if ( textureType !== UnsignedByteType && utils.convert( textureType ) !== gl.getParameter( gl.IMPLEMENTATION_COLOR_READ_TYPE ) && // Edge and Chrome Mac < 52 (#9513)
frontend/public/vendor/three/build/three.module.js	16238	// variance #defines in cube_uv_reflection_fragment.glsl.js.
frontend/public/vendor/three/build/three.module.js	16927				#define ENVMAP_TYPE_CUBE_UV
frontend/public/vendor/three/build/three.module.js	16928				#include <cube_uv_reflection_fragment>
frontend/public/vendor/three/build/three.module.js	17005				#include <common>
frontend/public/vendor/three/build/three.module.js	19331			parameters.extensionClipCullDistance ? '#extension GL_ANGLE_clip_cull_distance : require' : '',
frontend/public/vendor/three/build/three.module.js	19332			parameters.extensionMultiDraw ? '#extension GL_ANGLE_multi_draw : require' : '',
frontend/public/vendor/three/build/three.module.js	19349			chunks.push( '#define ' + name + ' ' + value );
frontend/public/vendor/three/build/three.module.js	19422	const includePattern = /^[ \t]*#include +<([\w\d./]+)>/gm;
frontend/public/vendor/three/build/three.module.js	19447				throw new Error( 'Can not resolve #include <' + include + '>' );
frontend/public/vendor/three/build/three.module.js	19459	const unrollLoopPattern = /#pragma unroll_loop_start\s+for\s*\(\s*int\s+i\s*=\s*(\d+)\s*;\s*i\s*<\s*(\d+)\s*;\s*i\s*\+\+\s*\)\s*{([\s\S]+?)}\s+#pragma unroll_loop_end/g;
frontend/public/vendor/three/build/three.module.js	19508			precisionstring += '\n#define HIGH_PRECISION';
frontend/public/vendor/three/build/three.module.js	19512			precisionstring += '\n#define MEDIUM_PRECISION';
frontend/public/vendor/three/build/three.module.js	19516			precisionstring += '\n#define LOW_PRECISION';
frontend/public/vendor/three/build/three.module.js	19661		let versionString = parameters.glslVersion ? '#version ' + parameters.glslVersion + '\n' : '';
frontend/public/vendor/three/build/three.module.js	19667				'#define SHADER_TYPE ' + parameters.shaderType,
frontend/public/vendor/three/build/three.module.js	19668				'#define SHADER_NAME ' + parameters.shaderName,
frontend/public/vendor/three/build/three.module.js	19682				'#define SHADER_TYPE ' + parameters.shaderType,
frontend/public/vendor/three/build/three.module.js	19683				'#define SHADER_NAME ' + parameters.shaderName,
frontend/public/vendor/three/build/three.module.js	19701				'#define SHADER_TYPE ' + parameters.shaderType,
frontend/public/vendor/three/build/three.module.js	19702				'#define SHADER_NAME ' + parameters.shaderName,
frontend/public/vendor/three/build/three.module.js	19706				parameters.extensionClipCullDistance ? '#define USE_CLIP_DISTANCE' : '',
frontend/public/vendor/three/build/three.module.js	19707				parameters.batching ? '#define USE_BATCHING' : '',
frontend/public/vendor/three/build/three.module.js	19708				parameters.instancing ? '#define USE_INSTANCING' : '',
frontend/public/vendor/three/build/three.module.js	19709				parameters.instancingColor ? '#define USE_INSTANCING_COLOR' : '',
frontend/public/vendor/three/build/three.module.js	19710				parameters.instancingMorph ? '#define USE_INSTANCING_MORPH' : '',
frontend/public/vendor/three/build/three.module.js	19712				parameters.useFog && parameters.fog ? '#define USE_FOG' : '',
frontend/public/vendor/three/build/three.module.js	19713				parameters.useFog && parameters.fogExp2 ? '#define FOG_EXP2' : '',
frontend/public/vendor/three/build/three.module.js	19715				parameters.map ? '#define USE_MAP' : '',
frontend/public/vendor/three/build/three.module.js	19716				parameters.envMap ? '#define USE_ENVMAP' : '',
frontend/public/vendor/three/build/three.module.js	19717				parameters.envMap ? '#define ' + envMapModeDefine : '',
frontend/public/vendor/three/build/three.module.js	19718				parameters.lightMap ? '#define USE_LIGHTMAP' : '',
frontend/public/vendor/three/build/three.module.js	19719				parameters.aoMap ? '#define USE_AOMAP' : '',
frontend/public/vendor/three/build/three.module.js	19720				parameters.bumpMap ? '#define USE_BUMPMAP' : '',
frontend/public/vendor/three/build/three.module.js	19721				parameters.normalMap ? '#define USE_NORMALMAP' : '',
frontend/public/vendor/three/build/three.module.js	19722				parameters.normalMapObjectSpace ? '#define USE_NORMALMAP_OBJECTSPACE' : '',
frontend/public/vendor/three/build/three.module.js	19723				parameters.normalMapTangentSpace ? '#define USE_NORMALMAP_TANGENTSPACE' : '',
frontend/public/vendor/three/build/three.module.js	19724				parameters.displacementMap ? '#define USE_DISPLACEMENTMAP' : '',
frontend/public/vendor/three/build/three.module.js	19725				parameters.emissiveMap ? '#define USE_EMISSIVEMAP' : '',
frontend/public/vendor/three/build/three.module.js	19727				parameters.anisotropy ? '#define USE_ANISOTROPY' : '',
frontend/public/vendor/three/build/three.module.js	19728				parameters.anisotropyMap ? '#define USE_ANISOTROPYMAP' : '',
frontend/public/vendor/three/build/three.module.js	19730				parameters.clearcoatMap ? '#define USE_CLEARCOATMAP' : '',
frontend/public/vendor/three/build/three.module.js	19731				parameters.clearcoatRoughnessMap ? '#define USE_CLEARCOAT_ROUGHNESSMAP' : '',
frontend/public/vendor/three/build/three.module.js	19732				parameters.clearcoatNormalMap ? '#define USE_CLEARCOAT_NORMALMAP' : '',
frontend/public/vendor/three/build/three.module.js	19734				parameters.iridescenceMap ? '#define USE_IRIDESCENCEMAP' : '',
frontend/public/vendor/three/build/three.module.js	19735				parameters.iridescenceThicknessMap ? '#define USE_IRIDESCENCE_THICKNESSMAP' : '',
frontend/public/vendor/three/build/three.module.js	19737				parameters.specularMap ? '#define USE_SPECULARMAP' : '',
frontend/public/vendor/three/build/three.module.js	19738				parameters.specularColorMap ? '#define USE_SPECULAR_COLORMAP' : '',
frontend/public/vendor/three/build/three.module.js	19739				parameters.specularIntensityMap ? '#define USE_SPECULAR_INTENSITYMAP' : '',
frontend/public/vendor/three/build/three.module.js	19741				parameters.roughnessMap ? '#define USE_ROUGHNESSMAP' : '',
frontend/public/vendor/three/build/three.module.js	19742				parameters.metalnessMap ? '#define USE_METALNESSMAP' : '',
frontend/public/vendor/three/build/three.module.js	19743				parameters.alphaMap ? '#define USE_ALPHAMAP' : '',
frontend/public/vendor/three/build/three.module.js	19744				parameters.alphaHash ? '#define USE_ALPHAHASH' : '',
frontend/public/vendor/three/build/three.module.js	19746				parameters.transmission ? '#define USE_TRANSMISSION' : '',
frontend/public/vendor/three/build/three.module.js	19747				parameters.transmissionMap ? '#define USE_TRANSMISSIONMAP' : '',
frontend/public/vendor/three/build/three.module.js	19748				parameters.thicknessMap ? '#define USE_THICKNESSMAP' : '',
frontend/public/vendor/three/build/three.module.js	19750				parameters.sheenColorMap ? '#define USE_SHEEN_COLORMAP' : '',
frontend/public/vendor/three/build/three.module.js	19751				parameters.sheenRoughnessMap ? '#define USE_SHEEN_ROUGHNESSMAP' : '',
frontend/public/vendor/three/build/three.module.js	19755				parameters.mapUv ? '#define MAP_UV ' + parameters.mapUv : '',
frontend/public/vendor/three/build/three.module.js	19756				parameters.alphaMapUv ? '#define ALPHAMAP_UV ' + parameters.alphaMapUv : '',
frontend/public/vendor/three/build/three.module.js	19757				parameters.lightMapUv ? '#define LIGHTMAP_UV ' + parameters.lightMapUv : '',
frontend/public/vendor/three/build/three.module.js	19758				parameters.aoMapUv ? '#define AOMAP_UV ' + parameters.aoMapUv : '',
frontend/public/vendor/three/build/three.module.js	19759				parameters.emissiveMapUv ? '#define EMISSIVEMAP_UV ' + parameters.emissiveMapUv : '',
frontend/public/vendor/three/build/three.module.js	19760				parameters.bumpMapUv ? '#define BUMPMAP_UV ' + parameters.bumpMapUv : '',
frontend/public/vendor/three/build/three.module.js	19761				parameters.normalMapUv ? '#define NORMALMAP_UV ' + parameters.normalMapUv : '',
frontend/public/vendor/three/build/three.module.js	19762				parameters.displacementMapUv ? '#define DISPLACEMENTMAP_UV ' + parameters.displacementMapUv : '',
frontend/public/vendor/three/build/three.module.js	19764				parameters.metalnessMapUv ? '#define METALNESSMAP_UV ' + parameters.metalnessMapUv : '',
frontend/public/vendor/three/build/three.module.js	19765				parameters.roughnessMapUv ? '#define ROUGHNESSMAP_UV ' + parameters.roughnessMapUv : '',
frontend/public/vendor/three/build/three.module.js	19767				parameters.anisotropyMapUv ? '#define ANISOTROPYMAP_UV ' + parameters.anisotropyMapUv : '',
frontend/public/vendor/three/build/three.module.js	19769				parameters.clearcoatMapUv ? '#define CLEARCOATMAP_UV ' + parameters.clearcoatMapUv : '',
frontend/public/vendor/three/build/three.module.js	19770				parameters.clearcoatNormalMapUv ? '#define CLEARCOAT_NORMALMAP_UV ' + parameters.clearcoatNormalMapUv : '',
frontend/public/vendor/three/build/three.module.js	19771				parameters.clearcoatRoughnessMapUv ? '#define CLEARCOAT_ROUGHNESSMAP_UV ' + parameters.clearcoatRoughnessMapUv : '',
frontend/public/vendor/three/build/three.module.js	19773				parameters.iridescenceMapUv ? '#define IRIDESCENCEMAP_UV ' + parameters.iridescenceMapUv : '',
frontend/public/vendor/three/build/three.module.js	19774				parameters.iridescenceThicknessMapUv ? '#define IRIDESCENCE_THICKNESSMAP_UV ' + parameters.iridescenceThicknessMapUv : '',
frontend/public/vendor/three/build/three.module.js	19776				parameters.sheenColorMapUv ? '#define SHEEN_COLORMAP_UV ' + parameters.sheenColorMapUv : '',
frontend/public/vendor/three/build/three.module.js	19777				parameters.sheenRoughnessMapUv ? '#define SHEEN_ROUGHNESSMAP_UV ' + parameters.sheenRoughnessMapUv : '',
frontend/public/vendor/three/build/three.module.js	19779				parameters.specularMapUv ? '#define SPECULARMAP_UV ' + parameters.specularMapUv : '',
frontend/public/vendor/three/build/three.module.js	19780				parameters.specularColorMapUv ? '#define SPECULAR_COLORMAP_UV ' + parameters.specularColorMapUv : '',
frontend/public/vendor/three/build/three.module.js	19781				parameters.specularIntensityMapUv ? '#define SPECULAR_INTENSITYMAP_UV ' + parameters.specularIntensityMapUv : '',
frontend/public/vendor/three/build/three.module.js	19783				parameters.transmissionMapUv ? '#define TRANSMISSIONMAP_UV ' + parameters.transmissionMapUv : '',
frontend/public/vendor/three/build/three.module.js	19784				parameters.thicknessMapUv ? '#define THICKNESSMAP_UV ' + parameters.thicknessMapUv : '',
frontend/public/vendor/three/build/three.module.js	19788				parameters.vertexTangents && parameters.flatShading === false ? '#define USE_TANGENT' : '',
frontend/public/vendor/three/build/three.module.js	19789				parameters.vertexColors ? '#define USE_COLOR' : '',
frontend/public/vendor/three/build/three.module.js	19790				parameters.vertexAlphas ? '#define USE_COLOR_ALPHA' : '',
frontend/public/vendor/three/build/three.module.js	19791				parameters.vertexUv1s ? '#define USE_UV1' : '',
frontend/public/vendor/three/build/three.module.js	19792				parameters.vertexUv2s ? '#define USE_UV2' : '',
frontend/public/vendor/three/build/three.module.js	19793				parameters.vertexUv3s ? '#define USE_UV3' : '',
frontend/public/vendor/three/build/three.module.js	19795				parameters.pointsUvs ? '#define USE_POINTS_UV' : '',
frontend/public/vendor/three/build/three.module.js	19797				parameters.flatShading ? '#define FLAT_SHADED' : '',
frontend/public/vendor/three/build/three.module.js	19799				parameters.skinning ? '#define USE_SKINNING' : '',
frontend/public/vendor/three/build/three.module.js	19801				parameters.morphTargets ? '#define USE_MORPHTARGETS' : '',
frontend/public/vendor/three/build/three.module.js	19802				parameters.morphNormals && parameters.flatShading === false ? '#define USE_MORPHNORMALS' : '',
frontend/public/vendor/three/build/three.module.js	19803				( parameters.morphColors ) ? '#define USE_MORPHCOLORS' : '',
frontend/public/vendor/three/build/three.module.js	19804				( parameters.morphTargetsCount > 0 ) ? '#define MORPHTARGETS_TEXTURE' : '',
frontend/public/vendor/three/build/three.module.js	19805				( parameters.morphTargetsCount > 0 ) ? '#define MORPHTARGETS_TEXTURE_STRIDE ' + parameters.morphTextureStride : '',
frontend/public/vendor/three/build/three.module.js	19806				( parameters.morphTargetsCount > 0 ) ? '#define MORPHTARGETS_COUNT ' + parameters.morphTargetsCount : '',
frontend/public/vendor/three/build/three.module.js	19807				parameters.doubleSided ? '#define DOUBLE_SIDED' : '',
frontend/public/vendor/three/build/three.module.js	19808				parameters.flipSided ? '#define FLIP_SIDED' : '',
frontend/public/vendor/three/build/three.module.js	19810				parameters.shadowMapEnabled ? '#define USE_SHADOWMAP' : '',
frontend/public/vendor/three/build/three.module.js	19811				parameters.shadowMapEnabled ? '#define ' + shadowMapTypeDefine : '',
frontend/public/vendor/three/build/three.module.js	19813				parameters.sizeAttenuation ? '#define USE_SIZEATTENUATION' : '',
frontend/public/vendor/three/build/three.module.js	19815				parameters.numLightProbes > 0 ? '#define USE_LIGHT_PROBES' : '',
frontend/public/vendor/three/build/three.module.js	19817				parameters.useLegacyLights ? '#define LEGACY_LIGHTS' : '',
frontend/public/vendor/three/build/three.module.js	19819				parameters.logarithmicDepthBuffer ? '#define USE_LOGDEPTHBUF' : '',
frontend/public/vendor/three/build/three.module.js	19829				'#ifdef USE_INSTANCING',
frontend/public/vendor/three/build/three.module.js	19833				'#endif',
frontend/public/vendor/three/build/three.module.js	19835				'#ifdef USE_INSTANCING_COLOR',
frontend/public/vendor/three/build/three.module.js	19839				'#endif',
frontend/public/vendor/three/build/three.module.js	19841				'#ifdef USE_INSTANCING_MORPH',
frontend/public/vendor/three/build/three.module.js	19845				'#endif',
frontend/public/vendor/three/build/three.module.js	19851				'#ifdef USE_UV1',
frontend/public/vendor/three/build/three.module.js	19855				'#endif',
frontend/public/vendor/three/build/three.module.js	19857				'#ifdef USE_UV2',
frontend/public/vendor/three/build/three.module.js	19861				'#endif',
frontend/public/vendor/three/build/three.module.js	19863				'#ifdef USE_UV3',
frontend/public/vendor/three/build/three.module.js	19867				'#endif',
frontend/public/vendor/three/build/three.module.js	19869				'#ifdef USE_TANGENT',
frontend/public/vendor/three/build/three.module.js	19873				'#endif',
frontend/public/vendor/three/build/three.module.js	19875				'#if defined( USE_COLOR_ALPHA )',
frontend/public/vendor/three/build/three.module.js	19879				'#elif defined( USE_COLOR )',
frontend/public/vendor/three/build/three.module.js	19883				'#endif',
frontend/public/vendor/three/build/three.module.js	19885				'#if ( defined( USE_MORPHTARGETS ) && ! defined( MORPHTARGETS_TEXTURE ) )',
frontend/public/vendor/three/build/three.module.js	19892				'	#ifdef USE_MORPHNORMALS',
frontend/public/vendor/three/build/three.module.js	19899				'	#else',
frontend/public/vendor/three/build/three.module.js	19906				'	#endif',
frontend/public/vendor/three/build/three.module.js	19908				'#endif',
frontend/public/vendor/three/build/three.module.js	19910				'#ifdef USE_SKINNING',
frontend/public/vendor/three/build/three.module.js	19915				'#endif',
frontend/public/vendor/three/build/three.module.js	19925				'#define SHADER_TYPE ' + parameters.shaderType,
frontend/public/vendor/three/build/three.module.js	19926				'#define SHADER_NAME ' + parameters.shaderName,
frontend/public/vendor/three/build/three.module.js	19930				parameters.useFog && parameters.fog ? '#define USE_FOG' : '',
frontend/public/vendor/three/build/three.module.js	19931				parameters.useFog && parameters.fogExp2 ? '#define FOG_EXP2' : '',
frontend/public/vendor/three/build/three.module.js	19933				parameters.alphaToCoverage ? '#define ALPHA_TO_COVERAGE' : '',
frontend/public/vendor/three/build/three.module.js	19934				parameters.map ? '#define USE_MAP' : '',
frontend/public/vendor/three/build/three.module.js	19935				parameters.matcap ? '#define USE_MATCAP' : '',
frontend/public/vendor/three/build/three.module.js	19936				parameters.envMap ? '#define USE_ENVMAP' : '',
frontend/public/vendor/three/build/three.module.js	19937				parameters.envMap ? '#define ' + envMapTypeDefine : '',
frontend/public/vendor/three/build/three.module.js	19938				parameters.envMap ? '#define ' + envMapModeDefine : '',
frontend/public/vendor/three/build/three.module.js	19939				parameters.envMap ? '#define ' + envMapBlendingDefine : '',
frontend/public/vendor/three/build/three.module.js	19940				envMapCubeUVSize ? '#define CUBEUV_TEXEL_WIDTH ' + envMapCubeUVSize.texelWidth : '',
frontend/public/vendor/three/build/three.module.js	19941				envMapCubeUVSize ? '#define CUBEUV_TEXEL_HEIGHT ' + envMapCubeUVSize.texelHeight : '',
frontend/public/vendor/three/build/three.module.js	19942				envMapCubeUVSize ? '#define CUBEUV_MAX_MIP ' + envMapCubeUVSize.maxMip + '.0' : '',
frontend/public/vendor/three/build/three.module.js	19943				parameters.lightMap ? '#define USE_LIGHTMAP' : '',
frontend/public/vendor/three/build/three.module.js	19944				parameters.aoMap ? '#define USE_AOMAP' : '',
frontend/public/vendor/three/build/three.module.js	19945				parameters.bumpMap ? '#define USE_BUMPMAP' : '',
frontend/public/vendor/three/build/three.module.js	19946				parameters.normalMap ? '#define USE_NORMALMAP' : '',
frontend/public/vendor/three/build/three.module.js	19947				parameters.normalMapObjectSpace ? '#define USE_NORMALMAP_OBJECTSPACE' : '',
frontend/public/vendor/three/build/three.module.js	19948				parameters.normalMapTangentSpace ? '#define USE_NORMALMAP_TANGENTSPACE' : '',
frontend/public/vendor/three/build/three.module.js	19949				parameters.emissiveMap ? '#define USE_EMISSIVEMAP' : '',
frontend/public/vendor/three/build/three.module.js	19951				parameters.anisotropy ? '#define USE_ANISOTROPY' : '',
frontend/public/vendor/three/build/three.module.js	19952				parameters.anisotropyMap ? '#define USE_ANISOTROPYMAP' : '',
frontend/public/vendor/three/build/three.module.js	19954				parameters.clearcoat ? '#define USE_CLEARCOAT' : '',
frontend/public/vendor/three/build/three.module.js	19955				parameters.clearcoatMap ? '#define USE_CLEARCOATMAP' : '',
frontend/public/vendor/three/build/three.module.js	19956				parameters.clearcoatRoughnessMap ? '#define USE_CLEARCOAT_ROUGHNESSMAP' : '',
frontend/public/vendor/three/build/three.module.js	19957				parameters.clearcoatNormalMap ? '#define USE_CLEARCOAT_NORMALMAP' : '',
frontend/public/vendor/three/build/three.module.js	19959				parameters.dispersion ? '#define USE_DISPERSION' : '',
frontend/public/vendor/three/build/three.module.js	19961				parameters.iridescence ? '#define USE_IRIDESCENCE' : '',
frontend/public/vendor/three/build/three.module.js	19962				parameters.iridescenceMap ? '#define USE_IRIDESCENCEMAP' : '',
frontend/public/vendor/three/build/three.module.js	19963				parameters.iridescenceThicknessMap ? '#define USE_IRIDESCENCE_THICKNESSMAP' : '',
frontend/public/vendor/three/build/three.module.js	19965				parameters.specularMap ? '#define USE_SPECULARMAP' : '',
frontend/public/vendor/three/build/three.module.js	19966				parameters.specularColorMap ? '#define USE_SPECULAR_COLORMAP' : '',
frontend/public/vendor/three/build/three.module.js	19967				parameters.specularIntensityMap ? '#define USE_SPECULAR_INTENSITYMAP' : '',
frontend/public/vendor/three/build/three.module.js	19969				parameters.roughnessMap ? '#define USE_ROUGHNESSMAP' : '',
frontend/public/vendor/three/build/three.module.js	19970				parameters.metalnessMap ? '#define USE_METALNESSMAP' : '',
frontend/public/vendor/three/build/three.module.js	19972				parameters.alphaMap ? '#define USE_ALPHAMAP' : '',
frontend/public/vendor/three/build/three.module.js	19973				parameters.alphaTest ? '#define USE_ALPHATEST' : '',
frontend/public/vendor/three/build/three.module.js	19974				parameters.alphaHash ? '#define USE_ALPHAHASH' : '',
frontend/public/vendor/three/build/three.module.js	19976				parameters.sheen ? '#define USE_SHEEN' : '',
frontend/public/vendor/three/build/three.module.js	19977				parameters.sheenColorMap ? '#define USE_SHEEN_COLORMAP' : '',
frontend/public/vendor/three/build/three.module.js	19978				parameters.sheenRoughnessMap ? '#define USE_SHEEN_ROUGHNESSMAP' : '',
frontend/public/vendor/three/build/three.module.js	19980				parameters.transmission ? '#define USE_TRANSMISSION' : '',
frontend/public/vendor/three/build/three.module.js	19981				parameters.transmissionMap ? '#define USE_TRANSMISSIONMAP' : '',
frontend/public/vendor/three/build/three.module.js	19982				parameters.thicknessMap ? '#define USE_THICKNESSMAP' : '',
frontend/public/vendor/three/build/three.module.js	19984				parameters.vertexTangents && parameters.flatShading === false ? '#define USE_TANGENT' : '',
frontend/public/vendor/three/build/three.module.js	19985				parameters.vertexColors || parameters.instancingColor ? '#define USE_COLOR' : '',
frontend/public/vendor/three/build/three.module.js	19986				parameters.vertexAlphas ? '#define USE_COLOR_ALPHA' : '',
frontend/public/vendor/three/build/three.module.js	19987				parameters.vertexUv1s ? '#define USE_UV1' : '',
frontend/public/vendor/three/build/three.module.js	19988				parameters.vertexUv2s ? '#define USE_UV2' : '',
frontend/public/vendor/three/build/three.module.js	19989				parameters.vertexUv3s ? '#define USE_UV3' : '',
frontend/public/vendor/three/build/three.module.js	19991				parameters.pointsUvs ? '#define USE_POINTS_UV' : '',
frontend/public/vendor/three/build/three.module.js	19993				parameters.gradientMap ? '#define USE_GRADIENTMAP' : '',
frontend/public/vendor/three/build/three.module.js	19995				parameters.flatShading ? '#define FLAT_SHADED' : '',
frontend/public/vendor/three/build/three.module.js	19997				parameters.doubleSided ? '#define DOUBLE_SIDED' : '',
frontend/public/vendor/three/build/three.module.js	19998				parameters.flipSided ? '#define FLIP_SIDED' : '',
frontend/public/vendor/three/build/three.module.js	20000				parameters.shadowMapEnabled ? '#define USE_SHADOWMAP' : '',
frontend/public/vendor/three/build/three.module.js	20001				parameters.shadowMapEnabled ? '#define ' + shadowMapTypeDefine : '',
frontend/public/vendor/three/build/three.module.js	20003				parameters.premultipliedAlpha ? '#define PREMULTIPLIED_ALPHA' : '',
frontend/public/vendor/three/build/three.module.js	20005				parameters.numLightProbes > 0 ? '#define USE_LIGHT_PROBES' : '',
frontend/public/vendor/three/build/three.module.js	20007				parameters.useLegacyLights ? '#define LEGACY_LIGHTS' : '',
frontend/public/vendor/three/build/three.module.js	20009				parameters.decodeVideoTexture ? '#define DECODE_VIDEO_TEXTURE' : '',
frontend/public/vendor/three/build/three.module.js	20011				parameters.logarithmicDepthBuffer ? '#define USE_LOGDEPTHBUF' : '',
frontend/public/vendor/three/build/three.module.js	20017				( parameters.toneMapping !== NoToneMapping ) ? '#define TONE_MAPPING' : '',
frontend/public/vendor/three/build/three.module.js	20021				parameters.dithering ? '#define DITHERING' : '',
frontend/public/vendor/three/build/three.module.js	20022				parameters.opaque ? '#define OPAQUE' : '',
frontend/public/vendor/three/build/three.module.js	20027				parameters.useDepthPacking ? '#define DEPTH_PACKING ' + parameters.depthPacking : '',
frontend/public/vendor/three/build/three.module.js	20050			versionString = '#version 300 es\n';
frontend/public/vendor/three/build/three.module.js	20054				'#define attribute in',
frontend/public/vendor/three/build/three.module.js	20055				'#define varying out',
frontend/public/vendor/three/build/three.module.js	20056				'#define texture2D texture'
frontend/public/vendor/three/build/three.module.js	20060				'#define varying in',
frontend/public/vendor/three/build/three.module.js	20062				( parameters.glslVersion === GLSL3 ) ? '' : '#define gl_FragColor pc_fragColor',
frontend/public/vendor/three/build/three.module.js	20063				'#define gl_FragDepthEXT gl_FragDepth',
frontend/public/vendor/three/build/three.module.js	20064				'#define texture2D texture',
frontend/public/vendor/three/build/three.module.js	20065				'#define textureCube texture',
frontend/public/vendor/three/build/three.module.js	20066				'#define texture2DProj textureProj',
frontend/public/vendor/three/build/three.module.js	20067				'#define texture2DLodEXT textureLod',
frontend/public/vendor/three/build/three.module.js	20068				'#define texture2DProjLodEXT textureProjLod',
frontend/public/vendor/three/build/three.module.js	20069				'#define textureCubeLodEXT textureLod',
frontend/public/vendor/three/build/three.module.js	20070				'#define texture2DGradEXT textureGrad',
frontend/public/vendor/three/build/three.module.js	20071				'#define texture2DProjGradEXT textureProjGrad',
frontend/public/vendor/three/build/three.module.js	20072				'#define textureCubeGradEXT textureGrad'
frontend/public/vendor/three/build/three.module.js	20183			// Crashes in iOS9 and iOS10. #18402
frontend/public/vendor/three/build/three.module.js	21481			hash: {
frontend/public/vendor/three/build/three.module.js	22082	const fragment = "uniform sampler2D shadow_pass;\nuniform vec2 resolution;\nuniform float radius;\n#include <packing>\nvoid main() {\n\tconst float samples = float( VSM_SAMPLES );\n\tfloat mean = 0.0;\n\tfloat squared_me
frontend/public/vendor/three/build/three.module.js	25101			} else if ( textureTarget === _gl.TEXTURE_2D || ( textureTarget >= _gl.TEXTURE_CUBE_MAP_POSITIVE_X && textureTarget <= _gl.TEXTURE_CUBE_MAP_NEGATIVE_Z ) ) { // see #24753
frontend/public/vendor/three/build/three.module.js	25630							// resolving stencil is slow with a D3D backend. disable it for all transmission render targets (see #27799)
frontend/public/vendor/three/build/three.module.js	26826					newRenderTarget.isXRRenderTarget = true; // TODO Remove this when possible, see #23278
frontend/public/vendor/three/build/three.module.js	27013					// Note that the new renderState won't apply until the next frame. See #18320
frontend/public/vendor/three/build/three.module.js	27402				material.uniformsNeedUpdate = false; // #15581
frontend/public/vendor/three/build/three.module.js	28451				// OffscreenCanvas does not have setAttribute, see #22811
frontend/public/vendor/three/build/three.module.js	28454				// event listeners must be registered before WebGL context is created, see #12753
frontend/public/vendor/three/build/three.module.js	29696				if ( extensions.has( 'WEBGL_multisampled_render_to_texture' ) === false ) { // see #28131
frontend/public/vendor/three/build/three.module.js	29992						// (#8465, #8379)
frontend/public/vendor/three/build/three.module.js	30159					// consider moving isOrthographic to UniformLib and WebGLMaterials, see https://github.com/mrdoob/three.js/pull/26467#issuecomment-1645185067
frontend/public/vendor/three/build/three.module.js	30230				// https://github.com/mrdoob/three.js/pull/24467#issuecomment-1209031512
frontend/public/vendor/three/build/three.module.js	30552						// the following if statement ensures valid read requests (no out-of-bounds pixels, see #8604)
frontend/public/vendor/three/build/three.module.js	37125				// handle case when face straddles the seam, see #3269
frontend/public/vendor/three/build/three.module.js	43159			// Refer to #5689 for the reason why we don't set .onStart
frontend/public/vendor/three/build/three.module.js	43268					if ( regex.global ) regex.lastIndex = 0; // see #17920
frontend/public/vendor/three/build/three.module.js	43455						// Workaround: Checking if response.body === undefined for Alipay browser #23548
frontend/public/vendor/three/build/three.module.js	45242					// Blender exporter used to export a scalar. See #7459
frontend/public/vendor/three/build/three.module.js	45365			} catch ( e ) { // see #16358
frontend/public/vendor/three/build/three.module.js	47104		return ( typeof performance === 'undefined' ? Date : performance ).now(); // see #10732
frontend/public/vendor/three/build/three.module.js	47213				// code path for Chrome (see #14393)
frontend/public/vendor/three/build/three.module.js	47754				// code path for Chrome and Firefox (see #14393)
frontend/public/vendor/three/build/three.module.js	52608			this.line.scale.set( 1, Math.max( 0.0001, length - headLength ), 1 ); // see #17458
frontend/public/rfpro_unified_console.html	8	:root{--rack:#11161d;--rack2:#171d25;--line:#2a3542;--txt:#e8edf2;--muted:#93a2b3;--cyan:#26c7ff;--blue:#2d7dff;--green:#35ff8a;--yellow:#ffd166;--red:#fb7185}
frontend/public/rfpro_unified_console.html	9	*{box-sizing:border-box}html,body{margin:0;height:100vh;background:#05070a;color:var(--txt);font-family:Inter,Segoe UI,Arial,sans-serif;overflow:hidden}
frontend/public/rfpro_unified_console.html	11	.top{grid-area:top;background:linear-gradient(180deg,#141922,#090d12);border-bottom:1px solid #2a3542;display:grid;grid-template-columns:295px 1fr 430px;align-items:center;padding:6px 10px;gap:10px}.brand{display:flex;al
frontend/public/rfpro_unified_console.html	12	.left{grid-area:left;background:#0b0f15;border-right:1px solid #25313d;overflow:auto;padding:8px}.right{grid-area:right;background:#0b0f15;border-left:1px solid #25313d;overflow:auto;padding:8px}.main{grid-area:main;back
frontend/public/rfpro_unified_console.html	13	.section{border:1px solid #273440;background:#11161d;margin-bottom:7px;border-radius:4px;overflow:hidden}.section h3{margin:0;padding:7px 9px;background:#171d25;border-bottom:1px solid #273440;font-size:12px;text-transfo
frontend/public/rfpro_unified_console.html	14	label{display:grid;grid-template-columns:115px 1fr;gap:8px;align-items:center;color:#b4c4d4;font-size:12px;margin:5px 0}input,select{background:#070b10;border:1px solid #2d3a49;color:#e8edf2;border-radius:3px;padding:5px
frontend/public/rfpro_unified_console.html	15	.spectrumPane{position:relative;border-bottom:1px solid #202b36;background:#080d13}.waterfallPane{position:relative;background:#05070a}canvas{display:block;width:100%;height:100%}.scaleTop{position:absolute;right:8px;top
frontend/public/rfpro_unified_console.html	26	<header class="top"><div class="brand"><div class="hamb">☰</div><div>RF PRO SDR LAB<br><span style="font-size:11px;color:#8fa4b7">HackRF One · RX-only · Unified</span></div></div><div class="vfo" id="vfo">000.006.101
frontend/public/rfpro_unified_console.html	85	function drawSpectrum(){const c=$('spectrum'),ctx=c.getContext('2d'),w=c.width,h=c.height;ctx.fillStyle='#080d13';ctx.fillRect(0,0,w,h);if(!points.length||!trace)return;const minDb=-115,maxDb=-10;for(let i=0;i<=10;i++){c
frontend/public/trfmc_home_v87g.html	15	<body class="trfmc-vxp trfmc-gpu-v2 trfmc-soul-v1 trfmc-leaf" style="margin:0;background:#02040a;">
frontend/public/trfmc_antenna_system_explorer_v16r1_visible_antenna.html	9	  --bg:#01070f;--panel:#061120;--panel2:#0a1a2d;--line:#1774a6;--line2:#245b7d;
frontend/public/trfmc_antenna_system_explorer_v16r1_visible_antenna.html	10	  --text:#eaf3ff;--muted:#87a8c6;--cyan:#00d9ff;--green:#7dff4f;
frontend/public/trfmc_antenna_system_explorer_v16r1_visible_antenna.html	11	  --yellow:#ffd500;--red:#ff3366;--blue:#268cff;--orange:#ff9e3d;
frontend/public/trfmc_antenna_system_explorer_v16r1_visible_antenna.html	15	  margin:0;background:#01060d;color:var(--text);
frontend/public/trfmc_antenna_system_explorer_v16r1_visible_antenna.html	19	  height:54px;background:#050b13;border-bottom:1px solid var(--line);
frontend/public/trfmc_antenna_system_explorer_v16r1_visible_antenna.html	25	  color:var(--text);text-decoration:none;border:1px solid #1d6f9f;
frontend/public/trfmc_antenna_system_explorer_v16r1_visible_antenna.html	26	  background:#0a1828;border-radius:4px;padding:6px 9px;cursor:pointer;
frontend/public/trfmc_antenna_system_explorer_v16r1_visible_antenna.html	34	  background:linear-gradient(180deg,#071524,#02070f);
frontend/public/trfmc_antenna_system_explorer_v16r1_visible_antenna.html	35	  border:1px solid #1d5e86;border-radius:6px;overflow:hidden;
frontend/public/trfmc_antenna_system_explorer_v16r1_visible_antenna.html	38	  background:#0a1b2e;border-bottom:1px solid #1d5e86;color:var(--cyan);
frontend/public/trfmc_antenna_system_explorer_v16r1_visible_antenna.html	42	.ctrl{border:1px solid #183d58;background:#081522;border-radius:5px;padding:7px;margin-bottom:7px}
frontend/public/trfmc_antenna_system_explorer_v16r1_visible_antenna.html	46	select{background:#10233a;color:var(--text);border:1px solid #285d82;border-radius:4px;padding:6px}
frontend/public/trfmc_antenna_system_explorer_v16r1_visible_antenna.html	48	  width:100%;background:#10233a;color:var(--text);border:1px solid #285d82;
frontend/public/trfmc_antenna_system_explorer_v16r1_visible_antenna.html	51	button.active,button:hover{background:#145078;border-color:var(--cyan);box-shadow:inset 3px 0 0 var(--yellow)}
frontend/public/trfmc_antenna_system_explorer_v16r1_visible_antenna.html	54	  border:1px solid #0e88bf;background:linear-gradient(90deg,#071626,#0a1828,#071626);
frontend/public/trfmc_antenna_system_explorer_v16r1_visible_antenna.html	58	  background:linear-gradient(180deg,#091b2e,#07111f);border:1px solid #214c6a;
frontend/public/trfmc_antenna_system_explorer_v16r1_visible_antenna.html	68	.frame{background:#02070f;border:1px solid #1d5e86;border-radius:6px;overflow:hidden;position:relative}
frontend/public/trfmc_antenna_system_explorer_v16r1_visible_antenna.html	70	  margin:0;background:#0a1b2e;border-bottom:1px solid #1d5e86;
frontend/public/trfmc_antenna_system_explorer_v16r1_visible_antenna.html	74	#siteFrame{grid-column:1/3}
frontend/public/trfmc_antenna_system_explorer_v16r1_visible_antenna.html	81	  background:#061120d9;border:1px solid #1d5e86;border-radius:5px;padding:5px 8px;
frontend/public/trfmc_antenna_system_explorer_v16r1_visible_antenna.html	86	  border:1px solid #183d58;background:#081522;border-radius:5px;padding:7px;margin-bottom:6px;
frontend/public/trfmc_antenna_system_explorer_v16r1_visible_antenna.html	87	  font-family:ui-monospace,monospace;color:#d3e8ff;
frontend/public/trfmc_antenna_system_explorer_v16r1_visible_antenna.html	91	.log div{border-bottom:1px solid #17344c;padding:4px 0;color:#cde7ff}
frontend/public/trfmc_antenna_system_explorer_v16r1_visible_antenna.html	92	.alarm{border:1px solid #183d58;background:#081522;border-radius:5px;padding:8px;color:var(--green)}
frontend/public/trfmc_antenna_system_explorer_v16r1_visible_antenna.html	99	  #siteFrame{grid-column:auto}
frontend/public/trfmc_antenna_system_explorer_v16r1_visible_antenna.html	145	  color:#7dff4f;
frontend/public/trfmc_antenna_system_explorer_v16r1_visible_antenna.html	149	  border:1px solid #183d58;
frontend/public/trfmc_antenna_system_explorer_v16r1_visible_antenna.html	150	  background:#081522;
frontend/public/trfmc_antenna_system_explorer_v16r1_visible_antenna.html	157	  color:#ffd500;
frontend/public/trfmc_antenna_system_explorer_v16r1_visible_antenna.html	166	  color:#cde7ff;
frontend/public/trfmc_antenna_system_explorer_v16r1_visible_antenna.html	170	.opPanel .opRow span:last-child{color:#7dff4f}
frontend/public/trfmc_antenna_system_explorer_v16r1_visible_antenna.html	172	  border-color:#ffd500;
frontend/public/trfmc_antenna_system_explorer_v16r1_visible_antenna.html	173	  box-shadow:inset 0 -3px 0 #ffd500, 0 0 18px rgba(255,213,0,.18);
frontend/public/trfmc_antenna_system_explorer_v16r1_visible_antenna.html	176	  border-color:#ffd500;
frontend/public/trfmc_antenna_system_explorer_v16r1_visible_antenna.html	196	  background:linear-gradient(180deg,#09223a,#06111f);
frontend/public/trfmc_antenna_system_explorer_v16r1_visible_antenna.html	203	  color:#87a8c6;
frontend/public/trfmc_antenna_system_explorer_v16r1_visible_antenna.html	210	  color:#eaf3ff;
frontend/public/trfmc_antenna_system_explorer_v16r1_visible_antenna.html	216	  color:#7dff4f;
frontend/public/trfmc_antenna_system_explorer_v16r1_visible_antenna.html	220	.icCell.warn em{color:#ffd500}
frontend/public/trfmc_antenna_system_explorer_v16r1_visible_antenna.html	221	.icCell.bad em{color:#ff3366}
frontend/public/trfmc_antenna_system_explorer_v16r1_visible_antenna.html	223	  border:1px solid #183d58;
frontend/public/trfmc_antenna_system_explorer_v16r1_visible_antenna.html	224	  background:#081522;
frontend/public/trfmc_antenna_system_explorer_v16r1_visible_antenna.html	232	  border-bottom:1px solid #183d58;
frontend/public/trfmc_antenna_system_explorer_v16r1_visible_antenna.html	233	  color:#00d9ff;
frontend/public/trfmc_antenna_system_explorer_v16r1_visible_antenna.html	234	  background:#0a1b2e;
frontend/public/trfmc_antenna_system_explorer_v16r1_visible_antenna.html	249	  color:#cde7ff;
frontend/public/trfmc_antenna_system_explorer_v16r1_visible_antenna.html	251	.icRow strong{color:#ffd500;font-weight:600}
frontend/public/trfmc_antenna_system_explorer_v16r1_visible_antenna.html	252	.icRow b{color:#7dff4f}
frontend/public/trfmc_antenna_system_explorer_v16r1_visible_antenna.html	253	.icRow.bad b{color:#ff3366}
frontend/public/trfmc_antenna_system_explorer_v16r1_visible_antenna.html	254	.icRow.warn b{color:#ffd500}
frontend/public/trfmc_antenna_system_explorer_v16r1_visible_antenna.html	263	  background:#02070f;
frontend/public/trfmc_antenna_system_explorer_v16r1_visible_antenna.html	264	  border:1px solid #285d82;
frontend/public/trfmc_antenna_system_explorer_v16r1_visible_antenna.html	265	  color:#eaf3ff;
frontend/public/trfmc_antenna_system_explorer_v16r1_visible_antenna.html	299	  color:#00d9ff;
frontend/public/trfmc_antenna_system_explorer_v16r1_visible_antenna.html	314	.icMatrix th{color:#87a8c6}
frontend/public/trfmc_antenna_system_explorer_v16r1_visible_antenna.html	315	.icMatrix td:last-child{color:#7dff4f;text-align:right}
frontend/public/trfmc_antenna_system_explorer_v16r1_visible_antenna.html	350	  color:#7dff4f;
frontend/public/trfmc_antenna_system_explorer_v16r1_visible_antenna.html	361	  background:#081522;
frontend/public/trfmc_antenna_system_explorer_v16r1_visible_antenna.html	366	  color:#87a8c6;
frontend/public/trfmc_antenna_system_explorer_v16r1_visible_antenna.html	371	  color:#eaf3ff;
frontend/public/trfmc_antenna_system_explorer_v16r1_visible_antenna.html	389	  color:#87a8c6;
frontend/public/trfmc_antenna_system_explorer_v16r1_visible_antenna.html	393	.icStatusLine b{color:#7dff4f}
frontend/public/trfmc_antenna_system_explorer_v16r1_visible_antenna.html	418	  color:#00d9ff;
frontend/public/trfmc_antenna_system_explorer_v16r1_visible_antenna.html	430	  background:linear-gradient(180deg,#071626,#02070f);
frontend/public/trfmc_antenna_system_explorer_v16r1_visible_antenna.html	436	  color:#87a8c6;
frontend/public/trfmc_antenna_system_explorer_v16r1_visible_antenna.html	442	  color:#eaf3ff;
frontend/public/trfmc_antenna_system_explorer_v16r1_visible_antenna.html	445	.v16Metric.pass b{color:#7dff4f}
frontend/public/trfmc_antenna_system_explorer_v16r1_visible_antenna.html	446	.v16Metric.warn b{color:#ffd500}
frontend/public/trfmc_antenna_system_explorer_v16r1_visible_antenna.html	447	.v16Metric.fail b{color:#ff3366}
frontend/public/trfmc_antenna_system_explorer_v16r1_visible_antenna.html	459	.v16Acceptance th{color:#87a8c6}
frontend/public/trfmc_antenna_system_explorer_v16r1_visible_antenna.html	460	.v16Acceptance td:last-child{text-align:right;color:#7dff4f}
frontend/public/trfmc_antenna_system_explorer_v16r1_visible_antenna.html	461	.v16Acceptance tr.fail td:last-child{color:#ff3366}
frontend/public/trfmc_antenna_system_explorer_v16r1_visible_antenna.html	462	.v16Acceptance tr.warn td:last-child{color:#ffd500}
frontend/public/trfmc_antenna_system_explorer_v16r1_visible_antenna.html	480	  background:#081522;
frontend/public/trfmc_antenna_system_explorer_v16r1_visible_antenna.html	485	.v16BottomCell span{display:block;color:#87a8c6;font-size:8px;text-transform:uppercase}
frontend/public/trfmc_antenna_system_explorer_v16r1_visible_antenna.html	486	.v16BottomCell b{display:block;color:#7dff4f;font-size:12px}
frontend/public/trfmc_antenna_system_explorer_v16r1_visible_antenna.html	488	  border:1px solid #183d58;
frontend/public/trfmc_antenna_system_explorer_v16r1_visible_antenna.html	489	  background:#081522;
frontend/public/trfmc_antenna_system_explorer_v16r1_visible_antenna.html	496	  color:#ffd500;
frontend/public/trfmc_antenna_system_explorer_v16r1_visible_antenna.html	508	  border-color:#ffd500!important;
frontend/public/trfmc_antenna_system_explorer_v16r1_visible_antenna.html	509	  box-shadow:inset 3px 0 0 #ffd500;
frontend/public/trfmc_antenna_system_explorer_v16r1_visible_antenna.html	515	  background:#02070f;
frontend/public/trfmc_antenna_system_explorer_v16r1_visible_antenna.html	526	#v16Scope{
frontend/public/trfmc_antenna_system_explorer_v16r1_visible_antenna.html	535	#v16Scope .v16Glass{
frontend/public/trfmc_antenna_system_explorer_v16r1_visible_antenna.html	538	#v16Scope .v16Glass:nth-child(2){
frontend/public/trfmc_antenna_system_explorer_v16r1_visible_antenna.html	541	#v16Scope .v16Glass:nth-child(3){
frontend/public/trfmc_antenna_system_explorer_v16r1_visible_antenna.html	544	#icMeasureOverlay{
frontend/public/trfmc_antenna_system_explorer_v16r1_visible_antenna.html	549	#icMatrix{
frontend/public/trfmc_antenna_system_explorer_v16r1_visible_antenna.html	555	#v16BottomBar{
frontend/public/trfmc_antenna_system_explorer_v16r1_visible_antenna.html	562	#icCenterDock{
frontend/public/trfmc_antenna_system_explorer_v16r1_visible_antenna.html	565	#icStatusLine{
frontend/public/trfmc_antenna_system_explorer_v16r1_visible_antenna.html	568	#siteFrame::after{
frontend/public/trfmc_antenna_system_explorer_v16r1_visible_antenna.html	574	  color:#7dff4f;
frontend/public/trfmc_antenna_system_explorer_v16r1_visible_antenna.html	591	    <div style="color:#86a7c6;font-size:11px">Panel antenna · RRU/BBU · RET/AISG · MIMO · Port mapping · VSWR · EIRP · Beam · Coverage</div>
frontend/public/trfmc_antenna_system_explorer_v16r1_visible_antenna.html	769	  $("alarm").style.color=alarm?"#ff3366":"#7dff4f";
frontend/public/trfmc_antenna_system_explorer_v16r1_visible_antenna.html	794	  c.strokeStyle="#dcecff";c.lineWidth=3;
frontend/public/trfmc_antenna_system_explorer_v16r1_visible_antenna.html	798	  c.fillStyle="#eaf3ff";c.fillRect(cx-28,cy-65,18,105);c.fillRect(cx+10,cy-65,18,105);
frontend/public/trfmc_antenna_system_explorer_v16r1_visible_antenna.html	799	  c.fillStyle="#9aaec0";c.fillRect(cx-4,cy-55,8,90);
frontend/public/trfmc_antenna_system_explorer_v16r1_visible_antenna.html	850	  c.fillStyle="#ffd500";c.font="13px system-ui";
frontend/public/trfmc_antenna_system_explorer_v16r1_visible_antenna.html	853	  c.fillStyle="#dcecff";c.font="12px system-ui";
frontend/public/trfmc_antenna_system_explorer_v16r1_visible_antenna.html	864	    [["#7dff4f",1],["#ffd500",.55],["#00d9ff",.4]].forEach(([col,scale])=>{
frontend/public/trfmc_antenna_system_explorer_v16r1_visible_antenna.html	875	    c.fillStyle="#eaf3ff";c.fillText(name,ccx-25,h-20);
frontend/public/trfmc_antenna_system_explorer_v16r1_visible_antenna.html	882	    ["P1","Low Band 900","880-960","80","24.0","OK","#ff3366"],
frontend/public/trfmc_antenna_system_explorer_v16r1_visible_antenna.html	883	    ["P2","Mid Band 1800","1710-1880","170","24.0","OK","#ffd500"],
frontend/public/trfmc_antenna_system_explorer_v16r1_visible_antenna.html	884	    ["P3","High Band 2100","1920-2170","250","24.0","OK","#00d9ff"],
frontend/public/trfmc_antenna_system_explorer_v16r1_visible_antenna.html	885	    ["P4","n78 5G","3300-3800","100",p.ptx.toFixed(1),"OK","#7dff4f"],
frontend/public/trfmc_antenna_system_explorer_v16r1_visible_antenna.html	886	    ["P5","n77 5G","3300-4200","900","—","N/A","#555"],
frontend/public/trfmc_antenna_system_explorer_v16r1_visible_antenna.html	887	    ["P6","Wi-Fi 7","5925-7125","320","—","N/A","#c66bff"]
frontend/public/trfmc_antenna_system_explorer_v16r1_visible_antenna.html	889	  c.fillStyle="#86a7c6";["PORT","BAND / SERVICE","FREQ MHz","BW","POWER","STATUS"].forEach((x,i)=>c.fillText(x,28+i*115,30));
frontend/public/trfmc_antenna_system_explorer_v16r1_visible_antenna.html	893	    c.fillStyle="#dcecff";r.slice(0,6).forEach((x,i)=>c.fillText(x,55+i*115,y));
frontend/public/trfmc_antenna_system_explorer_v16r1_visible_antenna.html	899	  c.fillStyle="#dcecff";c.fillText(`RET electrical tilt ${p.tilt.toFixed(1)}° · AISG connected · step 0.1°`,18,24);
frontend/public/trfmc_antenna_system_explorer_v16r1_visible_antenna.html	907	    c.strokeStyle=["#ff3366","#ffd500","#7dff4f","#00d9ff"][idx];c.stroke();
frontend/public/trfmc_antenna_system_explorer_v16r1_visible_antenna.html	921	    c.strokeStyle=["#00d9ff","#7dff4f","#ff3366","#ffd500","#c66bff"][i];
frontend/public/trfmc_antenna_system_explorer_v16r1_visible_antenna.html	924	  c.fillStyle="#dcecff";c.fillText(`${mimoLabel(p.type)} array · beam width ${(65-p.gain).toFixed(0)}° · MU-MIMO vectors`,20,22);
frontend/public/trfmc_antenna_system_explorer_v16r1_visible_antenna.html	1071	    return {site:"#ffd500",polar:"#7dff4f",ports:"#00d9ff",ret:"#ff9e3d",mimo:"#c66bff"}[id] || "#00d9ff";
frontend/public/trfmc_antenna_system_explorer_v16r1_visible_antenna.html	2080	      el("v16Overall").style.color = m.overall==="PASS" ? "#7dff4f" : m.overall==="WARN" ? "#ffd500" : "#ff3366";
frontend/public/trfmc_antenna_system_explorer_v16r1_visible_antenna.html	2097	    [["snr","#7dff4f",70],["margin","#ffd500",20]].forEach(([key,col,scale])=>{
frontend/public/trfmc_antenna_system_explorer_v16r1_visible_antenna.html	2224	    <style>body{font-family:Segoe UI,Arial;background:#07111f;color:#eaf3ff;padding:24px}table{border-collapse:collapse;width:100%;margin:16px 0}td,th{border:1px solid #245b7d;padding:8px;text-align:left}th{background:#0
frontend/public/trfmc_antenna_system_explorer_v16r1_visible_antenna.html	2226	#v16Scope{
frontend/public/trfmc_antenna_system_explorer_v16r1_visible_antenna.html	2235	#v16Scope .v16Glass{
frontend/public/trfmc_antenna_system_explorer_v16r1_visible_antenna.html	2238	#v16Scope .v16Glass:nth-child(2){
frontend/public/trfmc_antenna_system_explorer_v16r1_visible_antenna.html	2241	#v16Scope .v16Glass:nth-child(3){
frontend/public/trfmc_antenna_system_explorer_v16r1_visible_antenna.html	2244	#icMeasureOverlay{
frontend/public/trfmc_antenna_system_explorer_v16r1_visible_antenna.html	2249	#icMatrix{
frontend/public/trfmc_antenna_system_explorer_v16r1_visible_antenna.html	2255	#v16BottomBar{
frontend/public/trfmc_antenna_system_explorer_v16r1_visible_antenna.html	2262	#icCenterDock{
frontend/public/trfmc_antenna_system_explorer_v16r1_visible_antenna.html	2265	#icStatusLine{
frontend/public/trfmc_antenna_system_explorer_v16r1_visible_antenna.html	2268	#siteFrame::after{
frontend/public/trfmc_antenna_system_explorer_v16r1_visible_antenna.html	2274	  color:#7dff4f;
frontend/public/trfmc_rf_pro_signal_intelligence_lab_v3_reality.html	16	.r3-source-table th{color:#00e5ff;background:rgba(0,229,255,.06)}
frontend/public/trfmc_rf_pro_signal_intelligence_lab_v3_reality.html	36	<h2 style="color:#00e5ff;font-size:13px;text-transform:uppercase;letter-spacing:.10em">Read-only RF PRO source evidence</h2>
frontend/public/trfmc_official_safe_entrypoint_v6r1_flat.html	7	html,body{margin:0;height:100%;background:#01060d;color:#eaf3ff;font-family:Segoe UI,system-ui,sans-serif;overflow:hidden}
frontend/public/trfmc_official_safe_entrypoint_v6r1_flat.html	8	header{height:54px;background:#050b13;border-bottom:1px solid #1d6f9f;display:flex;align-items:center;justify-content:space-between;padding:0 12px}
frontend/public/trfmc_official_safe_entrypoint_v6r1_flat.html	10	button{background:#10233a;color:#eaf3ff;border:1px solid #285d82;border-radius:4px;padding:6px 9px;cursor:pointer}
frontend/public/trfmc_official_safe_entrypoint_v6r1_flat.html	11	button:hover{border-color:#00d9ff;background:#145078}
frontend/public/trfmc_official_safe_entrypoint_v6r1_flat.html	13	aside,section{border:1px solid #1d5e86;background:#02070f;border-radius:6px;overflow:hidden}
frontend/public/trfmc_official_safe_entrypoint_v6r1_flat.html	14	.title{background:#0a1b2e;border-bottom:1px solid #1d5e86;color:#00d9ff;font-weight:700;padding:7px 8px;text-transform:uppercase}
frontend/public/trfmc_official_safe_entrypoint_v6r1_flat.html	16	.card{border:1px solid #183d58;background:#081522;border-radius:5px;margin-bottom:6px;padding:8px;cursor:pointer}
frontend/public/trfmc_official_safe_entrypoint_v6r1_flat.html	17	.card:hover,.card.active{border-color:#ffd500;box-shadow:inset 3px 0 0 #ffd500;background:#10233a}
frontend/public/trfmc_official_safe_entrypoint_v6r1_flat.html	18	.card b{display:block;color:#7dff4f}
frontend/public/trfmc_official_safe_entrypoint_v6r1_flat.html	19	.card span{display:block;color:#86a7c6;font-size:10px;margin-top:2px}
frontend/public/trfmc_official_safe_entrypoint_v6r1_flat.html	21	.stagebar{height:34px;background:#071524;border-bottom:1px solid #1d5e86;display:flex;align-items:center;justify-content:space-between;padding:0 8px}
frontend/public/trfmc_official_safe_entrypoint_v6r1_flat.html	22	.stagebar b{color:#00d9ff}
frontend/public/trfmc_official_safe_entrypoint_v6r1_flat.html	23	.stagebar span{color:#86a7c6;font-family:monospace;font-size:11px}
frontend/public/trfmc_official_safe_entrypoint_v6r1_flat.html	24	iframe{width:100%;height:100%;border:0;background:#02070f}
frontend/public/trfmc_official_safe_entrypoint_v6r1_flat.html	25	.log{height:230px;overflow:auto;border:1px solid #183d58;background:#01060d;border-radius:5px;padding:6px;font-family:monospace;font-size:11px}
frontend/public/trfmc_official_safe_entrypoint_v6r1_flat.html	26	.log div{border-bottom:1px solid rgba(255,255,255,.06);padding:3px 0;color:#cde7ff}
frontend/public/trfmc_official_safe_entrypoint_v6r1_flat.html	37	    <div style="color:#86a7c6;font-size:11px">Iframe solo verso moduli foglia. Le shell precedenti si aprono solo in nuova scheda.</div>
frontend/public/trfmc_instrument_os_alignment_v1.html	10	  --bg:#02070f;--panel:#07111f;--panel2:#0b1728;--line:#1c6f9f;
frontend/public/trfmc_instrument_os_alignment_v1.html	11	  --text:#eaf3ff;--muted:#8aa7c5;--cyan:#54d7ff;--green:#9dff6a;
frontend/public/trfmc_instrument_os_alignment_v1.html	12	  --yellow:#ffd84d;--blue:#38a5ff;--red:#ff5f6d;--orange:#ff9e3d;
frontend/public/trfmc_instrument_os_alignment_v1.html	15	body{margin:0;background:#02070f;color:var(--text);font-family:Inter,Segoe UI,system-ui,sans-serif;font-size:12px}
frontend/public/trfmc_instrument_os_alignment_v1.html	16	header{height:54px;background:#060b13;border-bottom:1px solid var(--line);display:flex;align-items:center;justify-content:space-between;padding:0 12px}
frontend/public/trfmc_instrument_os_alignment_v1.html	19	a{color:var(--text);text-decoration:none;border:1px solid #2c7ba8;background:#0c1a2b;border-radius:4px;padding:6px 8px}
frontend/public/trfmc_instrument_os_alignment_v1.html	21	.panel{background:var(--panel);border:1px solid #214c6a;border-radius:6px;overflow:hidden}
frontend/public/trfmc_instrument_os_alignment_v1.html	22	.title{background:#0b1b2d;border-bottom:1px solid #214c6a;padding:7px 9px;color:var(--cyan);font-weight:700;text-transform:uppercase}
frontend/public/trfmc_instrument_os_alignment_v1.html	24	.btn{display:block;width:100%;text-align:left;color:var(--text);background:#10233a;border:1px solid #285d82;border-radius:4px;margin:5px 0;padding:8px;cursor:pointer}
frontend/public/trfmc_instrument_os_alignment_v1.html	25	.btn:hover,.btn.active{background:#17456d;border-color:#54d7ff;color:#fff;box-shadow:inset 3px 0 0 #ffd84d}
frontend/public/trfmc_instrument_os_alignment_v1.html	27	.kpi{background:#07111f;border:1px solid #214c6a;border-radius:5px;padding:7px}
frontend/public/trfmc_instrument_os_alignment_v1.html	30	.frame{background:#02070f;border:1px solid #214c6a;border-radius:6px;overflow:hidden}
frontend/public/trfmc_instrument_os_alignment_v1.html	31	.frame h3{margin:0;background:#0b1b2d;border-bottom:1px solid #214c6a;padding:6px 8px;font-size:12px;color:#dcecff}
frontend/public/trfmc_instrument_os_alignment_v1.html	32	canvas{width:100%;display:block;background:#030912}
frontend/public/trfmc_instrument_os_alignment_v1.html	33	#spectrum{height:310px}#waterfall{height:260px}#zero{height:210px}#constellation{height:210px}
frontend/public/trfmc_instrument_os_alignment_v1.html	34	.rule{border:1px solid #214c6a;background:#081524;border-radius:5px;padding:8px;margin-bottom:6px;color:#c8daf1}
frontend/public/trfmc_instrument_os_alignment_v1.html	36	.log{height:260px;overflow:auto;font-family:ui-monospace,monospace;color:#c7ddf4;font-size:11px}
frontend/public/trfmc_instrument_os_alignment_v1.html	37	.log div{border-bottom:1px solid #18364d;padding:5px 0}
frontend/public/trfmc_instrument_os_alignment_v1.html	51	    <div style="color:#8aa7c5;font-size:11px">FSW/FSWX · SMW · VSA · SDR · 5G Core/RAN · Evidence Operating System</div>
frontend/public/trfmc_instrument_os_alignment_v1.html	158	if(workspace==="PERSISTENCE") y+=Math.sin(x*.08+t*.015)*5;let n=Math.max(0,Math.min(1,(y+110)/80));let py=h-35-n*(h-70);x?S.lineTo(x,py):S.moveTo(x,py)}S.strokeStyle=["#1d7cff","#00e0ff","#9dff6a","#ffd84d"][layer];S.glo
frontend/public/trfmc_instrument_os_alignment_v1.html	160	S.fillStyle="rgba(255,95,109,.14)";S.fillRect(gateX,0,190,h);S.strokeStyle="#ff5f6d";S.strokeRect(gateX,0,190,h);
frontend/public/trfmc_instrument_os_alignment_v1.html	161	if(workspace==="MARKER"){S.strokeStyle="#ffd84d";S.lineWidth=2;S.beginPath();S.moveTo(685,0);S.lineTo(685,h);S.stroke();S.fillStyle="#ffd84d";S.fillText("M1 / PEAK",695,48)}
frontend/public/trfmc_instrument_os_alignment_v1.html	162	if(workspace==="CORE"){S.fillStyle="rgba(157,255,106,.11)";S.fillRect(360,50,540,230);S.strokeStyle="#9dff6a";S.strokeRect(360,50,540,230);S.fillStyle="#9dff6a";S.fillText("NGAP / PFCP / GTP-U correlation overlay",380,76
frontend/public/trfmc_instrument_os_alignment_v1.html	163	if(workspace==="EVIDENCE"){S.fillStyle="#ffd84d";S.fillText("REC: IQ + PCAP + LOG timeline armed",1010,48)}
frontend/public/trfmc_instrument_os_alignment_v1.html	164	S.fillStyle="#eaf3ff";S.font="13px system-ui";S.fillText(profile[workspace][0]+" · Ref -30 dBm · RBW 100 kHz · High Resolution · Marker/Trigger Armed",18,24)}
frontend/public/trfmc_instrument_os_alignment_v1.html	166	function zero(){let w=700,h=240;Z.clearRect(0,0,w,h);grid(Z,w,h);Z.strokeStyle=workspace==="TDD"?"#ffd84d":"#38a5ff";Z.lineWidth=3;Z.beginPath();for(let x=0;x<w;x++){let duty=workspace==="ZERO"?110:70;let period=workspac
frontend/public/trfmc_instrument_os_alignment_v1.html	167	function iq(){let w=700,h=240,cx=w/2,cy=h/2;Q.clearRect(0,0,w,h);grid(Q,w,h);Q.strokeStyle="rgba(157,255,106,.25)";Q.beginPath();Q.moveTo(cx,20);Q.lineTo(cx,h-20);Q.moveTo(20,cy);Q.lineTo(w-20,cy);Q.stroke();Q.fillStyle=
frontend/public/trfmc_instrument_os_alignment_v1.html	173	document.querySelector("#spectrum").parentElement.querySelector("h3").textContent="1 · "+p[0];
frontend/public/evidence_vault_console_v20.html	11	      --cyan:#58d6f9;
frontend/public/evidence_vault_console_v20.html	12	      --amber:#d29922;
frontend/public/evidence_vault_console_v20.html	13	      --red:#ff4d6d;
frontend/public/evidence_vault_console_v20.html	14	      --green:#3fb950;
frontend/public/evidence_vault_console_v20.html	15	      --text:#edf8ff;
frontend/public/evidence_vault_console_v20.html	16	      --muted:#8da4b3;
frontend/public/evidence_vault_console_v20.html	25	        linear-gradient(135deg,#020711,#06111d 50%,#02040a);
frontend/public/evidence_vault_console_v20.html	123	      color:#e8f6ff;
frontend/public/executive_mission_dashboard_v40.html	27	  --cyan:#58d6f9;
frontend/public/executive_mission_dashboard_v40.html	28	  --green:#3fb950;
frontend/public/executive_mission_dashboard_v40.html	29	  --amber:#d29922;
frontend/public/executive_mission_dashboard_v40.html	30	  --red:#ff4d6d;
frontend/public/executive_mission_dashboard_v40.html	31	  --violet:#a371f7;
frontend/public/executive_mission_dashboard_v40.html	32	  --text:#edf8ff;
frontend/public/executive_mission_dashboard_v40.html	33	  --muted:#8da4b3;
frontend/public/executive_mission_dashboard_v40.html	198	pre{margin:0;max-height:360px;overflow:auto;background:rgba(0,0,0,.25);padding:12px;color:#e8f6ff;font-size:10px;line-height:1.4}
frontend/public/executive_mission_dashboard_v40.html	275	        <a class="v50-index-link" href="#v49_rf_intel"><b>RF/Telco Signal Intelligence</b><span>RF path, spectrum, coverage, field model.</span></a>
frontend/public/executive_mission_dashboard_v40.html	276	        <a class="v50-index-link" href="#v48_scenario"><b>Scenario Command</b><span>Mission selector, launcher, timeline/report links.</span></a>
frontend/public/executive_mission_dashboard_v40.html	277	        <a class="v50-index-link" href="#v47_kpi"><b>Instrument Cluster</b><span>KPI wall, readiness gauge, live counters.</span></a>
frontend/public/executive_mission_dashboard_v40.html	278	        <a class="v50-index-link" href="#v47_hub"><b>Mission Entry Hub</b><span>Command, RF, Global, Evidence, Docs.</span></a>
frontend/public/executive_mission_dashboard_v40.html	279	        <a class="v50-index-link" href="#v47_evidence"><b>Evidence / Security</b><span>Evidence overlay, vault, restore posture.</span></a>
frontend/public/executive_mission_dashboard_v40.html	280	        <a class="v50-index-link" href="#v47_cinematic"><b>Cinematic Layer</b><span>Visual situation awareness / glass cockpit.</span></a>
frontend/public/trfmc_signal_world_engine_v2.html	9	  --bg:#020611;
frontend/public/trfmc_signal_world_engine_v2.html	14	  --text:#eaf3ff;
frontend/public/trfmc_signal_world_engine_v2.html	15	  --muted:#8fa8c5;
frontend/public/trfmc_signal_world_engine_v2.html	16	  --cyan:#83d8ff;
frontend/public/trfmc_signal_world_engine_v2.html	17	  --green:#9dffc7;
frontend/public/trfmc_signal_world_engine_v2.html	18	  --amber:#ffd37a;
frontend/public/trfmc_signal_world_engine_v2.html	19	  --red:#ff8d8d;
frontend/public/trfmc_signal_world_engine_v2.html	20	  --violet:#bda7ff;
frontend/public/trfmc_signal_world_engine_v2.html	21	  --blue:#6aa8ff;
frontend/public/trfmc_signal_world_engine_v2.html	30	    linear-gradient(180deg,#020611,#071225 52%,#020611);
frontend/public/trfmc_signal_world_engine_v2.html	97	.heroMain p{color:#c8daf1;line-height:1.55;max-width:980px}
frontend/public/trfmc_signal_world_engine_v2.html	141	  background:#071326;
frontend/public/trfmc_signal_world_engine_v2.html	206	#worldCanvas{height:520px}
frontend/public/trfmc_signal_world_engine_v2.html	207	#spectrumCanvas,#waterfallCanvas{height:260px}
frontend/public/trfmc_signal_world_engine_v2.html	209	#iqCanvas,#constellationCanvas{height:260px}
frontend/public/trfmc_signal_world_engine_v2.html	232	  color:#bfd4ec;
frontend/public/trfmc_signal_world_engine_v2.html	550	  document.querySelectorAll("#bandButtons button").forEach(btn=>btn.classList.toggle("active", btn.dataset.v === String(p.freq)));
frontend/public/trfmc_canonical_navigation_map_v1.html	16	.gov-kpi small{display:block;color:#8fb8c8;text-transform:uppercase;font-size:10px}
frontend/public/trfmc_canonical_navigation_map_v1.html	17	.gov-kpi b{display:block;color:#75ff5b;font-size:20px}
frontend/public/trfmc_canonical_navigation_map_v1.html	20	th{color:#00e5ff;background:rgba(0,229,255,.06)}
frontend/public/trfmc_canonical_navigation_map_v1.html	21	.badge{display:inline-block;border:1px solid rgba(117,255,91,.35);background:rgba(117,255,91,.07);color:#75ff5b;border-radius:6px;padding:2px 6px;font-size:9px}
frontend/public/trfmc_canonical_navigation_map_v1.html	22	.warn{color:#ffd84d}
frontend/public/trfmc_canonical_navigation_map_v1.html	23	.danger{color:#ff3d7f}
frontend/public/trfmc_3d_rf_asset_renderer_lab_v1.html	9	  --bg:#01060d;--panel:#071827;--panel2:#0a2135;--line:#0b75a8;--cyan:#00e5ff;
frontend/public/trfmc_3d_rf_asset_renderer_lab_v1.html	10	  --ok:#75ff5b;--warn:#ffd84d;--bad:#ff3d7f;--txt:#e8f9ff;--muted:#84a8ba;
frontend/public/trfmc_3d_rf_asset_renderer_lab_v1.html	11	  --gold:#ffd400;--violet:#b772ff;--blue:#1aa8ff;
frontend/public/trfmc_3d_rf_asset_renderer_lab_v1.html	14	html,body{margin:0;height:100%;background:radial-gradient(circle at 50% -10%,#07365a 0,#02070d 42%,#00050a 100%);color:var(--txt);font-family:Inter,Segoe UI,Arial,sans-serif;overflow:hidden}
frontend/public/trfmc_3d_rf_asset_renderer_lab_v1.html	20	.top{display:grid;grid-template-columns:1fr auto;gap:12px;align-items:center;border:1px solid #0b5f8a;background:linear-gradient(180deg,#071827,#020811);padding:9px 12px;box-shadow:0 0 28px rgba(0,180,255,.18)}
frontend/public/trfmc_3d_rf_asset_renderer_lab_v1.html	24	button,select,input{background:#0b2238;border:1px solid #1175a5;color:var(--txt);border-radius:4px;padding:7px 10px;font-size:12px}
frontend/public/trfmc_3d_rf_asset_renderer_lab_v1.html	28	.kpi{border:1px solid #0b5f8a;background:linear-gradient(180deg,#092037,#04101b);padding:7px 8px;min-height:82px}
frontend/public/trfmc_3d_rf_asset_renderer_lab_v1.html	29	.kpi .l{font-size:9px;color:#80bad0;text-transform:uppercase;letter-spacing:.8px}
frontend/public/trfmc_3d_rf_asset_renderer_lab_v1.html	33	.panel{border:1px solid #0b5f8a;background:rgba(3,14,24,.94);box-shadow:inset 0 0 22px rgba(0,150,255,.06),0 0 16px rgba(0,130,255,.08);overflow:hidden;position:relative}
frontend/public/trfmc_3d_rf_asset_renderer_lab_v1.html	34	.panel h2{margin:0;padding:8px 10px;border-bottom:1px solid #0b5f8a;color:#00e5ff;font-size:13px;text-transform:uppercase;letter-spacing:.8px;background:#061625}
frontend/public/trfmc_3d_rf_asset_renderer_lab_v1.html	36	fieldset{border:1px solid #123f5d;border-radius:6px;margin:0 0 8px;padding:8px;background:#061523}
frontend/public/trfmc_3d_rf_asset_renderer_lab_v1.html	38	.label{font-size:10px;color:#8fc0d2;text-transform:uppercase;margin:10px 0 4px}
frontend/public/trfmc_3d_rf_asset_renderer_lab_v1.html	42	.canvasBox{position:relative;border:1px solid #0d6f9e;background:#020b12;overflow:hidden}
frontend/public/trfmc_3d_rf_asset_renderer_lab_v1.html	44	.overlay{position:absolute;left:8px;top:8px;font-family:monospace;font-size:11px;color:var(--ok);background:rgba(0,0,0,.38);border:1px solid #154e34;padding:5px 7px}
frontend/public/trfmc_3d_rf_asset_renderer_lab_v1.html	45	.footerStatus{position:absolute;right:8px;bottom:6px;color:var(--ok);font-family:monospace;font-size:10px;border:1px solid #1d7c33;padding:3px 6px;background:#04110a}
frontend/public/trfmc_3d_rf_asset_renderer_lab_v1.html	47	.card{border:1px solid #104e73;background:#061625;padding:8px;border-radius:4px;margin-bottom:6px}
frontend/public/trfmc_3d_rf_asset_renderer_lab_v1.html	48	.card h3{margin:0 0 7px;font-size:12px;color:#00e5ff}
frontend/public/trfmc_3d_rf_asset_renderer_lab_v1.html	49	.mini{font-family:monospace;font-size:11px;color:#b9eaff;line-height:1.45}
frontend/public/trfmc_3d_rf_asset_renderer_lab_v1.html	52	.table th,.table td{border-bottom:1px solid #12344c;padding:5px;text-align:left}
frontend/public/trfmc_3d_rf_asset_renderer_lab_v1.html	53	.table th{color:#83cfff}
frontend/public/trfmc_3d_rf_asset_renderer_lab_v1.html	54	.badge{display:inline-block;border:1px solid #1c7ba8;background:#092238;padding:3px 6px;border-radius:4px;margin:2px;font-size:10px}
frontend/public/trfmc_3d_rf_asset_renderer_lab_v1.html	55	.log{height:230px;background:#02070d;border:1px solid #123f5d;padding:7px;overflow:auto;font-family:monospace;font-size:10px;color:#bcecff}
frontend/public/trfmc_3d_rf_asset_renderer_lab_v1.html	56	.modeCard{display:grid;grid-template-columns:1fr auto;align-items:center;gap:6px;border:1px solid #104e73;background:#061625;padding:8px;margin-bottom:6px;border-radius:4px}
frontend/public/trfmc_3d_rf_asset_renderer_lab_v1.html	57	.modeCard b{color:#00e5ff}
frontend/public/trfmc_3d_rf_asset_renderer_lab_v1.html	279	function poly(ctx,pts,fill,stroke="#1aa8ff",alpha=1){
frontend/public/trfmc_3d_rf_asset_renderer_lab_v1.html	283	function box(ctx,c,x,y,z,w,d,h,color="#0b72a8"){
frontend/public/trfmc_3d_rf_asset_renderer_lab_v1.html	297	function line3(ctx,c,a,b,col="#75ff5b",lw=1.5){
frontend/public/trfmc_3d_rf_asset_renderer_lab_v1.html	301	function label(ctx,text,x,y,col="#dff8ff"){
frontend/public/trfmc_3d_rf_asset_renderer_lab_v1.html	306	  line3(ctx,c,[0,0,0],[0,0,6.8],"#8fc0d2",4);
frontend/public/trfmc_3d_rf_asset_renderer_lab_v1.html	311	  box(ctx,c,-.7,-.28,2.9,.18,.12,2.1,"#d6edf5");
frontend/public/trfmc_3d_rf_asset_renderer_lab_v1.html	312	  box(ctx,c,-.45,-.32,2.6,.2,.18,1.4,"#0b72a8");
frontend/public/trfmc_3d_rf_asset_renderer_lab_v1.html	313	  box(ctx,c,.35,-.28,3.2,.18,.12,1.9,"#d6edf5");
frontend/public/trfmc_3d_rf_asset_renderer_lab_v1.html	314	  box(ctx,c,.58,-.32,2.8,.2,.18,1.2,"#0b72a8");
frontend/public/trfmc_3d_rf_asset_renderer_lab_v1.html	315	  box(ctx,c,-.25,-.7,.1,.55,.45,.55,"#4f6b7c");
frontend/public/trfmc_3d_rf_asset_renderer_lab_v1.html	316	  line3(ctx,c,[-.15,-.5,.65],[-.52,-.24,2.7],"#ffd400",1.2);
frontend/public/trfmc_3d_rf_asset_renderer_lab_v1.html	317	  line3(ctx,c,[.1,-.48,.65],[.42,-.24,2.9],"#00e5ff",1.2);
frontend/public/trfmc_3d_rf_asset_renderer_lab_v1.html	318	  drawBeam(ctx,c,[.7,-.22,3.8],p.beam,p.tilt,"#75ff5b");
frontend/public/trfmc_3d_rf_asset_renderer_lab_v1.html	319	  drawBeam(ctx,c,[-.6,-.22,3.8],p.beam,p.tilt,"#00e5ff");
frontend/public/trfmc_3d_rf_asset_renderer_lab_v1.html	325	  box(ctx,c,-1.4,-.12,1.9,2.8,.14,2.2,"#1b4f72");
frontend/public/trfmc_3d_rf_asset_renderer_lab_v1.html	329	      box(ctx,c,x,-.22,z,.07,.08,.07,(r+cc)%2?"#75ff5b":"#00e5ff");
frontend/public/trfmc_3d_rf_asset_renderer_lab_v1.html	335	  drawBeam(ctx,c,[0,-.32,3.05],p.beam,p.tilt,"#ffd400");
frontend/public/trfmc_3d_rf_asset_renderer_lab_v1.html	339	  box(ctx,c,-1.7,-.5,1,3.4,1,1,"#55738a");
frontend/public/trfmc_3d_rf_asset_renderer_lab_v1.html	341	    box(ctx,c,-1.35+i*.54,-.62,2.05,.26,.18,.16,"#d8edf5");
frontend/public/trfmc_3d_rf_asset_renderer_lab_v1.html	342	    line3(ctx,c,[-1.22+i*.54,-.7,2.21],[-1.22+i*.54,-.96,2.45],"#ffd400",1);
frontend/public/trfmc_3d_rf_asset_renderer_lab_v1.html	344	  box(ctx,c,-2.1,-.1,1.35,.38,.28,.34,"#00a7c9");
frontend/public/trfmc_3d_rf_asset_renderer_lab_v1.html	345	  box(ctx,c,1.72,-.1,1.35,.38,.28,.34,"#00a7c9");
frontend/public/trfmc_3d_rf_asset_renderer_lab_v1.html	346	  for(let i=0;i<5;i++) line3(ctx,c,[-1.1+i*.55,-.48,2.05],[-.84+i*.55,-.48,2.05],"#75ff5b",1);
frontend/public/trfmc_3d_rf_asset_renderer_lab_v1.html	352	  ctx.strokeStyle="#dff8ff";ctx.lineWidth=2;
frontend/public/trfmc_3d_rf_asset_renderer_lab_v1.html	354	  ctx.strokeStyle="#75ff5b";
frontend/public/trfmc_3d_rf_asset_renderer_lab_v1.html	357	  box(ctx,c,-.18,-.12,1.1,.36,.28,1.1,"#4f6b7c");
frontend/public/trfmc_3d_rf_asset_renderer_lab_v1.html	358	  box(ctx,c,.45,-.18,2.35,.35,.25,.28,"#00a7c9");
frontend/public/trfmc_3d_rf_asset_renderer_lab_v1.html	359	  line3(ctx,c,[.55,-.1,2.5],[0,0,2.6],"#ffd400",2);
frontend/public/trfmc_3d_rf_asset_renderer_lab_v1.html	360	  drawBeam(ctx,c,[.9,-.2,2.7],p.beam,p.tilt,"#75ff5b");
frontend/public/trfmc_3d_rf_asset_renderer_lab_v1.html	364	  box(ctx,c,-1.5,-.5,.2,3,1,1.3,"#344b5c");
frontend/public/trfmc_3d_rf_asset_renderer_lab_v1.html	365	  box(ctx,c,-1.25,-.7,1.7,.5,.25,2.4,"#d6edf5");
frontend/public/trfmc_3d_rf_asset_renderer_lab_v1.html	366	  box(ctx,c,-.45,-.72,1.55,.5,.25,2.6,"#d6edf5");
frontend/public/trfmc_3d_rf_asset_renderer_lab_v1.html	367	  box(ctx,c,.35,-.7,1.8,.5,.25,2.1,"#d6edf5");
frontend/public/trfmc_3d_rf_asset_renderer_lab_v1.html	368	  box(ctx,c,1.0,-.55,1.0,.55,.45,1,"#0b72a8");
frontend/public/trfmc_3d_rf_asset_renderer_lab_v1.html	369	  for(let i=0;i<4;i++) line3(ctx,c,[-.9+i*.45,-.52,1.45],[-.9+i*.45,-.72,1.75+i*.15],"#ffd400",1);
frontend/public/trfmc_3d_rf_asset_renderer_lab_v1.html	370	  drawBeam(ctx,c,[-.95,-.85,3.0],p.beam,p.tilt,"#00e5ff");
frontend/public/trfmc_3d_rf_asset_renderer_lab_v1.html	371	  drawBeam(ctx,c,[-.15,-.85,3.1],p.beam,p.tilt,"#75ff5b");
frontend/public/trfmc_3d_rf_asset_renderer_lab_v1.html	372	  drawBeam(ctx,c,[.65,-.85,2.9],p.beam,p.tilt,"#ffd400");
frontend/public/trfmc_3d_rf_asset_renderer_lab_v1.html	394	  ctx.fillStyle="#020b12";ctx.fillRect(0,0,w,h);
frontend/public/trfmc_3d_rf_asset_renderer_lab_v1.html	410	  ctx.fillStyle="#83cfff";ctx.font="11px monospace";
frontend/public/trfmc_3d_rf_asset_renderer_lab_v1.html	412	  label(ctx,"4D layer: t="+(tick/60).toFixed(1)+"s / freq="+p.freq.toFixed(1)+"GHz",14,40,"#75ff5b");
frontend/public/trfmc_3d_rf_asset_renderer_lab_v1.html	413	  label(ctx,"5D state: RF POWER "+p.pow+" dBm · protocol KPI overlay simulated",14,58,"#ffd400");
frontend/public/trfmc_5g_core_ran_identity_aka_engine_v1.html	9	  --bg:#01040c;
frontend/public/trfmc_5g_core_ran_identity_aka_engine_v1.html	13	  --text:#eaf3ff;
frontend/public/trfmc_5g_core_ran_identity_aka_engine_v1.html	14	  --muted:#90a9c7;
frontend/public/trfmc_5g_core_ran_identity_aka_engine_v1.html	15	  --cyan:#74dcff;
frontend/public/trfmc_5g_core_ran_identity_aka_engine_v1.html	16	  --green:#9dffc7;
frontend/public/trfmc_5g_core_ran_identity_aka_engine_v1.html	17	  --amber:#ffd37a;
frontend/public/trfmc_5g_core_ran_identity_aka_engine_v1.html	18	  --red:#ff8585;
frontend/public/trfmc_5g_core_ran_identity_aka_engine_v1.html	19	  --violet:#bda7ff;
frontend/public/trfmc_5g_core_ran_identity_aka_engine_v1.html	34	    linear-gradient(180deg,#01040c,#061327 52%,#01040c);
frontend/public/trfmc_5g_core_ran_identity_aka_engine_v1.html	124	  background:#071326;
frontend/public/trfmc_5g_core_ran_identity_aka_engine_v1.html	167	#flowCanvas{height:560px}
frontend/public/trfmc_5g_core_ran_identity_aka_engine_v1.html	220	  color:#c0d5ee;
frontend/public/mission_graph_console_v15.html	9	      --bg:#020711;
frontend/public/mission_graph_console_v15.html	12	      --cyan:#58d6f9;
frontend/public/mission_graph_console_v15.html	13	      --amber:#d29922;
frontend/public/mission_graph_console_v15.html	14	      --red:#ff4d6d;
frontend/public/mission_graph_console_v15.html	15	      --green:#3fb950;
frontend/public/mission_graph_console_v15.html	16	      --text:#edf8ff;
frontend/public/mission_graph_console_v15.html	17	      --muted:#8da4b3;
frontend/public/mission_graph_console_v15.html	26	        linear-gradient(135deg,#020711,#06111d 50%,#02040a);
frontend/public/mission_graph_console_v15.html	161	      color:#e8f6ff;
frontend/public/trfmc_rf_tm_signal_universe_v3.html	9	  --bg:#01040d;
frontend/public/trfmc_rf_tm_signal_universe_v3.html	14	  --text:#eaf3ff;
frontend/public/trfmc_rf_tm_signal_universe_v3.html	15	  --muted:#8da6c4;
frontend/public/trfmc_rf_tm_signal_universe_v3.html	16	  --cyan:#78d9ff;
frontend/public/trfmc_rf_tm_signal_universe_v3.html	17	  --green:#9dffc7;
frontend/public/trfmc_rf_tm_signal_universe_v3.html	18	  --amber:#ffd37a;
frontend/public/trfmc_rf_tm_signal_universe_v3.html	19	  --red:#ff8a8a;
frontend/public/trfmc_rf_tm_signal_universe_v3.html	20	  --violet:#bda7ff;
frontend/public/trfmc_rf_tm_signal_universe_v3.html	21	  --blue:#6aa8ff;
frontend/public/trfmc_rf_tm_signal_universe_v3.html	30	    linear-gradient(180deg,#01040d,#061225 52%,#01040d);
frontend/public/trfmc_rf_tm_signal_universe_v3.html	97	.heroMain p{color:#c8daf1;line-height:1.55;max-width:1040px}
frontend/public/trfmc_rf_tm_signal_universe_v3.html	147	  background:#071326;
frontend/public/trfmc_rf_tm_signal_universe_v3.html	206	#universeCanvas{height:570px}
frontend/public/trfmc_rf_tm_signal_universe_v3.html	213	#scopeCanvas,#spectrumCanvas,#phaseCanvas,#spaceCanvas,#waterfallCanvas,#constellationCanvas{height:245px}
frontend/public/trfmc_rf_tm_signal_universe_v3.html	236	  color:#bfd4ec;
frontend/public/trfmc_microwave_link_operations_center_v2.html	12	#mwField{width:100%;height:100%;display:block;min-height:420px}
frontend/public/trfmc_microwave_link_operations_center_v2.html	14	.plotBox{border:1px solid rgba(0,229,255,.27);background:#010409;position:relative;overflow:hidden}
frontend/public/trfmc_microwave_link_operations_center_v2.html	15	.plotBox h3{position:absolute;left:10px;top:8px;margin:0;color:#00e5ff;font-size:11px;letter-spacing:1px;z-index:2}
frontend/public/trfmc_microwave_link_operations_center_v2.html	17	.control label{display:block;color:#8fb8c8;font-size:10px;text-transform:uppercase;margin:8px 0 4px}
frontend/public/trfmc_microwave_link_operations_center_v2.html	18	.control input,.control select{width:100%;background:#03101a;color:#e9fbff;border:1px solid rgba(0,229,255,.35);border-radius:5px;padding:7px;font-size:12px}
frontend/public/trfmc_microwave_link_operations_center_v2.html	19	.value{color:#75ff5b;font-weight:800}
frontend/public/trfmc_microwave_link_operations_center_v2.html	20	.formulaLive{font-family:ui-monospace,Consolas,monospace;background:#010409;border:1px solid rgba(0,229,255,.22);border-radius:6px;color:#dffaff;padding:8px;font-size:11px;line-height:1.5}
frontend/public/trfmc_microwave_link_operations_center_v2.html	21	.modGood{color:#75ff5b}
frontend/public/trfmc_microwave_link_operations_center_v2.html	22	.modWarn{color:#ffd84d}
frontend/public/trfmc_microwave_link_operations_center_v2.html	23	.modBad{color:#ff3d7f}
frontend/public/trfmc_microwave_link_operations_center_v2.html	237	  ctx.fillStyle="#010409";ctx.fillRect(0,0,w,h);
frontend/public/trfmc_microwave_link_operations_center_v2.html	243	  ctx.strokeStyle="#00e5ff";ctx.lineWidth=2*dpr;
frontend/public/trfmc_microwave_link_operations_center_v2.html	265	  ctx.fillStyle="#ffd84d";
frontend/public/trfmc_microwave_link_operations_center_v2.html	269	  ctx.fillStyle="#8fb8c8";
frontend/public/trfmc_microwave_link_operations_center_v2.html	280	  ctx.fillStyle="#010409";ctx.fillRect(0,0,w,h);
frontend/public/trfmc_microwave_link_operations_center_v2.html	289	    ctx.fillStyle="#8fb8c8";
frontend/public/trfmc_microwave_link_operations_center_v2.html	294	  ctx.strokeStyle=p.margin<3?"#ff3d7f":p.margin<10?"#ffd84d":"#75ff5b";
frontend/public/rfpro_realtime_v585.html	9	  --bg:#020611;--panel:#071522;--panel2:#0b2030;--line:#07536b;--line2:#123c55;
frontend/public/rfpro_realtime_v585.html	10	  --txt:#e7fbff;--muted:#8ab6c8;--cyan:#00e5ff;--green:#36ff7d;--yellow:#ffd166;--orange:#ff9f1c;--red:#fb7185;
frontend/public/rfpro_realtime_v585.html	13	html,body{margin:0;min-height:100vh;background:linear-gradient(180deg,#030914,#00040a 80%);color:var(--txt);font-family:Inter,Segoe UI,Arial,sans-serif}
frontend/public/rfpro_realtime_v585.html	17	.badges{display:flex;gap:8px;flex-wrap:wrap;margin-top:10px}.badge{border:1px solid var(--line);border-radius:999px;padding:6px 10px;background:#04101b;color:var(--muted);font-size:12px;font-weight:800}.ok{color:var(--gr
frontend/public/rfpro_realtime_v585.html	23	input,select{width:100%;background:#020a11;color:var(--txt);border:1px solid #16627a;border-radius:9px;padding:8px 9px;font-size:13px}
frontend/public/rfpro_realtime_v585.html	24	button{background:#062b39;border:1px solid var(--cyan);color:var(--txt);border-radius:9px;padding:8px 9px;font-size:12px;font-weight:800;cursor:pointer;margin:3px 2px}
frontend/public/rfpro_realtime_v585.html	25	button.good{background:#06341d;border-color:var(--green);color:var(--green)}button.warn{background:#3a2604;border-color:var(--yellow);color:var(--yellow)}button.red{background:#3b0714;border-color:var(--red);color:var(--
frontend/public/rfpro_realtime_v585.html	27	.kpis{display:grid;grid-template-columns:repeat(7,1fr);gap:8px;margin-bottom:10px}.kpi{border:1px solid #16445b;border-radius:10px;background:#020a11;padding:8px}.kpi span{display:block;color:var(--muted);font-size:10px;
frontend/public/rfpro_realtime_v585.html	28	canvas{display:block;width:100%;background:#02040a;border:1px solid #0f4058;border-radius:12px}
frontend/public/rfpro_realtime_v585.html	29	#spectrum{height:470px}#waterfall{height:220px;margin-top:8px}#mini{height:180px}
frontend/public/rfpro_realtime_v585.html	30	.log{background:#02070d;border:1px solid #123c55;border-radius:10px;padding:9px;white-space:pre-wrap;overflow:auto;font:12px ui-monospace,Menlo,Consolas,monospace;color:#bdfbea;height:260px}
frontend/public/rfpro_realtime_v585.html	32	.tabs{display:flex;gap:6px;flex-wrap:wrap}.tab{border:1px solid #16445b;border-radius:10px;padding:7px 9px;background:#020a11;color:#bfefff;cursor:pointer;font-weight:800;font-size:12px}.tab.active{border-color:var(--gre
frontend/public/rfpro_realtime_v585.html	33	.window{border:1px solid #16445b;border-radius:12px;background:#020a11;margin-top:10px;overflow:hidden}.window h3{margin:0;padding:8px 10px;background:#071a28;border-bottom:1px solid #16445b;font-size:12px;color:var(--cy
frontend/public/rfpro_realtime_v585.html	34	@media(max-width:1400px){.shell{grid-template-columns:1fr}.kpis{grid-template-columns:repeat(2,1fr)}#spectrum{height:360px}}
frontend/public/rfpro_realtime_v585.html	59	<div class="window"><h3>Operational chain</h3><div class="body" style="padding:9px;font-size:12px;color:#8ab6c8">Sweep/stream → peak lock → IQ capture → analyze_plus → channelize/demod → evidence. Questa pagina
frontend/public/rfpro_realtime_v585.html	87	function drawSpectrum(points){const c=$('spectrum'),ctx=c.getContext('2d'),w=c.width,h=c.height;ctx.fillStyle='#02040a';ctx.fillRect(0,0,w,h);for(let i=0;i<=10;i++){ctx.strokeStyle=i%5?'rgba(127,178,198,.08)':'rgba(0,229
frontend/public/rfpro_realtime_v585.html	88	function drawMini(points){const c=$('mini'),ctx=c.getContext('2d'),w=c.width,h=c.height;ctx.fillStyle='#02040a';ctx.fillRect(0,0,w,h);if(!points.length)return;const vals=points.map(p=>p.db),minDb=Math.min(...vals),maxDb=
frontend/public/trfmc_master_console_v4.html	8	:root{--bg:#02070f;--panel:#061120;--line:#1d6f9f;--text:#eaf3ff;--muted:#86a7c6;--cyan:#00d9ff;--green:#7dff4f;--yellow:#ffd500;--red:#ff3366}
frontend/public/trfmc_master_console_v4.html	10	body{margin:0;background:#01060d;color:var(--text);font:12px Inter,Segoe UI,system-ui,sans-serif}
frontend/public/trfmc_master_console_v4.html	11	header{height:52px;background:#050b13;border-bottom:1px solid var(--line);display:flex;justify-content:space-between;align-items:center;padding:0 12px}
frontend/public/trfmc_master_console_v4.html	14	a{color:var(--text);text-decoration:none;border:1px solid #1d6f9f;background:#0a1828;border-radius:4px;padding:6px 9px}
frontend/public/trfmc_master_console_v4.html	16	.panel{background:linear-gradient(180deg,#071524,#02070f);border:1px solid #1d5e86;border-radius:6px;overflow:hidden}
frontend/public/trfmc_master_console_v4.html	17	.title{background:#0a1b2e;border-bottom:1px solid #1d5e86;color:var(--cyan);font-weight:700;padding:7px 9px;text-transform:uppercase}
frontend/public/trfmc_master_console_v4.html	20	.card{border:1px solid #214c6a;background:#07111f;border-radius:7px;padding:10px;min-height:118px}
frontend/public/trfmc_master_console_v4.html	25	.kpi{background:#07111f;border:1px solid #214c6a;border-radius:5px;padding:7px}
frontend/public/trfmc_master_console_v4.html	27	button{width:100%;background:#10233a;color:var(--text);border:1px solid #285d82;border-radius:4px;padding:8px;margin:5px 0;text-align:left;cursor:pointer}
frontend/public/trfmc_master_console_v4.html	28	button:hover{background:#145078;border-color:var(--cyan);box-shadow:inset 3px 0 0 var(--yellow)}
frontend/public/trfmc_master_console_v4.html	29	canvas{width:100%;height:280px;background:#02070f;border:1px solid #1d5e86;border-radius:6px}
frontend/public/trfmc_master_console_v4.html	31	.log div{border-bottom:1px solid #17344c;padding:5px 0;color:#cde7ff}
frontend/public/trfmc_master_console_v4.html	45	<div style="color:#86a7c6;font-size:11px">RF/TM · DSP · Wi-Fi/QAM · SDR/HackRF · Open5GS/UERANSIM · Cyber RF · Evidence · Knowledge Base</div>
frontend/public/trfmc_master_console_v4.html	119	["RF/TM",170,160,"#00d9ff"],["DSP",360,90,"#7dff4f"],["Wi-Fi/QAM",560,160,"#ffd500"],
frontend/public/trfmc_master_console_v4.html	120	["HackRF/SDR",760,90,"#00d9ff"],["5G Core",960,160,"#7dff4f"],["Cyber RF",1160,90,"#ff3366"],["Evidence",1320,160,"#ffd500"]
frontend/public/trfmc_master_console_v4.html	129	let q=(Math.sin(t*.04+i)*.5+.5),px=a[1]+(b[1]-a[1])*q,py=a[2]+(b[2]-a[2])*q;x.fillStyle="#ffd500";x.beginPath();x.arc(px,py,5,0,Math.PI*2);x.fill()
frontend/public/trfmc_master_console_v4.html	131	nodes.forEach(n=>{x.fillStyle=n[3];x.shadowColor=n[3];x.shadowBlur=15;x.beginPath();x.arc(n[1],n[2],14,0,Math.PI*2);x.fill();x.shadowBlur=0;x.fillStyle="#eaf3ff";x.font="14px system-ui";x.fillText(n[0],n[1]-38,n[2]+38)})
frontend/public/trfmc_master_console_v4.html	132	x.fillStyle="#eaf3ff";x.font="13px system-ui";x.fillText("TRFMC convergence bus: RF measurement → DSP → Wi-Fi/QAM → SDR → 5G Core → Cyber RF → Evidence",20,28)
frontend/public/trfmc_rf_tm_war_room_v4.html	10	  --bg:#01040c;
frontend/public/trfmc_rf_tm_war_room_v4.html	16	  --text:#eaf3ff;
frontend/public/trfmc_rf_tm_war_room_v4.html	17	  --muted:#90a9c7;
frontend/public/trfmc_rf_tm_war_room_v4.html	18	  --cyan:#74dcff;
frontend/public/trfmc_rf_tm_war_room_v4.html	19	  --green:#9dffc7;
frontend/public/trfmc_rf_tm_war_room_v4.html	20	  --amber:#ffd37a;
frontend/public/trfmc_rf_tm_war_room_v4.html	21	  --red:#ff8585;
frontend/public/trfmc_rf_tm_war_room_v4.html	22	  --violet:#bda7ff;
frontend/public/trfmc_rf_tm_war_room_v4.html	23	  --blue:#6aa8ff;
frontend/public/trfmc_rf_tm_war_room_v4.html	38	    linear-gradient(180deg,#01040c,#061327 52%,#01040c);
frontend/public/trfmc_rf_tm_war_room_v4.html	195	  background:#071326;
frontend/public/trfmc_rf_tm_war_room_v4.html	282	#warCanvas{height:610px}
frontend/public/trfmc_rf_tm_war_room_v4.html	289	#scopeCanvas,#spectrumCanvas,#phaseCanvas,#spaceCanvas,#waterfallCanvas,#constellationCanvas{
frontend/public/trfmc_rf_tm_war_room_v4.html	325	  color:#c0d5ee;
frontend/public/trfmc_rf_microwave_engineering_v1.html	9	      --bg:#050914;
frontend/public/trfmc_rf_microwave_engineering_v1.html	10	      --panel:#0b1222;
frontend/public/trfmc_rf_microwave_engineering_v1.html	11	      --panel2:#0e1a31;
frontend/public/trfmc_rf_microwave_engineering_v1.html	12	      --line:#1d355a;
frontend/public/trfmc_rf_microwave_engineering_v1.html	13	      --cyan:#4de7ff;
frontend/public/trfmc_rf_microwave_engineering_v1.html	14	      --cyan2:#00a8ff;
frontend/public/trfmc_rf_microwave_engineering_v1.html	15	      --green:#51ffb0;
frontend/public/trfmc_rf_microwave_engineering_v1.html	16	      --yellow:#ffd166;
frontend/public/trfmc_rf_microwave_engineering_v1.html	17	      --red:#ff5b7a;
frontend/public/trfmc_rf_microwave_engineering_v1.html	18	      --txt:#eaf6ff;
frontend/public/trfmc_rf_microwave_engineering_v1.html	19	      --muted:#8aa3bd;
frontend/public/trfmc_rf_microwave_engineering_v1.html	20	      --violet:#9b7cff;
frontend/public/trfmc_rf_microwave_engineering_v1.html	32	        linear-gradient(180deg,#030711,#08101d 48%,#030711);
frontend/public/trfmc_rf_microwave_engineering_v1.html	92	    .lead{font-size:16px; line-height:1.55; color:#bfd4e9; max-width:980px}
frontend/public/trfmc_rf_microwave_engineering_v1.html	136	    .card h3{font-size:14px;color:#c8e6ff}
frontend/public/trfmc_rf_microwave_engineering_v1.html	144	      background:#071020; color:var(--txt); outline:none;
frontend/public/trfmc_rf_microwave_engineering_v1.html	182	      background:#050b16; border:1px solid rgba(77,231,255,.14);
frontend/public/trfmc_rf_microwave_engineering_v1.html	183	      color:#d8f5ff; overflow:auto; font-size:13px;
frontend/public/trfmc_rf_microwave_engineering_v1.html	201	      height:8px;border-radius:999px;background:#071020;border:1px solid rgba(77,231,255,.16);overflow:hidden;margin-top:8px
frontend/public/trfmc_rf_microwave_engineering_v1.html	204	    .smallList{margin:0;padding-left:18px;color:#bfd4e9;font-size:13px;line-height:1.55}
frontend/public/trfmc_rf_microwave_engineering_v1.html	208	      padding:12px;border-radius:16px;color:#fff1c7;font-size:13px;line-height:1.45;
frontend/public/trfmc_rf_microwave_engineering_v1.html	538	    ctx.fillStyle="#51ffb0";
frontend/public/trfmc_rf_microwave_engineering_v1.html	543	    ctx.fillStyle="#9b7cff";
frontend/public/trfmc_rf_microwave_engineering_v1.html	548	    ctx.strokeStyle="#ff5b7a";
frontend/public/trfmc_rf_microwave_engineering_v1.html	561	    ctx.fillStyle="#51ffb0";
frontend/public/trfmc_rf_microwave_engineering_v1.html	564	    ctx.fillStyle="#9b7cff";
frontend/public/trfmc_rf_microwave_engineering_v1.html	566	    ctx.fillStyle="#ff5b7a";
frontend/public/trfmc_rf_microwave_engineering_v1.html	581	        ctx.fillStyle="#ffd166";
frontend/public/trfmc_realtime_fft_gapless_receiver_lab_v1.html	9	  --bg:#01060d;--p:#071827;--p2:#0a2135;--line:#0b75a8;--cyan:#00e5ff;
frontend/public/trfmc_realtime_fft_gapless_receiver_lab_v1.html	10	  --ok:#75ff5b;--warn:#ffd84d;--bad:#ff3d7f;--txt:#e8f9ff;--muted:#84a8ba;
frontend/public/trfmc_realtime_fft_gapless_receiver_lab_v1.html	11	  --blue:#1aa8ff;--gold:#ffd400;--violet:#b772ff;
frontend/public/trfmc_realtime_fft_gapless_receiver_lab_v1.html	14	html,body{margin:0;height:100%;background:radial-gradient(circle at 50% -10%,#07365a 0,#02070d 42%,#00050a 100%);color:var(--txt);font-family:Inter,Segoe UI,Arial,sans-serif;overflow:hidden}
frontend/public/trfmc_realtime_fft_gapless_receiver_lab_v1.html	20	.top{display:grid;grid-template-columns:1fr auto;gap:12px;align-items:center;border:1px solid #0b5f8a;background:linear-gradient(180deg,#071827,#020811);padding:9px 12px;box-shadow:0 0 28px rgba(0,180,255,.18)}
frontend/public/trfmc_realtime_fft_gapless_receiver_lab_v1.html	24	button,select,input{background:#0b2238;border:1px solid #1175a5;color:var(--txt);border-radius:4px;padding:7px 10px;font-size:12px}
frontend/public/trfmc_realtime_fft_gapless_receiver_lab_v1.html	28	.kpi{border:1px solid #0b5f8a;background:linear-gradient(180deg,#092037,#04101b);padding:7px 8px;min-height:82px}
frontend/public/trfmc_realtime_fft_gapless_receiver_lab_v1.html	29	.kpi .l{font-size:9px;color:#80bad0;text-transform:uppercase;letter-spacing:.8px}
frontend/public/trfmc_realtime_fft_gapless_receiver_lab_v1.html	33	.panel{border:1px solid #0b5f8a;background:rgba(3,14,24,.94);box-shadow:inset 0 0 22px rgba(0,150,255,.06),0 0 16px rgba(0,130,255,.08);overflow:hidden;position:relative}
frontend/public/trfmc_realtime_fft_gapless_receiver_lab_v1.html	34	.panel h2{margin:0;padding:8px 10px;border-bottom:1px solid #0b5f8a;color:#00e5ff;font-size:13px;text-transform:uppercase;letter-spacing:.8px;background:#061625}
frontend/public/trfmc_realtime_fft_gapless_receiver_lab_v1.html	36	fieldset{border:1px solid #123f5d;border-radius:6px;margin:0 0 8px;padding:8px;background:#061523}
frontend/public/trfmc_realtime_fft_gapless_receiver_lab_v1.html	38	.label{font-size:10px;color:#8fc0d2;text-transform:uppercase;margin:10px 0 4px}
frontend/public/trfmc_realtime_fft_gapless_receiver_lab_v1.html	41	.canvasBox{height:300px;border:1px solid #0d6f9e;background:#020b12;position:relative;margin-bottom:6px}
frontend/public/trfmc_realtime_fft_gapless_receiver_lab_v1.html	43	.overlay{position:absolute;left:8px;top:8px;font-family:monospace;font-size:11px;color:var(--ok);background:rgba(0,0,0,.38);border:1px solid #154e34;padding:5px 7px}
frontend/public/trfmc_realtime_fft_gapless_receiver_lab_v1.html	44	.footerStatus{position:absolute;right:8px;bottom:6px;color:var(--ok);font-family:monospace;font-size:10px;border:1px solid #1d7c33;padding:3px 6px;background:#04110a}
frontend/public/trfmc_realtime_fft_gapless_receiver_lab_v1.html	47	.card{border:1px solid #104e73;background:#061625;padding:8px;border-radius:4px;margin-bottom:6px}
frontend/public/trfmc_realtime_fft_gapless_receiver_lab_v1.html	48	.card h3{margin:0 0 7px;font-size:12px;color:#00e5ff}
frontend/public/trfmc_realtime_fft_gapless_receiver_lab_v1.html	49	.formula{font-family:Cambria,serif;font-size:17px;color:#fff;background:#061523;border:1px solid #174e73;padding:8px;margin:6px 0;border-radius:4px}
frontend/public/trfmc_realtime_fft_gapless_receiver_lab_v1.html	50	.mini{font-family:monospace;font-size:11px;color:#b9eaff;line-height:1.45}
frontend/public/trfmc_realtime_fft_gapless_receiver_lab_v1.html	53	.table th,.table td{border-bottom:1px solid #12344c;padding:5px;text-align:left}
frontend/public/trfmc_realtime_fft_gapless_receiver_lab_v1.html	54	.table th{color:#83cfff}
frontend/public/trfmc_realtime_fft_gapless_receiver_lab_v1.html	55	.bar{height:8px;background:#082035;border:1px solid #11496a;margin-top:4px}
frontend/public/trfmc_realtime_fft_gapless_receiver_lab_v1.html	56	.bar i{display:block;height:100%;background:linear-gradient(90deg,#12e1ff,#75ff5b)}
frontend/public/trfmc_realtime_fft_gapless_receiver_lab_v1.html	57	.log{height:250px;background:#02070d;border:1px solid #123f5d;padding:7px;overflow:auto;font-family:monospace;font-size:10px;color:#bcecff}
frontend/public/trfmc_realtime_fft_gapless_receiver_lab_v1.html	58	.badge{display:inline-block;border:1px solid #1c7ba8;background:#092238;padding:3px 6px;border-radius:4px;margin:2px;font-size:10px}
frontend/public/trfmc_realtime_fft_gapless_receiver_lab_v1.html	59	.modeCard{display:grid;grid-template-columns:1fr auto;align-items:center;gap:6px;border:1px solid #104e73;background:#061625;padding:8px;margin-bottom:6px;border-radius:4px}
frontend/public/trfmc_realtime_fft_gapless_receiver_lab_v1.html	60	.modeCard b{color:#00e5ff}
frontend/public/trfmc_realtime_fft_gapless_receiver_lab_v1.html	211	          <canvas id="timeline" style="height:190px;border:1px solid #0d6f9e;background:#020b12"></canvas>
frontend/public/trfmc_realtime_fft_gapless_receiver_lab_v1.html	414	  x.fillStyle = "#020b12"; x.fillRect(0,0,w,h);
frontend/public/trfmc_realtime_fft_gapless_receiver_lab_v1.html	420	  x.strokeStyle = "#ffd400"; x.lineWidth = 1.4; x.beginPath();
frontend/public/trfmc_realtime_fft_gapless_receiver_lab_v1.html	441	  x.fillStyle="#7fa3b7"; x.font="10px monospace";
frontend/public/trfmc_realtime_fft_gapless_receiver_lab_v1.html	484	  x.fillStyle="#020b12"; x.fillRect(0,0,w,h);
frontend/public/trfmc_realtime_fft_gapless_receiver_lab_v1.html	489	    ["Signal acquisition","#75ff5b",18],
frontend/public/trfmc_realtime_fft_gapless_receiver_lab_v1.html	490	    ["FFT processing","#00e5ff",70],
frontend/public/trfmc_realtime_fft_gapless_receiver_lab_v1.html	491	    ["Buffered gap risk","#ff3d7f",122]
frontend/public/trfmc_realtime_fft_gapless_receiver_lab_v1.html	496	    x.fillStyle="#83cfff"; x.fillText(name,8,y+10);
frontend/public/rfpro_master_v583.html	9	  --bg:#020611;--panel:#071522;--panel2:#0a1d2c;--line:#07536b;--line2:#123c55;
frontend/public/rfpro_master_v583.html	10	  --txt:#e7fbff;--muted:#83b4c8;--cyan:#00e5ff;--green:#36ff7d;--yellow:#ffd166;--orange:#ff9f1c;--red:#fb7185;
frontend/public/rfpro_master_v583.html	17	    linear-gradient(180deg,#030914,#00040a 80%);
frontend/public/rfpro_master_v583.html	26	.badges{display:flex;gap:8px;flex-wrap:wrap;margin-top:10px}.badge{border:1px solid var(--line);border-radius:999px;padding:6px 10px;background:#04101b;color:var(--muted);font-size:12px;font-weight:800}.ok{color:var(--gr
frontend/public/rfpro_master_v583.html	31	button{background:#062b39;border:1px solid var(--cyan);color:var(--txt);border-radius:9px;padding:8px 9px;font-size:12px;font-weight:800;cursor:pointer;margin:3px 2px}
frontend/public/rfpro_master_v583.html	32	button.good{background:#06341d;border-color:var(--green);color:var(--green)}button.warn{background:#3a2604;border-color:var(--yellow);color:var(--yellow)}button.orange{background:#3b1f04;border-color:var(--orange);color:
frontend/public/rfpro_master_v583.html	34	input,select{width:100%;background:#020a11;color:var(--txt);border:1px solid #16627a;border-radius:9px;padding:8px 9px;font-size:13px}
frontend/public/rfpro_master_v583.html	36	iframe{width:100%;height:880px;border:1px solid #0f4058;border-radius:14px;background:#02040a}
frontend/public/rfpro_master_v583.html	37	.log{background:#02070d;border:1px solid #123c55;border-radius:10px;padding:9px;white-space:pre-wrap;overflow:auto;font:12px ui-monospace,Menlo,Consolas,monospace;color:#bdfbea;height:230px}
frontend/public/rfpro_master_v583.html	39	.kpis{display:grid;grid-template-columns:repeat(4,1fr);gap:8px;margin-bottom:10px}.kpi{border:1px solid #16445b;border-radius:10px;background:#020a11;padding:8px}.kpi span{display:block;color:var(--muted);font-size:10px;
frontend/public/rfpro_master_v583.html	79	      <hr style="border-color:#123c55;margin:12px 0">
frontend/public/rfpro_master_v583.html	81	      <h3 style="font-size:12px;color:#00e5ff;text-transform:uppercase">Quick Operation</h3>
frontend/public/rfpro_master_v583.html	121	      <h3 style="font-size:12px;color:#00e5ff;text-transform:uppercase">Files</h3>
frontend/public/trfmc_antenna_system_explorer_v14_instrument_grade.html	9	  --bg:#01070f;--panel:#061120;--panel2:#0a1a2d;--line:#1774a6;--line2:#245b7d;
frontend/public/trfmc_antenna_system_explorer_v14_instrument_grade.html	10	  --text:#eaf3ff;--muted:#87a8c6;--cyan:#00d9ff;--green:#7dff4f;
frontend/public/trfmc_antenna_system_explorer_v14_instrument_grade.html	11	  --yellow:#ffd500;--red:#ff3366;--blue:#268cff;--orange:#ff9e3d;
frontend/public/trfmc_antenna_system_explorer_v14_instrument_grade.html	15	  margin:0;background:#01060d;color:var(--text);
frontend/public/trfmc_antenna_system_explorer_v14_instrument_grade.html	19	  height:54px;background:#050b13;border-bottom:1px solid var(--line);
frontend/public/trfmc_antenna_system_explorer_v14_instrument_grade.html	25	  color:var(--text);text-decoration:none;border:1px solid #1d6f9f;
frontend/public/trfmc_antenna_system_explorer_v14_instrument_grade.html	26	  background:#0a1828;border-radius:4px;padding:6px 9px;cursor:pointer;
frontend/public/trfmc_antenna_system_explorer_v14_instrument_grade.html	34	  background:linear-gradient(180deg,#071524,#02070f);
frontend/public/trfmc_antenna_system_explorer_v14_instrument_grade.html	35	  border:1px solid #1d5e86;border-radius:6px;overflow:hidden;
frontend/public/trfmc_antenna_system_explorer_v14_instrument_grade.html	38	  background:#0a1b2e;border-bottom:1px solid #1d5e86;color:var(--cyan);
frontend/public/trfmc_antenna_system_explorer_v14_instrument_grade.html	42	.ctrl{border:1px solid #183d58;background:#081522;border-radius:5px;padding:7px;margin-bottom:7px}
frontend/public/trfmc_antenna_system_explorer_v14_instrument_grade.html	46	select{background:#10233a;color:var(--text);border:1px solid #285d82;border-radius:4px;padding:6px}
frontend/public/trfmc_antenna_system_explorer_v14_instrument_grade.html	48	  width:100%;background:#10233a;color:var(--text);border:1px solid #285d82;
frontend/public/trfmc_antenna_system_explorer_v14_instrument_grade.html	51	button.active,button:hover{background:#145078;border-color:var(--cyan);box-shadow:inset 3px 0 0 var(--yellow)}
frontend/public/trfmc_antenna_system_explorer_v14_instrument_grade.html	54	  border:1px solid #0e88bf;background:linear-gradient(90deg,#071626,#0a1828,#071626);
frontend/public/trfmc_antenna_system_explorer_v14_instrument_grade.html	58	  background:linear-gradient(180deg,#091b2e,#07111f);border:1px solid #214c6a;
frontend/public/trfmc_antenna_system_explorer_v14_instrument_grade.html	68	.frame{background:#02070f;border:1px solid #1d5e86;border-radius:6px;overflow:hidden;position:relative}
frontend/public/trfmc_antenna_system_explorer_v14_instrument_grade.html	70	  margin:0;background:#0a1b2e;border-bottom:1px solid #1d5e86;
frontend/public/trfmc_antenna_system_explorer_v14_instrument_grade.html	74	#siteFrame{grid-column:1/3}
frontend/public/trfmc_antenna_system_explorer_v14_instrument_grade.html	81	  background:#061120d9;border:1px solid #1d5e86;border-radius:5px;padding:5px 8px;
frontend/public/trfmc_antenna_system_explorer_v14_instrument_grade.html	86	  border:1px solid #183d58;background:#081522;border-radius:5px;padding:7px;margin-bottom:6px;
frontend/public/trfmc_antenna_system_explorer_v14_instrument_grade.html	87	  font-family:ui-monospace,monospace;color:#d3e8ff;
frontend/public/trfmc_antenna_system_explorer_v14_instrument_grade.html	91	.log div{border-bottom:1px solid #17344c;padding:4px 0;color:#cde7ff}
frontend/public/trfmc_antenna_system_explorer_v14_instrument_grade.html	92	.alarm{border:1px solid #183d58;background:#081522;border-radius:5px;padding:8px;color:var(--green)}
frontend/public/trfmc_antenna_system_explorer_v14_instrument_grade.html	99	  #siteFrame{grid-column:auto}
frontend/public/trfmc_antenna_system_explorer_v14_instrument_grade.html	145	  color:#7dff4f;
frontend/public/trfmc_antenna_system_explorer_v14_instrument_grade.html	149	  border:1px solid #183d58;
frontend/public/trfmc_antenna_system_explorer_v14_instrument_grade.html	150	  background:#081522;
frontend/public/trfmc_antenna_system_explorer_v14_instrument_grade.html	157	  color:#ffd500;
frontend/public/trfmc_antenna_system_explorer_v14_instrument_grade.html	166	  color:#cde7ff;
frontend/public/trfmc_antenna_system_explorer_v14_instrument_grade.html	170	.opPanel .opRow span:last-child{color:#7dff4f}
frontend/public/trfmc_antenna_system_explorer_v14_instrument_grade.html	172	  border-color:#ffd500;
frontend/public/trfmc_antenna_system_explorer_v14_instrument_grade.html	173	  box-shadow:inset 0 -3px 0 #ffd500, 0 0 18px rgba(255,213,0,.18);
frontend/public/trfmc_antenna_system_explorer_v14_instrument_grade.html	176	  border-color:#ffd500;
frontend/public/trfmc_antenna_system_explorer_v14_instrument_grade.html	192	    <div style="color:#86a7c6;font-size:11px">Panel antenna · RRU/BBU · RET/AISG · MIMO · Port mapping · VSWR · EIRP · Beam · Coverage</div>
frontend/public/trfmc_antenna_system_explorer_v14_instrument_grade.html	370	  $("alarm").style.color=alarm?"#ff3366":"#7dff4f";
frontend/public/trfmc_antenna_system_explorer_v14_instrument_grade.html	395	  c.strokeStyle="#dcecff";c.lineWidth=3;
frontend/public/trfmc_antenna_system_explorer_v14_instrument_grade.html	399	  c.fillStyle="#eaf3ff";c.fillRect(cx-28,cy-65,18,105);c.fillRect(cx+10,cy-65,18,105);
frontend/public/trfmc_antenna_system_explorer_v14_instrument_grade.html	400	  c.fillStyle="#9aaec0";c.fillRect(cx-4,cy-55,8,90);
frontend/public/trfmc_antenna_system_explorer_v14_instrument_grade.html	451	  c.fillStyle="#ffd500";c.font="13px system-ui";
frontend/public/trfmc_antenna_system_explorer_v14_instrument_grade.html	454	  c.fillStyle="#dcecff";c.font="12px system-ui";
frontend/public/trfmc_antenna_system_explorer_v14_instrument_grade.html	465	    [["#7dff4f",1],["#ffd500",.55],["#00d9ff",.4]].forEach(([col,scale])=>{
frontend/public/trfmc_antenna_system_explorer_v14_instrument_grade.html	476	    c.fillStyle="#eaf3ff";c.fillText(name,ccx-25,h-20);
frontend/public/trfmc_antenna_system_explorer_v14_instrument_grade.html	483	    ["P1","Low Band 900","880-960","80","24.0","OK","#ff3366"],
frontend/public/trfmc_antenna_system_explorer_v14_instrument_grade.html	484	    ["P2","Mid Band 1800","1710-1880","170","24.0","OK","#ffd500"],
frontend/public/trfmc_antenna_system_explorer_v14_instrument_grade.html	485	    ["P3","High Band 2100","1920-2170","250","24.0","OK","#00d9ff"],
frontend/public/trfmc_antenna_system_explorer_v14_instrument_grade.html	486	    ["P4","n78 5G","3300-3800","100",p.ptx.toFixed(1),"OK","#7dff4f"],
frontend/public/trfmc_antenna_system_explorer_v14_instrument_grade.html	487	    ["P5","n77 5G","3300-4200","900","—","N/A","#555"],
frontend/public/trfmc_antenna_system_explorer_v14_instrument_grade.html	488	    ["P6","Wi-Fi 7","5925-7125","320","—","N/A","#c66bff"]
frontend/public/trfmc_antenna_system_explorer_v14_instrument_grade.html	490	  c.fillStyle="#86a7c6";["PORT","BAND / SERVICE","FREQ MHz","BW","POWER","STATUS"].forEach((x,i)=>c.fillText(x,28+i*115,30));
frontend/public/trfmc_antenna_system_explorer_v14_instrument_grade.html	494	    c.fillStyle="#dcecff";r.slice(0,6).forEach((x,i)=>c.fillText(x,55+i*115,y));
frontend/public/trfmc_antenna_system_explorer_v14_instrument_grade.html	500	  c.fillStyle="#dcecff";c.fillText(`RET electrical tilt ${p.tilt.toFixed(1)}° · AISG connected · step 0.1°`,18,24);
frontend/public/trfmc_antenna_system_explorer_v14_instrument_grade.html	508	    c.strokeStyle=["#ff3366","#ffd500","#7dff4f","#00d9ff"][idx];c.stroke();
frontend/public/trfmc_antenna_system_explorer_v14_instrument_grade.html	522	    c.strokeStyle=["#00d9ff","#7dff4f","#ff3366","#ffd500","#c66bff"][i];
frontend/public/trfmc_antenna_system_explorer_v14_instrument_grade.html	525	  c.fillStyle="#dcecff";c.fillText(`${mimoLabel(p.type)} array · beam width ${(65-p.gain).toFixed(0)}° · MU-MIMO vectors`,20,22);
frontend/public/trfmc_antenna_system_explorer_v14_instrument_grade.html	672	    return {site:"#ffd500",polar:"#7dff4f",ports:"#00d9ff",ret:"#ff9e3d",mimo:"#c66bff"}[id] || "#00d9ff";
frontend/public/trfmc_3d_rf_asset_renderer_webgl_v2r1_detail_boost.html	9	  --bg:#01060d;--panel:#071827;--panel2:#0a2135;--line:#0b75a8;--cyan:#00e5ff;
frontend/public/trfmc_3d_rf_asset_renderer_webgl_v2r1_detail_boost.html	10	  --ok:#75ff5b;--warn:#ffd84d;--bad:#ff3d7f;--txt:#e8f9ff;--muted:#84a8ba;
frontend/public/trfmc_3d_rf_asset_renderer_webgl_v2r1_detail_boost.html	11	  --gold:#ffd400;--violet:#b772ff;--blue:#1aa8ff;
frontend/public/trfmc_3d_rf_asset_renderer_webgl_v2r1_detail_boost.html	14	html,body{margin:0;height:100%;background:#01060d;color:var(--txt);font-family:Inter,Segoe UI,Arial,sans-serif;overflow:hidden}
frontend/public/trfmc_3d_rf_asset_renderer_webgl_v2r1_detail_boost.html	21	.top{display:grid;grid-template-columns:1fr auto;gap:12px;align-items:center;border:1px solid #0b5f8a;background:linear-gradient(180deg,#071827,#020811);padding:9px 12px;box-shadow:0 0 28px rgba(0,180,255,.18)}
frontend/public/trfmc_3d_rf_asset_renderer_webgl_v2r1_detail_boost.html	25	button,select,input{background:#0b2238;border:1px solid #1175a5;color:var(--txt);border-radius:4px;padding:7px 10px;font-size:12px}
frontend/public/trfmc_3d_rf_asset_renderer_webgl_v2r1_detail_boost.html	29	.kpi{border:1px solid #0b5f8a;background:linear-gradient(180deg,#092037,#04101b);padding:7px 8px;min-height:76px}
frontend/public/trfmc_3d_rf_asset_renderer_webgl_v2r1_detail_boost.html	30	.kpi .l{font-size:9px;color:#80bad0;text-transform:uppercase;letter-spacing:.8px}
frontend/public/trfmc_3d_rf_asset_renderer_webgl_v2r1_detail_boost.html	34	.panel{border:1px solid #0b5f8a;background:rgba(3,14,24,.94);box-shadow:inset 0 0 22px rgba(0,150,255,.06),0 0 16px rgba(0,130,255,.08);overflow:hidden;position:relative}
frontend/public/trfmc_3d_rf_asset_renderer_webgl_v2r1_detail_boost.html	35	.panel h2{margin:0;padding:8px 10px;border-bottom:1px solid #0b5f8a;color:#00e5ff;font-size:13px;text-transform:uppercase;letter-spacing:.8px;background:#061625}
frontend/public/trfmc_3d_rf_asset_renderer_webgl_v2r1_detail_boost.html	37	fieldset{border:1px solid #123f5d;border-radius:6px;margin:0 0 8px;padding:8px;background:#061523}
frontend/public/trfmc_3d_rf_asset_renderer_webgl_v2r1_detail_boost.html	39	.label{font-size:10px;color:#8fc0d2;text-transform:uppercase;margin:10px 0 4px}
frontend/public/trfmc_3d_rf_asset_renderer_webgl_v2r1_detail_boost.html	42	.viewport{position:relative;border:1px solid #0d6f9e;background:#020b12;min-height:0}
frontend/public/trfmc_3d_rf_asset_renderer_webgl_v2r1_detail_boost.html	43	#threeRoot{position:absolute;inset:0}
frontend/public/trfmc_3d_rf_asset_renderer_webgl_v2r1_detail_boost.html	44	.overlay{position:absolute;left:10px;top:10px;font-family:monospace;font-size:11px;color:var(--ok);background:rgba(0,0,0,.46);border:1px solid #154e34;padding:6px 8px;z-index:5}
frontend/public/trfmc_3d_rf_asset_renderer_webgl_v2r1_detail_boost.html	45	.footerStatus{position:absolute;right:10px;bottom:8px;color:var(--ok);font-family:monospace;font-size:10px;border:1px solid #1d7c33;padding:3px 6px;background:#04110a;z-index:5}
frontend/public/trfmc_3d_rf_asset_renderer_webgl_v2r1_detail_boost.html	46	.card{border:1px solid #104e73;background:#061625;padding:8px;border-radius:4px;margin-bottom:6px}
frontend/public/trfmc_3d_rf_asset_renderer_webgl_v2r1_detail_boost.html	47	.card h3{margin:0 0 7px;font-size:12px;color:#00e5ff}
frontend/public/trfmc_3d_rf_asset_renderer_webgl_v2r1_detail_boost.html	48	.mini{font-family:monospace;font-size:11px;color:#b9eaff;line-height:1.45}
frontend/public/trfmc_3d_rf_asset_renderer_webgl_v2r1_detail_boost.html	51	.table th,.table td{border-bottom:1px solid #12344c;padding:5px;text-align:left}
frontend/public/trfmc_3d_rf_asset_renderer_webgl_v2r1_detail_boost.html	52	.table th{color:#83cfff}
frontend/public/trfmc_3d_rf_asset_renderer_webgl_v2r1_detail_boost.html	53	.modeCard{display:grid;grid-template-columns:1fr auto;align-items:center;gap:6px;border:1px solid #104e73;background:#061625;padding:8px;margin-bottom:6px;border-radius:4px}
frontend/public/trfmc_3d_rf_asset_renderer_webgl_v2r1_detail_boost.html	54	.modeCard b{color:#00e5ff}
frontend/public/trfmc_3d_rf_asset_renderer_webgl_v2r1_detail_boost.html	55	.log{height:230px;background:#02070d;border:1px solid #123f5d;padding:7px;overflow:auto;font-family:monospace;font-size:10px;color:#bcecff}
frontend/public/trfmc_3d_rf_asset_renderer_webgl_v2r1_detail_boost.html	361	  ctx.strokeStyle="#00e5ff";ctx.strokeRect(8,8,496,112);
frontend/public/trfmc_3d_rf_asset_renderer_webgl_v2r1_detail_boost.html	362	  ctx.fillStyle="#e8f9ff";ctx.font="30px monospace";
frontend/public/trfmc_3d_rf_asset_renderer_webgl_v2r1_detail_boost.html	408	  ctx.fillStyle = "#e8f9ff";
frontend/public/trfmc_antenna_system_explorer_v15_instrument_center.html	9	  --bg:#01070f;--panel:#061120;--panel2:#0a1a2d;--line:#1774a6;--line2:#245b7d;
frontend/public/trfmc_antenna_system_explorer_v15_instrument_center.html	10	  --text:#eaf3ff;--muted:#87a8c6;--cyan:#00d9ff;--green:#7dff4f;
frontend/public/trfmc_antenna_system_explorer_v15_instrument_center.html	11	  --yellow:#ffd500;--red:#ff3366;--blue:#268cff;--orange:#ff9e3d;
frontend/public/trfmc_antenna_system_explorer_v15_instrument_center.html	15	  margin:0;background:#01060d;color:var(--text);
frontend/public/trfmc_antenna_system_explorer_v15_instrument_center.html	19	  height:54px;background:#050b13;border-bottom:1px solid var(--line);
frontend/public/trfmc_antenna_system_explorer_v15_instrument_center.html	25	  color:var(--text);text-decoration:none;border:1px solid #1d6f9f;
frontend/public/trfmc_antenna_system_explorer_v15_instrument_center.html	26	  background:#0a1828;border-radius:4px;padding:6px 9px;cursor:pointer;
frontend/public/trfmc_antenna_system_explorer_v15_instrument_center.html	34	  background:linear-gradient(180deg,#071524,#02070f);
frontend/public/trfmc_antenna_system_explorer_v15_instrument_center.html	35	  border:1px solid #1d5e86;border-radius:6px;overflow:hidden;
frontend/public/trfmc_antenna_system_explorer_v15_instrument_center.html	38	  background:#0a1b2e;border-bottom:1px solid #1d5e86;color:var(--cyan);
frontend/public/trfmc_antenna_system_explorer_v15_instrument_center.html	42	.ctrl{border:1px solid #183d58;background:#081522;border-radius:5px;padding:7px;margin-bottom:7px}
frontend/public/trfmc_antenna_system_explorer_v15_instrument_center.html	46	select{background:#10233a;color:var(--text);border:1px solid #285d82;border-radius:4px;padding:6px}
frontend/public/trfmc_antenna_system_explorer_v15_instrument_center.html	48	  width:100%;background:#10233a;color:var(--text);border:1px solid #285d82;
frontend/public/trfmc_antenna_system_explorer_v15_instrument_center.html	51	button.active,button:hover{background:#145078;border-color:var(--cyan);box-shadow:inset 3px 0 0 var(--yellow)}
frontend/public/trfmc_antenna_system_explorer_v15_instrument_center.html	54	  border:1px solid #0e88bf;background:linear-gradient(90deg,#071626,#0a1828,#071626);
frontend/public/trfmc_antenna_system_explorer_v15_instrument_center.html	58	  background:linear-gradient(180deg,#091b2e,#07111f);border:1px solid #214c6a;
frontend/public/trfmc_antenna_system_explorer_v15_instrument_center.html	68	.frame{background:#02070f;border:1px solid #1d5e86;border-radius:6px;overflow:hidden;position:relative}
frontend/public/trfmc_antenna_system_explorer_v15_instrument_center.html	70	  margin:0;background:#0a1b2e;border-bottom:1px solid #1d5e86;
frontend/public/trfmc_antenna_system_explorer_v15_instrument_center.html	74	#siteFrame{grid-column:1/3}
frontend/public/trfmc_antenna_system_explorer_v15_instrument_center.html	81	  background:#061120d9;border:1px solid #1d5e86;border-radius:5px;padding:5px 8px;
frontend/public/trfmc_antenna_system_explorer_v15_instrument_center.html	86	  border:1px solid #183d58;background:#081522;border-radius:5px;padding:7px;margin-bottom:6px;
frontend/public/trfmc_antenna_system_explorer_v15_instrument_center.html	87	  font-family:ui-monospace,monospace;color:#d3e8ff;
frontend/public/trfmc_antenna_system_explorer_v15_instrument_center.html	91	.log div{border-bottom:1px solid #17344c;padding:4px 0;color:#cde7ff}
frontend/public/trfmc_antenna_system_explorer_v15_instrument_center.html	92	.alarm{border:1px solid #183d58;background:#081522;border-radius:5px;padding:8px;color:var(--green)}
frontend/public/trfmc_antenna_system_explorer_v15_instrument_center.html	99	  #siteFrame{grid-column:auto}
frontend/public/trfmc_antenna_system_explorer_v15_instrument_center.html	145	  color:#7dff4f;
frontend/public/trfmc_antenna_system_explorer_v15_instrument_center.html	149	  border:1px solid #183d58;
frontend/public/trfmc_antenna_system_explorer_v15_instrument_center.html	150	  background:#081522;
frontend/public/trfmc_antenna_system_explorer_v15_instrument_center.html	157	  color:#ffd500;
frontend/public/trfmc_antenna_system_explorer_v15_instrument_center.html	166	  color:#cde7ff;
frontend/public/trfmc_antenna_system_explorer_v15_instrument_center.html	170	.opPanel .opRow span:last-child{color:#7dff4f}
frontend/public/trfmc_antenna_system_explorer_v15_instrument_center.html	172	  border-color:#ffd500;
frontend/public/trfmc_antenna_system_explorer_v15_instrument_center.html	173	  box-shadow:inset 0 -3px 0 #ffd500, 0 0 18px rgba(255,213,0,.18);
frontend/public/trfmc_antenna_system_explorer_v15_instrument_center.html	176	  border-color:#ffd500;
frontend/public/trfmc_antenna_system_explorer_v15_instrument_center.html	196	  background:linear-gradient(180deg,#09223a,#06111f);
frontend/public/trfmc_antenna_system_explorer_v15_instrument_center.html	203	  color:#87a8c6;
frontend/public/trfmc_antenna_system_explorer_v15_instrument_center.html	210	  color:#eaf3ff;
frontend/public/trfmc_antenna_system_explorer_v15_instrument_center.html	216	  color:#7dff4f;
frontend/public/trfmc_antenna_system_explorer_v15_instrument_center.html	220	.icCell.warn em{color:#ffd500}
frontend/public/trfmc_antenna_system_explorer_v15_instrument_center.html	221	.icCell.bad em{color:#ff3366}
frontend/public/trfmc_antenna_system_explorer_v15_instrument_center.html	223	  border:1px solid #183d58;
frontend/public/trfmc_antenna_system_explorer_v15_instrument_center.html	224	  background:#081522;
frontend/public/trfmc_antenna_system_explorer_v15_instrument_center.html	232	  border-bottom:1px solid #183d58;
frontend/public/trfmc_antenna_system_explorer_v15_instrument_center.html	233	  color:#00d9ff;
frontend/public/trfmc_antenna_system_explorer_v15_instrument_center.html	234	  background:#0a1b2e;
frontend/public/trfmc_antenna_system_explorer_v15_instrument_center.html	249	  color:#cde7ff;
frontend/public/trfmc_antenna_system_explorer_v15_instrument_center.html	251	.icRow strong{color:#ffd500;font-weight:600}
frontend/public/trfmc_antenna_system_explorer_v15_instrument_center.html	252	.icRow b{color:#7dff4f}
frontend/public/trfmc_antenna_system_explorer_v15_instrument_center.html	253	.icRow.bad b{color:#ff3366}
frontend/public/trfmc_antenna_system_explorer_v15_instrument_center.html	254	.icRow.warn b{color:#ffd500}
frontend/public/trfmc_antenna_system_explorer_v15_instrument_center.html	263	  background:#02070f;
frontend/public/trfmc_antenna_system_explorer_v15_instrument_center.html	264	  border:1px solid #285d82;
frontend/public/trfmc_antenna_system_explorer_v15_instrument_center.html	265	  color:#eaf3ff;
frontend/public/trfmc_antenna_system_explorer_v15_instrument_center.html	299	  color:#00d9ff;
frontend/public/trfmc_antenna_system_explorer_v15_instrument_center.html	314	.icMatrix th{color:#87a8c6}
frontend/public/trfmc_antenna_system_explorer_v15_instrument_center.html	315	.icMatrix td:last-child{color:#7dff4f;text-align:right}
frontend/public/trfmc_antenna_system_explorer_v15_instrument_center.html	350	  color:#7dff4f;
frontend/public/trfmc_antenna_system_explorer_v15_instrument_center.html	361	  background:#081522;
frontend/public/trfmc_antenna_system_explorer_v15_instrument_center.html	366	  color:#87a8c6;
frontend/public/trfmc_antenna_system_explorer_v15_instrument_center.html	371	  color:#eaf3ff;
frontend/public/trfmc_antenna_system_explorer_v15_instrument_center.html	389	  color:#87a8c6;
frontend/public/trfmc_antenna_system_explorer_v15_instrument_center.html	393	.icStatusLine b{color:#7dff4f}
frontend/public/trfmc_antenna_system_explorer_v15_instrument_center.html	407	    <div style="color:#86a7c6;font-size:11px">Panel antenna · RRU/BBU · RET/AISG · MIMO · Port mapping · VSWR · EIRP · Beam · Coverage</div>
frontend/public/trfmc_antenna_system_explorer_v15_instrument_center.html	586	  $("alarm").style.color=alarm?"#ff3366":"#7dff4f";
frontend/public/trfmc_antenna_system_explorer_v15_instrument_center.html	611	  c.strokeStyle="#dcecff";c.lineWidth=3;
frontend/public/trfmc_antenna_system_explorer_v15_instrument_center.html	615	  c.fillStyle="#eaf3ff";c.fillRect(cx-28,cy-65,18,105);c.fillRect(cx+10,cy-65,18,105);
frontend/public/trfmc_antenna_system_explorer_v15_instrument_center.html	616	  c.fillStyle="#9aaec0";c.fillRect(cx-4,cy-55,8,90);
frontend/public/trfmc_antenna_system_explorer_v15_instrument_center.html	667	  c.fillStyle="#ffd500";c.font="13px system-ui";
frontend/public/trfmc_antenna_system_explorer_v15_instrument_center.html	670	  c.fillStyle="#dcecff";c.font="12px system-ui";
frontend/public/trfmc_antenna_system_explorer_v15_instrument_center.html	681	    [["#7dff4f",1],["#ffd500",.55],["#00d9ff",.4]].forEach(([col,scale])=>{
frontend/public/trfmc_antenna_system_explorer_v15_instrument_center.html	692	    c.fillStyle="#eaf3ff";c.fillText(name,ccx-25,h-20);
frontend/public/trfmc_antenna_system_explorer_v15_instrument_center.html	699	    ["P1","Low Band 900","880-960","80","24.0","OK","#ff3366"],
frontend/public/trfmc_antenna_system_explorer_v15_instrument_center.html	700	    ["P2","Mid Band 1800","1710-1880","170","24.0","OK","#ffd500"],
frontend/public/trfmc_antenna_system_explorer_v15_instrument_center.html	701	    ["P3","High Band 2100","1920-2170","250","24.0","OK","#00d9ff"],
frontend/public/trfmc_antenna_system_explorer_v15_instrument_center.html	702	    ["P4","n78 5G","3300-3800","100",p.ptx.toFixed(1),"OK","#7dff4f"],
frontend/public/trfmc_antenna_system_explorer_v15_instrument_center.html	703	    ["P5","n77 5G","3300-4200","900","—","N/A","#555"],
frontend/public/trfmc_antenna_system_explorer_v15_instrument_center.html	704	    ["P6","Wi-Fi 7","5925-7125","320","—","N/A","#c66bff"]
frontend/public/trfmc_antenna_system_explorer_v15_instrument_center.html	706	  c.fillStyle="#86a7c6";["PORT","BAND / SERVICE","FREQ MHz","BW","POWER","STATUS"].forEach((x,i)=>c.fillText(x,28+i*115,30));
frontend/public/trfmc_antenna_system_explorer_v15_instrument_center.html	710	    c.fillStyle="#dcecff";r.slice(0,6).forEach((x,i)=>c.fillText(x,55+i*115,y));
frontend/public/trfmc_antenna_system_explorer_v15_instrument_center.html	716	  c.fillStyle="#dcecff";c.fillText(`RET electrical tilt ${p.tilt.toFixed(1)}° · AISG connected · step 0.1°`,18,24);
frontend/public/trfmc_antenna_system_explorer_v15_instrument_center.html	724	    c.strokeStyle=["#ff3366","#ffd500","#7dff4f","#00d9ff"][idx];c.stroke();
frontend/public/trfmc_antenna_system_explorer_v15_instrument_center.html	738	    c.strokeStyle=["#00d9ff","#7dff4f","#ff3366","#ffd500","#c66bff"][i];
frontend/public/trfmc_antenna_system_explorer_v15_instrument_center.html	741	  c.fillStyle="#dcecff";c.fillText(`${mimoLabel(p.type)} array · beam width ${(65-p.gain).toFixed(0)}° · MU-MIMO vectors`,20,22);
frontend/public/trfmc_antenna_system_explorer_v15_instrument_center.html	888	    return {site:"#ffd500",polar:"#7dff4f",ports:"#00d9ff",ret:"#ff9e3d",mimo:"#c66bff"}[id] || "#00d9ff";
frontend/public/trfmc_converged_rf_5g_noc_v1.html	9	  --bg:#01040c;
frontend/public/trfmc_converged_rf_5g_noc_v1.html	13	  --text:#eaf3ff;
frontend/public/trfmc_converged_rf_5g_noc_v1.html	14	  --muted:#90a9c7;
frontend/public/trfmc_converged_rf_5g_noc_v1.html	15	  --cyan:#74dcff;
frontend/public/trfmc_converged_rf_5g_noc_v1.html	16	  --green:#9dffc7;
frontend/public/trfmc_converged_rf_5g_noc_v1.html	17	  --amber:#ffd37a;
frontend/public/trfmc_converged_rf_5g_noc_v1.html	18	  --red:#ff8585;
frontend/public/trfmc_converged_rf_5g_noc_v1.html	19	  --violet:#bda7ff;
frontend/public/trfmc_converged_rf_5g_noc_v1.html	34	    linear-gradient(180deg,#01040c,#061327 52%,#01040c);
frontend/public/trfmc_converged_rf_5g_noc_v1.html	164	  background:#071326;
frontend/public/trfmc_converged_rf_5g_noc_v1.html	250	#nocCanvas{height:600px}
frontend/public/trfmc_converged_rf_5g_noc_v1.html	295	  color:#c0d5ee;
frontend/public/rf_telco_visual_cockpit_v36.html	14	  --cyan:#58d6f9;
frontend/public/rf_telco_visual_cockpit_v36.html	15	  --green:#3fb950;
frontend/public/rf_telco_visual_cockpit_v36.html	16	  --amber:#d29922;
frontend/public/rf_telco_visual_cockpit_v36.html	17	  --red:#ff4d6d;
frontend/public/rf_telco_visual_cockpit_v36.html	18	  --violet:#a371f7;
frontend/public/rf_telco_visual_cockpit_v36.html	19	  --text:#edf8ff;
frontend/public/rf_telco_visual_cockpit_v36.html	20	  --muted:#8da4b3;
frontend/public/rf_telco_visual_cockpit_v36.html	138	pre{margin:0;max-height:360px;overflow:auto;background:rgba(0,0,0,.25);padding:12px;color:#e8f6ff;font-size:10px;line-height:1.4}
frontend/public/trfmc_safe_runtime_action_console_v1.html	8	:root{--bg:#01040c;--panel:rgba(5,13,30,.94);--line:rgba(105,190,255,.30);--text:#eaf3ff;--muted:#90a9c7;--cyan:#74dcff;--green:#9dffc7;--amber:#ffd37a;--red:#ff8585}
frontend/public/trfmc_safe_runtime_action_console_v1.html	9	*{box-sizing:border-box}body{margin:0;min-height:100vh;color:var(--text);background:radial-gradient(circle at 12% 0%,rgba(48,132,255,.34),transparent 31%),radial-gradient(circle at 88% 4%,rgba(0,255,205,.16),transparent 
frontend/public/trfmc_safe_runtime_action_console_v1.html	11	main{padding:16px}.hero{display:grid;grid-template-columns:1.1fr .9fr;gap:14px;margin-bottom:14px}.panel{border:1px solid var(--line);background:linear-gradient(180deg,var(--panel),rgba(2,8,20,.94));border-radius:22px;bo
frontend/public/trfmc_safe_runtime_action_console_v1.html	12	.grid{display:grid;grid-template-columns:repeat(3,1fr);gap:14px}.section{padding:14px}.section h3{margin:0 0 12px;color:var(--cyan)}.cmd{border:1px solid rgba(255,255,255,.10);background:rgba(255,255,255,.04);border-radi
frontend/public/trfmc_unified_instrument_shell_lab_v2.html	9	  --bg:#02070f;--panel:#061120;--panel2:#0a1828;--line:#1d6f9f;
frontend/public/trfmc_unified_instrument_shell_lab_v2.html	10	  --text:#eaf3ff;--muted:#86a7c6;--cyan:#00d9ff;--green:#7dff4f;
frontend/public/trfmc_unified_instrument_shell_lab_v2.html	11	  --yellow:#ffd500;--red:#ff3366;--blue:#268cff;--purple:#c66bff;
frontend/public/trfmc_unified_instrument_shell_lab_v2.html	14	html,body{margin:0;height:100%;background:#01060d;color:var(--text);font:12px Inter,Segoe UI,system-ui,sans-serif;overflow:hidden}
frontend/public/trfmc_unified_instrument_shell_lab_v2.html	16	  height:54px;background:#050b13;border-bottom:1px solid var(--line);
frontend/public/trfmc_unified_instrument_shell_lab_v2.html	23	  color:var(--text);background:#10233a;border:1px solid #285d82;
frontend/public/trfmc_unified_instrument_shell_lab_v2.html	26	button:hover,a:hover{border-color:var(--cyan);background:#145078;box-shadow:inset 3px 0 0 var(--yellow)}
frontend/public/trfmc_unified_instrument_shell_lab_v2.html	27	button.active{border-color:var(--yellow);box-shadow:inset 3px 0 0 var(--yellow);background:#14334b}
frontend/public/trfmc_unified_instrument_shell_lab_v2.html	31	  background:linear-gradient(90deg,#061120,#0a1828,#061120);
frontend/public/trfmc_unified_instrument_shell_lab_v2.html	35	  border:1px solid rgba(36,91,125,.95);background:linear-gradient(180deg,#09223a,#06111f);
frontend/public/trfmc_unified_instrument_shell_lab_v2.html	49	  background:linear-gradient(180deg,#071524,#02070f);
frontend/public/trfmc_unified_instrument_shell_lab_v2.html	50	  border:1px solid #1d5e86;border-radius:6px;overflow:hidden;
frontend/public/trfmc_unified_instrument_shell_lab_v2.html	53	  background:#0a1b2e;border-bottom:1px solid #1d5e86;color:var(--cyan);
frontend/public/trfmc_unified_instrument_shell_lab_v2.html	58	  border:1px solid #183d58;background:#081522;border-radius:5px;margin-bottom:6px;padding:8px;cursor:pointer;
frontend/public/trfmc_unified_instrument_shell_lab_v2.html	60	.route:hover,.route.active{border-color:var(--yellow);box-shadow:inset 3px 0 0 var(--yellow);background:#10233a}
frontend/public/trfmc_unified_instrument_shell_lab_v2.html	63	.route small{display:inline-block;margin-top:4px;color:#cde7ff;font-family:ui-monospace,monospace}
frontend/public/trfmc_unified_instrument_shell_lab_v2.html	66	  border:1px solid #1d5e86;border-radius:6px;overflow:hidden;background:#02070f;position:relative;
frontend/public/trfmc_unified_instrument_shell_lab_v2.html	70	  height:34px;background:#071524;border-bottom:1px solid #1d5e86;display:flex;align-items:center;justify-content:space-between;padding:0 8px;
frontend/public/trfmc_unified_instrument_shell_lab_v2.html	76	.framebox{border:1px solid rgba(36,91,125,.8);border-radius:5px;overflow:hidden;display:grid;grid-template-rows:24px 1fr;background:#01060d}
frontend/public/trfmc_unified_instrument_shell_lab_v2.html	77	.framecaption{background:#061120;border-bottom:1px solid rgba(36,91,125,.8);padding:4px 7px;font-family:ui-monospace,monospace;font-size:10px;color:#cde7ff}
frontend/public/trfmc_unified_instrument_shell_lab_v2.html	78	iframe{width:100%;height:100%;border:0;background:#02070f;display:block}
frontend/public/trfmc_unified_instrument_shell_lab_v2.html	80	.kv span{color:#cde7ff}.kv b{color:var(--green)}
frontend/public/trfmc_unified_instrument_shell_lab_v2.html	82	.cmd input{background:#02070f;border:1px solid #285d82;color:var(--text);border-radius:4px;padding:7px;font-family:ui-monospace,monospace}
frontend/public/trfmc_unified_instrument_shell_lab_v2.html	83	.log{height:230px;overflow:auto;border:1px solid #183d58;background:#02070f;border-radius:5px;padding:6px;font-family:ui-monospace,monospace;font-size:11px}
frontend/public/trfmc_unified_instrument_shell_lab_v2.html	84	.log div{border-bottom:1px solid rgba(255,255,255,.06);padding:3px 0;color:#cde7ff}
frontend/public/trfmc_unified_evidence_supervisor_v4.html	9	  --bg:#02070f;--p:#061120;--p2:#0a1828;--line:#1d6f9f;
frontend/public/trfmc_unified_evidence_supervisor_v4.html	10	  --text:#eaf3ff;--muted:#86a7c6;--cyan:#00d9ff;--green:#7dff4f;
frontend/public/trfmc_unified_evidence_supervisor_v4.html	11	  --yellow:#ffd500;--red:#ff3366;--violet:#c66bff;--orange:#ff9e3d;
frontend/public/trfmc_unified_evidence_supervisor_v4.html	14	html,body{margin:0;height:100%;background:#01060d;color:var(--text);font:12px Inter,Segoe UI,system-ui,sans-serif;overflow:hidden}
frontend/public/trfmc_unified_evidence_supervisor_v4.html	16	  height:54px;background:#050b13;border-bottom:1px solid var(--line);
frontend/public/trfmc_unified_evidence_supervisor_v4.html	23	  color:var(--text);background:#10233a;border:1px solid #285d82;border-radius:4px;
frontend/public/trfmc_unified_evidence_supervisor_v4.html	26	button:hover{border-color:var(--cyan);background:#145078;box-shadow:inset 3px 0 0 var(--yellow)}
frontend/public/trfmc_unified_evidence_supervisor_v4.html	31	  background:linear-gradient(90deg,#061120,#0a1828,#061120);
frontend/public/trfmc_unified_evidence_supervisor_v4.html	35	  border:1px solid rgba(36,91,125,.95);background:linear-gradient(180deg,#09223a,#06111f);
frontend/public/trfmc_unified_evidence_supervisor_v4.html	49	  background:linear-gradient(180deg,#071524,#02070f);
frontend/public/trfmc_unified_evidence_supervisor_v4.html	50	  border:1px solid #1d5e86;border-radius:6px;overflow:hidden;
frontend/public/trfmc_unified_evidence_supervisor_v4.html	53	  background:#0a1b2e;border-bottom:1px solid #1d5e86;color:var(--cyan);
frontend/public/trfmc_unified_evidence_supervisor_v4.html	58	  border:1px solid #183d58;background:#081522;border-radius:5px;margin-bottom:6px;padding:8px;cursor:pointer;
frontend/public/trfmc_unified_evidence_supervisor_v4.html	60	.route:hover,.route.active,.runitem:hover{border-color:var(--yellow);box-shadow:inset 3px 0 0 var(--yellow);background:#10233a}
frontend/public/trfmc_unified_evidence_supervisor_v4.html	66	  border:1px solid #1d5e86;border-radius:6px;overflow:hidden;background:#02070f;
frontend/public/trfmc_unified_evidence_supervisor_v4.html	70	  height:34px;background:#071524;border-bottom:1px solid #1d5e86;
frontend/public/trfmc_unified_evidence_supervisor_v4.html	80	.slot{border:1px solid rgba(36,91,125,.86);border-radius:5px;overflow:hidden;display:grid;grid-template-rows:26px 1fr;background:#01060d;min-height:0}
frontend/public/trfmc_unified_evidence_supervisor_v4.html	82	  background:#061120;border-bottom:1px solid rgba(36,91,125,.86);
frontend/public/trfmc_unified_evidence_supervisor_v4.html	83	  padding:5px 7px;font-family:ui-monospace,monospace;font-size:10px;color:#cde7ff;
frontend/public/trfmc_unified_evidence_supervisor_v4.html	87	iframe{width:100%;height:100%;border:0;background:#02070f;display:block}
frontend/public/trfmc_unified_evidence_supervisor_v4.html	89	.kv span{color:#cde7ff}.kv b{color:var(--green)}
frontend/public/trfmc_unified_evidence_supervisor_v4.html	94	  background:#02070f;border:1px solid #285d82;color:var(--text);
frontend/public/trfmc_unified_evidence_supervisor_v4.html	97	.log{height:250px;overflow:auto;border:1px solid #183d58;background:#02070f;border-radius:5px;padding:6px;font-family:ui-monospace,monospace;font-size:11px}
frontend/public/trfmc_unified_evidence_supervisor_v4.html	98	.log div{border-bottom:1px solid rgba(255,255,255,.06);padding:3px 0;color:#cde7ff}
frontend/public/trfmc_unified_evidence_supervisor_v4.html	463	  <style>body{background:#07111f;color:#eaf3ff;font-family:Segoe UI,Arial;padding:24px}h1{color:#00d9ff}table{border-collapse:collapse;width:100%;margin:14px 0}td,th{border:1px solid #245b7d;padding:7px;text-align:left}t
frontend/public/uav_fhss_v584.html	3	body{margin:0;background:#020611;color:#e7fbff;font-family:Inter,Segoe UI,Arial,sans-serif}.header{width:min(97vw,1900px);margin:16px auto 10px;border:1px solid #07536b;border-radius:18px;background:#071522;padding:15px 
frontend/public/uav_fhss_v584.html	4	</style></head><body><section class="header"><h1>RF PRO v5.8.4 · UAV FHSS / Band / Burst Measurement</h1><div style="color:#83b4c8;font-size:12px">RX-only: bande UAV/GCS, hopping candidate, burst/pacchetti RF, duty-cycl
frontend/public/uav_fhss_v584.html	7	<button class="good" onclick="sweepBand()">SWEEP BAND</button><button class="warn" onclick="analyzeHopping()">ANALYZE HOPPING</button><hr style="border-color:#123c55">
frontend/public/uav_fhss_v584.html	14	function draw(bins){const c=$('plot'),ctx=c.getContext('2d'),w=c.width,h=c.height;ctx.fillStyle='#02040a';ctx.fillRect(0,0,w,h);if(!bins||!bins.length)return;const vals=bins.map(p=>p.db),minDb=Math.min(...vals),maxDb=Mat
frontend/public/trfmc_unified_shell_prototype_v86d.html	10	      --bg:#01040b;
frontend/public/trfmc_unified_shell_prototype_v86d.html	11	      --panel:#061426;
frontend/public/trfmc_unified_shell_prototype_v86d.html	13	      --cyan:#8ff0ff;
frontend/public/trfmc_unified_shell_prototype_v86d.html	14	      --green:#42f56f;
frontend/public/trfmc_unified_shell_prototype_v86d.html	15	      --amber:#fbbf24;
frontend/public/trfmc_unified_shell_prototype_v86d.html	16	      --red:#ff3b5c;
frontend/public/trfmc_unified_shell_prototype_v86d.html	17	      --text:#e8faff;
frontend/public/trfmc_unified_shell_prototype_v86d.html	27	        linear-gradient(135deg,#01040b,#04111f 56%,#01040b);
frontend/public/trfmc_unified_shell_prototype_v86d.html	60	      background:radial-gradient(circle at 34% 28%, #e8ffff 0 8%, #8ff0ff 9% 34%, #0c5870 65%, #020811 100%);
frontend/public/trfmc_unified_shell_prototype_v86d.html	132	      color:#021006;
frontend/public/trfmc_unified_shell_prototype_v86d.html	150	      background:#020913;
frontend/public/trfmc_runtime_hook_layer_v1.html	9	  --bg:#01040c;--panel:rgba(5,13,30,.94);--line:rgba(105,190,255,.30);
frontend/public/trfmc_runtime_hook_layer_v1.html	10	  --text:#eaf3ff;--muted:#90a9c7;--cyan:#74dcff;--green:#9dffc7;--amber:#ffd37a;--red:#ff8585;
frontend/public/trfmc_runtime_hook_layer_v1.html	17	  linear-gradient(180deg,#01040c,#061327 52%,#01040c);
frontend/public/trfmc_runtime_hook_layer_v1.html	41	.heroMain p{color:#c8daf1;line-height:1.55}
frontend/public/trfmc_runtime_hook_layer_v1.html	55	pre{white-space:pre-wrap;overflow:auto;max-height:360px;border:1px solid rgba(255,255,255,.10);background:rgba(0,0,0,.24);border-radius:14px;padding:12px;color:#c0d5ee;font-size:11px}
frontend/public/trfmc_3d_rf_asset_renderer_webgl_v2r2_reality.html	9	  --bg:#01060d;--panel:#071827;--panel2:#0a2135;--line:#0b75a8;--cyan:#00e5ff;
frontend/public/trfmc_3d_rf_asset_renderer_webgl_v2r2_reality.html	10	  --ok:#75ff5b;--warn:#ffd84d;--bad:#ff3d7f;--txt:#e8f9ff;--muted:#84a8ba;
frontend/public/trfmc_3d_rf_asset_renderer_webgl_v2r2_reality.html	11	  --gold:#ffd400;--violet:#b772ff;--blue:#1aa8ff;
frontend/public/trfmc_3d_rf_asset_renderer_webgl_v2r2_reality.html	14	html,body{margin:0;height:100%;background:#01060d;color:var(--txt);font-family:Inter,Segoe UI,Arial,sans-serif;overflow:hidden}
frontend/public/trfmc_3d_rf_asset_renderer_webgl_v2r2_reality.html	21	.top{display:grid;grid-template-columns:1fr auto;gap:12px;align-items:center;border:1px solid #0b5f8a;background:linear-gradient(180deg,#071827,#020811);padding:9px 12px;box-shadow:0 0 28px rgba(0,180,255,.18)}
frontend/public/trfmc_3d_rf_asset_renderer_webgl_v2r2_reality.html	25	button,select,input{background:#0b2238;border:1px solid #1175a5;color:var(--txt);border-radius:4px;padding:7px 10px;font-size:12px}
frontend/public/trfmc_3d_rf_asset_renderer_webgl_v2r2_reality.html	29	.kpi{border:1px solid #0b5f8a;background:linear-gradient(180deg,#092037,#04101b);padding:7px 8px;min-height:76px}
frontend/public/trfmc_3d_rf_asset_renderer_webgl_v2r2_reality.html	30	.kpi .l{font-size:9px;color:#80bad0;text-transform:uppercase;letter-spacing:.8px}
frontend/public/trfmc_3d_rf_asset_renderer_webgl_v2r2_reality.html	34	.panel{border:1px solid #0b5f8a;background:rgba(3,14,24,.94);box-shadow:inset 0 0 22px rgba(0,150,255,.06),0 0 16px rgba(0,130,255,.08);overflow:hidden;position:relative}
frontend/public/trfmc_3d_rf_asset_renderer_webgl_v2r2_reality.html	35	.panel h2{margin:0;padding:8px 10px;border-bottom:1px solid #0b5f8a;color:#00e5ff;font-size:13px;text-transform:uppercase;letter-spacing:.8px;background:#061625}
frontend/public/trfmc_3d_rf_asset_renderer_webgl_v2r2_reality.html	37	fieldset{border:1px solid #123f5d;border-radius:6px;margin:0 0 8px;padding:8px;background:#061523}
frontend/public/trfmc_3d_rf_asset_renderer_webgl_v2r2_reality.html	39	.label{font-size:10px;color:#8fc0d2;text-transform:uppercase;margin:10px 0 4px}
frontend/public/trfmc_3d_rf_asset_renderer_webgl_v2r2_reality.html	42	.viewport{position:relative;border:1px solid #0d6f9e;background:#020b12;min-height:0}
frontend/public/trfmc_3d_rf_asset_renderer_webgl_v2r2_reality.html	43	#threeRoot{position:absolute;inset:0}
frontend/public/trfmc_3d_rf_asset_renderer_webgl_v2r2_reality.html	44	.overlay{position:absolute;left:10px;top:10px;font-family:monospace;font-size:11px;color:var(--ok);background:rgba(0,0,0,.46);border:1px solid #154e34;padding:6px 8px;z-index:5}
frontend/public/trfmc_3d_rf_asset_renderer_webgl_v2r2_reality.html	45	.footerStatus{position:absolute;right:10px;bottom:8px;color:var(--ok);font-family:monospace;font-size:10px;border:1px solid #1d7c33;padding:3px 6px;background:#04110a;z-index:5}
frontend/public/trfmc_3d_rf_asset_renderer_webgl_v2r2_reality.html	46	.card{border:1px solid #104e73;background:#061625;padding:8px;border-radius:4px;margin-bottom:6px}
frontend/public/trfmc_3d_rf_asset_renderer_webgl_v2r2_reality.html	47	.card h3{margin:0 0 7px;font-size:12px;color:#00e5ff}
frontend/public/trfmc_3d_rf_asset_renderer_webgl_v2r2_reality.html	48	.mini{font-family:monospace;font-size:11px;color:#b9eaff;line-height:1.45}
frontend/public/trfmc_3d_rf_asset_renderer_webgl_v2r2_reality.html	51	.table th,.table td{border-bottom:1px solid #12344c;padding:5px;text-align:left}
frontend/public/trfmc_3d_rf_asset_renderer_webgl_v2r2_reality.html	52	.table th{color:#83cfff}
frontend/public/trfmc_3d_rf_asset_renderer_webgl_v2r2_reality.html	53	.modeCard{display:grid;grid-template-columns:1fr auto;align-items:center;gap:6px;border:1px solid #104e73;background:#061625;padding:8px;margin-bottom:6px;border-radius:4px}
frontend/public/trfmc_3d_rf_asset_renderer_webgl_v2r2_reality.html	54	.modeCard b{color:#00e5ff}
frontend/public/trfmc_3d_rf_asset_renderer_webgl_v2r2_reality.html	55	.log{height:230px;background:#02070d;border:1px solid #123f5d;padding:7px;overflow:auto;font-family:monospace;font-size:10px;color:#bcecff}
frontend/public/trfmc_3d_rf_asset_renderer_webgl_v2r2_reality.html	288	  ctx.fillStyle="#808c94";
frontend/public/trfmc_3d_rf_asset_renderer_webgl_v2r2_reality.html	431	  ctx.strokeStyle="#00e5ff";ctx.strokeRect(8,8,496,112);
frontend/public/trfmc_3d_rf_asset_renderer_webgl_v2r2_reality.html	432	  ctx.fillStyle="#e8f9ff";ctx.font="30px monospace";
frontend/public/trfmc_3d_rf_asset_renderer_webgl_v2r2_reality.html	478	  ctx.fillStyle = "#e8f9ff";
frontend/public/trfmc_official_safe_entrypoint_v6r2_premium_console.html	9	  --bg:#01060d;--p:#061120;--p2:#081522;--line:#1d6f9f;--line2:#00d9ff;
frontend/public/trfmc_official_safe_entrypoint_v6r2_premium_console.html	10	  --text:#eaf3ff;--muted:#86a7c6;--green:#7dff4f;--yellow:#ffd500;--red:#ff3366;
frontend/public/trfmc_official_safe_entrypoint_v6r2_premium_console.html	15	linear-gradient(180deg,#01060d,#020814);color:var(--text);font:12px Segoe UI,system-ui,sans-serif}
frontend/public/trfmc_official_safe_entrypoint_v6r2_premium_console.html	16	header{height:62px;background:#050b13;border-bottom:1px solid var(--line);display:grid;grid-template-columns:330px 1fr 520px;gap:8px;align-items:center;padding:0 10px}
frontend/public/trfmc_official_safe_entrypoint_v6r2_premium_console.html	20	.cell{border:1px solid #245b7d;background:linear-gradient(180deg,#09223a,#06111f);border-radius:5px;padding:5px;min-width:0}
frontend/public/trfmc_official_safe_entrypoint_v6r2_premium_console.html	23	button,a.btn{background:#10233a;color:var(--text);border:1px solid #285d82;border-radius:4px;padding:6px 8px;text-decoration:none;cursor:pointer;font-size:10px;text-transform:uppercase}
frontend/public/trfmc_official_safe_entrypoint_v6r2_premium_console.html	24	button:hover,a.btn:hover{border-color:var(--line2);background:#145078;box-shadow:inset 3px 0 0 var(--yellow)}
frontend/public/trfmc_official_safe_entrypoint_v6r2_premium_console.html	27	aside,.stage,.dock{border:1px solid var(--line);background:linear-gradient(180deg,#061321,#02070f);border-radius:7px;overflow:hidden}
frontend/public/trfmc_official_safe_entrypoint_v6r2_premium_console.html	28	.title{background:#0a1b2e;border-bottom:1px solid #1d5e86;color:var(--line2);font-weight:700;padding:7px 8px;text-transform:uppercase;font-size:11px}
frontend/public/trfmc_official_safe_entrypoint_v6r2_premium_console.html	30	.module{border:1px solid #214a68;background:#081522;border-radius:6px;margin-bottom:6px;padding:8px;cursor:pointer;display:grid;grid-template-columns:42px 1fr;gap:8px;align-items:center}
frontend/public/trfmc_official_safe_entrypoint_v6r2_premium_console.html	31	.module:hover,.module.active{border-color:var(--yellow);background:#10233a;box-shadow:inset 4px 0 0 var(--yellow)}
frontend/public/trfmc_official_safe_entrypoint_v6r2_premium_console.html	32	.ico{height:38px;border:1px solid #285d82;border-radius:5px;display:grid;place-items:center;color:var(--line2);font-size:20px;background:#04111e}
frontend/public/trfmc_official_safe_entrypoint_v6r2_premium_console.html	36	.stagebar{height:42px;background:#071524;border-bottom:1px solid #1d5e86;display:grid;grid-template-columns:1fr auto;align-items:center;padding:0 8px;gap:8px}
frontend/public/trfmc_official_safe_entrypoint_v6r2_premium_console.html	39	iframe{width:100%;height:100%;border:0;background:#02070f;display:block}
frontend/public/trfmc_official_safe_entrypoint_v6r2_premium_console.html	43	.log{height:300px;overflow:auto;border:1px solid #183d58;background:#01060d;border-radius:5px;padding:6px;font:11px Consolas,monospace}
frontend/public/trfmc_official_safe_entrypoint_v6r2_premium_console.html	44	.log div{border-bottom:1px solid rgba(255,255,255,.06);padding:3px 0;color:#cde7ff}
frontend/public/trfmc_antenna_rru_ret_cpri_port_mapping_v4_reality.html	11	.reality-viewport{position:relative;min-height:510px;overflow:hidden;background:#010409}
frontend/public/trfmc_antenna_rru_ret_cpri_port_mapping_v4_reality.html	12	#realityCanvas{width:100%;height:100%;display:block;min-height:510px}
frontend/public/trfmc_antenna_rru_ret_cpri_port_mapping_v4_reality.html	14	.plotBox{border:1px solid rgba(0,229,255,.27);background:#010409;position:relative;overflow:hidden}
frontend/public/trfmc_antenna_rru_ret_cpri_port_mapping_v4_reality.html	15	.plotBox h3{position:absolute;left:10px;top:8px;margin:0;color:#00e5ff;font-size:11px;letter-spacing:1px;z-index:2}
frontend/public/trfmc_antenna_rru_ret_cpri_port_mapping_v4_reality.html	17	.control label{display:block;color:#8fb8c8;font-size:10px;text-transform:uppercase;margin:8px 0 4px}
frontend/public/trfmc_antenna_rru_ret_cpri_port_mapping_v4_reality.html	18	.control input,.control select{width:100%;background:#03101a;color:#e9fbff;border:1px solid rgba(0,229,255,.35);border-radius:5px;padding:7px;font-size:12px}
frontend/public/trfmc_antenna_rru_ret_cpri_port_mapping_v4_reality.html	19	.value{color:#75ff5b;font-weight:800}
frontend/public/trfmc_antenna_rru_ret_cpri_port_mapping_v4_reality.html	20	.good{color:#75ff5b}.warn{color:#ffd84d}.bad{color:#ff3d7f}
frontend/public/trfmc_antenna_rru_ret_cpri_port_mapping_v4_reality.html	21	.formulaLive{font-family:ui-monospace,Consolas,monospace;background:#010409;border:1px solid rgba(0,229,255,.22);border-radius:6px;color:#dffaff;padding:8px;font-size:10.4px;line-height:1.48;overflow:auto}
frontend/public/trfmc_antenna_rru_ret_cpri_port_mapping_v4_reality.html	22	.portBadge{display:inline-block;border:1px solid rgba(0,229,255,.28);background:rgba(0,229,255,.06);border-radius:4px;padding:2px 5px;margin:1px;font-size:9px;color:#00e5ff}
frontend/public/trfmc_antenna_rru_ret_cpri_port_mapping_v4_reality.html	23	.micro{font-size:10px;color:#8fb8c8;line-height:1.45}
frontend/public/trfmc_antenna_rru_ret_cpri_port_mapping_v4_reality.html	301	  ctx.fillStyle="#010409";ctx.fillRect(0,0,w,h);
frontend/public/trfmc_antenna_rru_ret_cpri_port_mapping_v4_reality.html	305	  sky.addColorStop(0,"#061827"); sky.addColorStop(.55,"#03101a"); sky.addColorStop(1,"#010409");
frontend/public/trfmc_antenna_rru_ret_cpri_port_mapping_v4_reality.html	319	  ctx.fillStyle=grad(ctx,baseX-mastW/2,0,baseX+mastW/2,0,"#6d7f88","#dce8ed");
frontend/public/trfmc_antenna_rru_ret_cpri_port_mapping_v4_reality.html	324	  ctx.strokeStyle="#8fb8c8";ctx.lineWidth=4*dpr;
frontend/public/trfmc_antenna_rru_ret_cpri_port_mapping_v4_reality.html	333	  ctx.fillStyle=grad(ctx,-antW/2,-antH/2,antW/2,antH/2,"#eef7f8","#9aa9ad");
frontend/public/trfmc_antenna_rru_ret_cpri_port_mapping_v4_reality.html	342	  ctx.fillStyle=grad(ctx,rruX,rruY,rruX+rruW,rruY+rruH,"#dce5e7","#7f9095");
frontend/public/trfmc_antenna_rru_ret_cpri_port_mapping_v4_reality.html	352	    ctx.fillStyle=i%2?"#00e5ff":"#ffd84d";
frontend/public/trfmc_antenna_rru_ret_cpri_port_mapping_v4_reality.html	369	    ctx.fillStyle=layer%2?"#00e5ff":"#1e9cff";
frontend/public/trfmc_antenna_rru_ret_cpri_port_mapping_v4_reality.html	385	  ctx.fillStyle="#00e5ff";ctx.font=(12*dpr)+"px monospace";
frontend/public/trfmc_antenna_rru_ret_cpri_port_mapping_v4_reality.html	388	  ctx.fillStyle="#75ff5b";ctx.fillText("RRU/RU + ANTENNA PANEL + RF JUMPER + BEAM MODEL",20*dpr,h-24*dpr);
frontend/public/trfmc_antenna_rru_ret_cpri_port_mapping_v4_reality.html	393	  ctx.fillStyle="#010409";ctx.fillRect(0,0,w,h);
frontend/public/trfmc_antenna_rru_ret_cpri_port_mapping_v4_reality.html	400	  ctx.strokeStyle="#75ff5b";ctx.lineWidth=2*dpr;ctx.beginPath();
frontend/public/trfmc_antenna_rru_ret_cpri_port_mapping_v4_reality.html	417	  ctx.fillStyle="#010409";ctx.fillRect(0,0,w,h);
frontend/public/trfmc_antenna_rru_ret_cpri_port_mapping_v4_reality.html	422	    ctx.fillStyle=i%2?"#00e5ff":"#ffd84d";
frontend/public/trfmc_antenna_rru_ret_cpri_port_mapping_v4_reality.html	424	    ctx.fillStyle="#e9fbff";ctx.font=(10*dpr)+"px monospace";
frontend/public/operator_handbook_console_v23.html	9	  --bg:#020711;
frontend/public/operator_handbook_console_v23.html	13	  --cyan:#58d6f9;
frontend/public/operator_handbook_console_v23.html	14	  --amber:#d29922;
frontend/public/operator_handbook_console_v23.html	15	  --green:#3fb950;
frontend/public/operator_handbook_console_v23.html	16	  --red:#ff4d6d;
frontend/public/operator_handbook_console_v23.html	17	  --text:#edf8ff;
frontend/public/operator_handbook_console_v23.html	18	  --muted:#8da4b3;
frontend/public/operator_handbook_console_v23.html	26	    linear-gradient(135deg,#020711,#06111d 55%,#02040a);
frontend/public/operator_handbook_console_v23.html	192	  color:#e8f6ff;
frontend/public/operator_handbook_console_v23.html	210	  color:#e8f6ff;
frontend/public/operator_handbook_console_v23.html	213	  color:#e8f6ff;
frontend/public/operator_handbook_console_v23.html	216	  color:#e8f6ff;
frontend/public/trfmc_antenna_system_explorer_v17_layout_lock_fullscreen.html	9	  --bg:#01070f;--panel:#061120;--panel2:#0a1a2d;--line:#1774a6;--line2:#245b7d;
frontend/public/trfmc_antenna_system_explorer_v17_layout_lock_fullscreen.html	10	  --text:#eaf3ff;--muted:#87a8c6;--cyan:#00d9ff;--green:#7dff4f;
frontend/public/trfmc_antenna_system_explorer_v17_layout_lock_fullscreen.html	11	  --yellow:#ffd500;--red:#ff3366;--blue:#268cff;--orange:#ff9e3d;
frontend/public/trfmc_antenna_system_explorer_v17_layout_lock_fullscreen.html	15	  margin:0;background:#01060d;color:var(--text);
frontend/public/trfmc_antenna_system_explorer_v17_layout_lock_fullscreen.html	19	  height:54px;background:#050b13;border-bottom:1px solid var(--line);
frontend/public/trfmc_antenna_system_explorer_v17_layout_lock_fullscreen.html	25	  color:var(--text);text-decoration:none;border:1px solid #1d6f9f;
frontend/public/trfmc_antenna_system_explorer_v17_layout_lock_fullscreen.html	26	  background:#0a1828;border-radius:4px;padding:6px 9px;cursor:pointer;
frontend/public/trfmc_antenna_system_explorer_v17_layout_lock_fullscreen.html	34	  background:linear-gradient(180deg,#071524,#02070f);
frontend/public/trfmc_antenna_system_explorer_v17_layout_lock_fullscreen.html	35	  border:1px solid #1d5e86;border-radius:6px;overflow:hidden;
frontend/public/trfmc_antenna_system_explorer_v17_layout_lock_fullscreen.html	38	  background:#0a1b2e;border-bottom:1px solid #1d5e86;color:var(--cyan);
frontend/public/trfmc_antenna_system_explorer_v17_layout_lock_fullscreen.html	42	.ctrl{border:1px solid #183d58;background:#081522;border-radius:5px;padding:7px;margin-bottom:7px}
frontend/public/trfmc_antenna_system_explorer_v17_layout_lock_fullscreen.html	46	select{background:#10233a;color:var(--text);border:1px solid #285d82;border-radius:4px;padding:6px}
frontend/public/trfmc_antenna_system_explorer_v17_layout_lock_fullscreen.html	48	  width:100%;background:#10233a;color:var(--text);border:1px solid #285d82;
frontend/public/trfmc_antenna_system_explorer_v17_layout_lock_fullscreen.html	51	button.active,button:hover{background:#145078;border-color:var(--cyan);box-shadow:inset 3px 0 0 var(--yellow)}
frontend/public/trfmc_antenna_system_explorer_v17_layout_lock_fullscreen.html	54	  border:1px solid #0e88bf;background:linear-gradient(90deg,#071626,#0a1828,#071626);
frontend/public/trfmc_antenna_system_explorer_v17_layout_lock_fullscreen.html	58	  background:linear-gradient(180deg,#091b2e,#07111f);border:1px solid #214c6a;
frontend/public/trfmc_antenna_system_explorer_v17_layout_lock_fullscreen.html	68	.frame{background:#02070f;border:1px solid #1d5e86;border-radius:6px;overflow:hidden;position:relative}
frontend/public/trfmc_antenna_system_explorer_v17_layout_lock_fullscreen.html	70	  margin:0;background:#0a1b2e;border-bottom:1px solid #1d5e86;
frontend/public/trfmc_antenna_system_explorer_v17_layout_lock_fullscreen.html	74	#siteFrame{grid-column:1/3}
frontend/public/trfmc_antenna_system_explorer_v17_layout_lock_fullscreen.html	81	  background:#061120d9;border:1px solid #1d5e86;border-radius:5px;padding:5px 8px;
frontend/public/trfmc_antenna_system_explorer_v17_layout_lock_fullscreen.html	86	  border:1px solid #183d58;background:#081522;border-radius:5px;padding:7px;margin-bottom:6px;
frontend/public/trfmc_antenna_system_explorer_v17_layout_lock_fullscreen.html	87	  font-family:ui-monospace,monospace;color:#d3e8ff;
frontend/public/trfmc_antenna_system_explorer_v17_layout_lock_fullscreen.html	91	.log div{border-bottom:1px solid #17344c;padding:4px 0;color:#cde7ff}
frontend/public/trfmc_antenna_system_explorer_v17_layout_lock_fullscreen.html	92	.alarm{border:1px solid #183d58;background:#081522;border-radius:5px;padding:8px;color:var(--green)}
frontend/public/trfmc_antenna_system_explorer_v17_layout_lock_fullscreen.html	99	  #siteFrame{grid-column:auto}
frontend/public/trfmc_antenna_system_explorer_v17_layout_lock_fullscreen.html	145	  color:#7dff4f;
frontend/public/trfmc_antenna_system_explorer_v17_layout_lock_fullscreen.html	149	  border:1px solid #183d58;
frontend/public/trfmc_antenna_system_explorer_v17_layout_lock_fullscreen.html	150	  background:#081522;
frontend/public/trfmc_antenna_system_explorer_v17_layout_lock_fullscreen.html	157	  color:#ffd500;
frontend/public/trfmc_antenna_system_explorer_v17_layout_lock_fullscreen.html	166	  color:#cde7ff;
frontend/public/trfmc_antenna_system_explorer_v17_layout_lock_fullscreen.html	170	.opPanel .opRow span:last-child{color:#7dff4f}
frontend/public/trfmc_antenna_system_explorer_v17_layout_lock_fullscreen.html	172	  border-color:#ffd500;
frontend/public/trfmc_antenna_system_explorer_v17_layout_lock_fullscreen.html	173	  box-shadow:inset 0 -3px 0 #ffd500, 0 0 18px rgba(255,213,0,.18);
frontend/public/trfmc_antenna_system_explorer_v17_layout_lock_fullscreen.html	176	  border-color:#ffd500;
frontend/public/trfmc_antenna_system_explorer_v17_layout_lock_fullscreen.html	196	  background:linear-gradient(180deg,#09223a,#06111f);
frontend/public/trfmc_antenna_system_explorer_v17_layout_lock_fullscreen.html	203	  color:#87a8c6;
frontend/public/trfmc_antenna_system_explorer_v17_layout_lock_fullscreen.html	210	  color:#eaf3ff;
frontend/public/trfmc_antenna_system_explorer_v17_layout_lock_fullscreen.html	216	  color:#7dff4f;
frontend/public/trfmc_antenna_system_explorer_v17_layout_lock_fullscreen.html	220	.icCell.warn em{color:#ffd500}
frontend/public/trfmc_antenna_system_explorer_v17_layout_lock_fullscreen.html	221	.icCell.bad em{color:#ff3366}
frontend/public/trfmc_antenna_system_explorer_v17_layout_lock_fullscreen.html	223	  border:1px solid #183d58;
frontend/public/trfmc_antenna_system_explorer_v17_layout_lock_fullscreen.html	224	  background:#081522;
frontend/public/trfmc_antenna_system_explorer_v17_layout_lock_fullscreen.html	232	  border-bottom:1px solid #183d58;
frontend/public/trfmc_antenna_system_explorer_v17_layout_lock_fullscreen.html	233	  color:#00d9ff;
frontend/public/trfmc_antenna_system_explorer_v17_layout_lock_fullscreen.html	234	  background:#0a1b2e;
frontend/public/trfmc_antenna_system_explorer_v17_layout_lock_fullscreen.html	249	  color:#cde7ff;
frontend/public/trfmc_antenna_system_explorer_v17_layout_lock_fullscreen.html	251	.icRow strong{color:#ffd500;font-weight:600}
frontend/public/trfmc_antenna_system_explorer_v17_layout_lock_fullscreen.html	252	.icRow b{color:#7dff4f}
frontend/public/trfmc_antenna_system_explorer_v17_layout_lock_fullscreen.html	253	.icRow.bad b{color:#ff3366}
frontend/public/trfmc_antenna_system_explorer_v17_layout_lock_fullscreen.html	254	.icRow.warn b{color:#ffd500}
frontend/public/trfmc_antenna_system_explorer_v17_layout_lock_fullscreen.html	263	  background:#02070f;
frontend/public/trfmc_antenna_system_explorer_v17_layout_lock_fullscreen.html	264	  border:1px solid #285d82;
frontend/public/trfmc_antenna_system_explorer_v17_layout_lock_fullscreen.html	265	  color:#eaf3ff;
frontend/public/trfmc_antenna_system_explorer_v17_layout_lock_fullscreen.html	299	  color:#00d9ff;
frontend/public/trfmc_antenna_system_explorer_v17_layout_lock_fullscreen.html	314	.icMatrix th{color:#87a8c6}
frontend/public/trfmc_antenna_system_explorer_v17_layout_lock_fullscreen.html	315	.icMatrix td:last-child{color:#7dff4f;text-align:right}
frontend/public/trfmc_antenna_system_explorer_v17_layout_lock_fullscreen.html	350	  color:#7dff4f;
frontend/public/trfmc_antenna_system_explorer_v17_layout_lock_fullscreen.html	361	  background:#081522;
frontend/public/trfmc_antenna_system_explorer_v17_layout_lock_fullscreen.html	366	  color:#87a8c6;
frontend/public/trfmc_antenna_system_explorer_v17_layout_lock_fullscreen.html	371	  color:#eaf3ff;
frontend/public/trfmc_antenna_system_explorer_v17_layout_lock_fullscreen.html	389	  color:#87a8c6;
frontend/public/trfmc_antenna_system_explorer_v17_layout_lock_fullscreen.html	393	.icStatusLine b{color:#7dff4f}
frontend/public/trfmc_antenna_system_explorer_v17_layout_lock_fullscreen.html	418	  color:#00d9ff;
frontend/public/trfmc_antenna_system_explorer_v17_layout_lock_fullscreen.html	430	  background:linear-gradient(180deg,#071626,#02070f);
frontend/public/trfmc_antenna_system_explorer_v17_layout_lock_fullscreen.html	436	  color:#87a8c6;
frontend/public/trfmc_antenna_system_explorer_v17_layout_lock_fullscreen.html	442	  color:#eaf3ff;
frontend/public/trfmc_antenna_system_explorer_v17_layout_lock_fullscreen.html	445	.v16Metric.pass b{color:#7dff4f}
frontend/public/trfmc_antenna_system_explorer_v17_layout_lock_fullscreen.html	446	.v16Metric.warn b{color:#ffd500}
frontend/public/trfmc_antenna_system_explorer_v17_layout_lock_fullscreen.html	447	.v16Metric.fail b{color:#ff3366}
frontend/public/trfmc_antenna_system_explorer_v17_layout_lock_fullscreen.html	459	.v16Acceptance th{color:#87a8c6}
frontend/public/trfmc_antenna_system_explorer_v17_layout_lock_fullscreen.html	460	.v16Acceptance td:last-child{text-align:right;color:#7dff4f}
frontend/public/trfmc_antenna_system_explorer_v17_layout_lock_fullscreen.html	461	.v16Acceptance tr.fail td:last-child{color:#ff3366}
frontend/public/trfmc_antenna_system_explorer_v17_layout_lock_fullscreen.html	462	.v16Acceptance tr.warn td:last-child{color:#ffd500}
frontend/public/trfmc_antenna_system_explorer_v17_layout_lock_fullscreen.html	480	  background:#081522;
frontend/public/trfmc_antenna_system_explorer_v17_layout_lock_fullscreen.html	485	.v16BottomCell span{display:block;color:#87a8c6;font-size:8px;text-transform:uppercase}
frontend/public/trfmc_antenna_system_explorer_v17_layout_lock_fullscreen.html	486	.v16BottomCell b{display:block;color:#7dff4f;font-size:12px}
frontend/public/trfmc_antenna_system_explorer_v17_layout_lock_fullscreen.html	488	  border:1px solid #183d58;
frontend/public/trfmc_antenna_system_explorer_v17_layout_lock_fullscreen.html	489	  background:#081522;
frontend/public/trfmc_antenna_system_explorer_v17_layout_lock_fullscreen.html	496	  color:#ffd500;
frontend/public/trfmc_antenna_system_explorer_v17_layout_lock_fullscreen.html	508	  border-color:#ffd500!important;
frontend/public/trfmc_antenna_system_explorer_v17_layout_lock_fullscreen.html	509	  box-shadow:inset 3px 0 0 #ffd500;
frontend/public/trfmc_antenna_system_explorer_v17_layout_lock_fullscreen.html	515	  background:#02070f;
frontend/public/trfmc_antenna_system_explorer_v17_layout_lock_fullscreen.html	526	#v16Scope{
frontend/public/trfmc_antenna_system_explorer_v17_layout_lock_fullscreen.html	535	#v16Scope .v16Glass{
frontend/public/trfmc_antenna_system_explorer_v17_layout_lock_fullscreen.html	538	#v16Scope .v16Glass:nth-child(2){
frontend/public/trfmc_antenna_system_explorer_v17_layout_lock_fullscreen.html	541	#v16Scope .v16Glass:nth-child(3){
frontend/public/trfmc_antenna_system_explorer_v17_layout_lock_fullscreen.html	544	#icMeasureOverlay{
frontend/public/trfmc_antenna_system_explorer_v17_layout_lock_fullscreen.html	549	#icMatrix{
frontend/public/trfmc_antenna_system_explorer_v17_layout_lock_fullscreen.html	555	#v16BottomBar{
frontend/public/trfmc_antenna_system_explorer_v17_layout_lock_fullscreen.html	562	#icCenterDock{
frontend/public/trfmc_antenna_system_explorer_v17_layout_lock_fullscreen.html	565	#icStatusLine{
frontend/public/trfmc_antenna_system_explorer_v17_layout_lock_fullscreen.html	568	#siteFrame::after{
frontend/public/trfmc_antenna_system_explorer_v17_layout_lock_fullscreen.html	574	  color:#7dff4f;
frontend/public/trfmc_antenna_system_explorer_v17_layout_lock_fullscreen.html	582	body.v16r2-clean #siteFrame{
frontend/public/trfmc_antenna_system_explorer_v17_layout_lock_fullscreen.html	586	body.v16r2-clean #siteFrame::after{
frontend/public/trfmc_antenna_system_explorer_v17_layout_lock_fullscreen.html	592	  color:#7dff4f;
frontend/public/trfmc_antenna_system_explorer_v17_layout_lock_fullscreen.html	597	body.v16r2-clean #siteFrame .toolbar{
frontend/public/trfmc_antenna_system_explorer_v17_layout_lock_fullscreen.html	601	body.v16r2-clean #siteFrame .overlayControls{
frontend/public/trfmc_antenna_system_explorer_v17_layout_lock_fullscreen.html	606	body.v16r2-clean #siteFrame .opOverlay{
frontend/public/trfmc_antenna_system_explorer_v17_layout_lock_fullscreen.html	610	body.v16r2-clean #siteFrame .opBadge{
frontend/public/trfmc_antenna_system_explorer_v17_layout_lock_fullscreen.html	617	  border:1px solid #183d58;
frontend/public/trfmc_antenna_system_explorer_v17_layout_lock_fullscreen.html	618	  background:#081522;
frontend/public/trfmc_antenna_system_explorer_v17_layout_lock_fullscreen.html	627	  background:#0a1b2e;
frontend/public/trfmc_antenna_system_explorer_v17_layout_lock_fullscreen.html	628	  border-bottom:1px solid #183d58;
frontend/public/trfmc_antenna_system_explorer_v17_layout_lock_fullscreen.html	629	  color:#00d9ff;
frontend/public/trfmc_antenna_system_explorer_v17_layout_lock_fullscreen.html	654	body.v16r2-clean #v16r2Dock #v16Scope,
frontend/public/trfmc_antenna_system_explorer_v17_layout_lock_fullscreen.html	655	body.v16r2-clean #v16r2Dock #icMeasureOverlay,
frontend/public/trfmc_antenna_system_explorer_v17_layout_lock_fullscreen.html	656	body.v16r2-clean #v16r2Dock #icMatrix,
frontend/public/trfmc_antenna_system_explorer_v17_layout_lock_fullscreen.html	657	body.v16r2-clean #v16r2Dock #v16BottomBar,
frontend/public/trfmc_antenna_system_explorer_v17_layout_lock_fullscreen.html	658	body.v16r2-clean #v16r2Dock #icCenterDock,
frontend/public/trfmc_antenna_system_explorer_v17_layout_lock_fullscreen.html	659	body.v16r2-clean #v16r2Dock #icStatusLine{
frontend/public/trfmc_antenna_system_explorer_v17_layout_lock_fullscreen.html	674	body.v16r2-clean #v16r2Dock #v16Scope{
frontend/public/trfmc_antenna_system_explorer_v17_layout_lock_fullscreen.html	680	body.v16r2-clean #v16r2Dock #v16Scope .v16Glass{
frontend/public/trfmc_antenna_system_explorer_v17_layout_lock_fullscreen.html	685	body.v16r2-clean #v16r2Dock #icMeasureOverlay{
frontend/public/trfmc_antenna_system_explorer_v17_layout_lock_fullscreen.html	689	body.v16r2-clean #v16r2Dock #icMatrix{
frontend/public/trfmc_antenna_system_explorer_v17_layout_lock_fullscreen.html	695	body.v16r2-clean #v16r2Dock #icCenterDock{
frontend/public/trfmc_antenna_system_explorer_v17_layout_lock_fullscreen.html	701	  background:#061120 !important;
frontend/public/trfmc_antenna_system_explorer_v17_layout_lock_fullscreen.html	704	body.v16r2-clean #v16r2Dock #icCenterDock button{
frontend/public/trfmc_antenna_system_explorer_v17_layout_lock_fullscreen.html	710	body.v16r2-clean #v16r2Dock #icStatusLine{
frontend/public/trfmc_antenna_system_explorer_v17_layout_lock_fullscreen.html	718	body.v16r2-clean #v16r2Dock #v16BottomBar{
frontend/public/trfmc_antenna_system_explorer_v17_layout_lock_fullscreen.html	724	  background:#061120 !important;
frontend/public/trfmc_antenna_system_explorer_v17_layout_lock_fullscreen.html	727	body.v16r2-clean #v16r2Dock .v16BottomCell{
frontend/public/trfmc_antenna_system_explorer_v17_layout_lock_fullscreen.html	731	body.v16r2-minimal #v16r2Dock #v16Scope,
frontend/public/trfmc_antenna_system_explorer_v17_layout_lock_fullscreen.html	732	body.v16r2-minimal #v16r2Dock #icMeasureOverlay,
frontend/public/trfmc_antenna_system_explorer_v17_layout_lock_fullscreen.html	733	body.v16r2-minimal #v16r2Dock #icMatrix{
frontend/public/trfmc_antenna_system_explorer_v17_layout_lock_fullscreen.html	737	body.v16r2-hide-markers #siteFrame .opOverlay,
frontend/public/trfmc_antenna_system_explorer_v17_layout_lock_fullscreen.html	753	  color:#7dff4f;
frontend/public/trfmc_antenna_system_explorer_v17_layout_lock_fullscreen.html	778	  color:#00d9ff;
frontend/public/trfmc_antenna_system_explorer_v17_layout_lock_fullscreen.html	806	  background:#081522;
frontend/public/trfmc_antenna_system_explorer_v17_layout_lock_fullscreen.html	814	  color:#87a8c6;
frontend/public/trfmc_antenna_system_explorer_v17_layout_lock_fullscreen.html	821	  color:#7dff4f;
frontend/public/trfmc_antenna_system_explorer_v17_layout_lock_fullscreen.html	873	body.v17-canvas-focus #siteFrame{
frontend/public/trfmc_antenna_system_explorer_v17_layout_lock_fullscreen.html	906	body.v17-hide-dock #v16r2Dock{
frontend/public/trfmc_antenna_system_explorer_v17_layout_lock_fullscreen.html	910	body.v17-hide-markers #siteFrame .opOverlay,
frontend/public/trfmc_antenna_system_explorer_v17_layout_lock_fullscreen.html	940	body.v17-kiosk #siteFrame{
frontend/public/trfmc_antenna_system_explorer_v17_layout_lock_fullscreen.html	962	body.v17-locked #siteFrame,
frontend/public/trfmc_antenna_system_explorer_v17_layout_lock_fullscreen.html	967	body.v17-locked #siteFrame::after{
frontend/public/trfmc_antenna_system_explorer_v17_layout_lock_fullscreen.html	973	  color:#7dff4f;
frontend/public/trfmc_antenna_system_explorer_v17_layout_lock_fullscreen.html	999	    <div style="color:#86a7c6;font-size:11px">Panel antenna · RRU/BBU · RET/AISG · MIMO · Port mapping · VSWR · EIRP · Beam · Coverage</div>
frontend/public/trfmc_antenna_system_explorer_v17_layout_lock_fullscreen.html	1176	  $("alarm").style.color=alarm?"#ff3366":"#7dff4f";
frontend/public/trfmc_antenna_system_explorer_v17_layout_lock_fullscreen.html	1201	  c.strokeStyle="#dcecff";c.lineWidth=3;
frontend/public/trfmc_antenna_system_explorer_v17_layout_lock_fullscreen.html	1205	  c.fillStyle="#eaf3ff";c.fillRect(cx-28,cy-65,18,105);c.fillRect(cx+10,cy-65,18,105);
frontend/public/trfmc_antenna_system_explorer_v17_layout_lock_fullscreen.html	1206	  c.fillStyle="#9aaec0";c.fillRect(cx-4,cy-55,8,90);
frontend/public/trfmc_antenna_system_explorer_v17_layout_lock_fullscreen.html	1257	  c.fillStyle="#ffd500";c.font="13px system-ui";
frontend/public/trfmc_antenna_system_explorer_v17_layout_lock_fullscreen.html	1260	  c.fillStyle="#dcecff";c.font="12px system-ui";
frontend/public/trfmc_antenna_system_explorer_v17_layout_lock_fullscreen.html	1271	    [["#7dff4f",1],["#ffd500",.55],["#00d9ff",.4]].forEach(([col,scale])=>{
frontend/public/trfmc_antenna_system_explorer_v17_layout_lock_fullscreen.html	1282	    c.fillStyle="#eaf3ff";c.fillText(name,ccx-25,h-20);
frontend/public/trfmc_antenna_system_explorer_v17_layout_lock_fullscreen.html	1289	    ["P1","Low Band 900","880-960","80","24.0","OK","#ff3366"],
frontend/public/trfmc_antenna_system_explorer_v17_layout_lock_fullscreen.html	1290	    ["P2","Mid Band 1800","1710-1880","170","24.0","OK","#ffd500"],
frontend/public/trfmc_antenna_system_explorer_v17_layout_lock_fullscreen.html	1291	    ["P3","High Band 2100","1920-2170","250","24.0","OK","#00d9ff"],
frontend/public/trfmc_antenna_system_explorer_v17_layout_lock_fullscreen.html	1292	    ["P4","n78 5G","3300-3800","100",p.ptx.toFixed(1),"OK","#7dff4f"],
frontend/public/trfmc_antenna_system_explorer_v17_layout_lock_fullscreen.html	1293	    ["P5","n77 5G","3300-4200","900","—","N/A","#555"],
frontend/public/trfmc_antenna_system_explorer_v17_layout_lock_fullscreen.html	1294	    ["P6","Wi-Fi 7","5925-7125","320","—","N/A","#c66bff"]
frontend/public/trfmc_antenna_system_explorer_v17_layout_lock_fullscreen.html	1296	  c.fillStyle="#86a7c6";["PORT","BAND / SERVICE","FREQ MHz","BW","POWER","STATUS"].forEach((x,i)=>c.fillText(x,28+i*115,30));
frontend/public/trfmc_antenna_system_explorer_v17_layout_lock_fullscreen.html	1300	    c.fillStyle="#dcecff";r.slice(0,6).forEach((x,i)=>c.fillText(x,55+i*115,y));
frontend/public/trfmc_antenna_system_explorer_v17_layout_lock_fullscreen.html	1306	  c.fillStyle="#dcecff";c.fillText(`RET electrical tilt ${p.tilt.toFixed(1)}° · AISG connected · step 0.1°`,18,24);
frontend/public/trfmc_antenna_system_explorer_v17_layout_lock_fullscreen.html	1314	    c.strokeStyle=["#ff3366","#ffd500","#7dff4f","#00d9ff"][idx];c.stroke();
frontend/public/trfmc_antenna_system_explorer_v17_layout_lock_fullscreen.html	1328	    c.strokeStyle=["#00d9ff","#7dff4f","#ff3366","#ffd500","#c66bff"][i];
frontend/public/trfmc_antenna_system_explorer_v17_layout_lock_fullscreen.html	1331	  c.fillStyle="#dcecff";c.fillText(`${mimoLabel(p.type)} array · beam width ${(65-p.gain).toFixed(0)}° · MU-MIMO vectors`,20,22);
frontend/public/trfmc_antenna_system_explorer_v17_layout_lock_fullscreen.html	1478	    return {site:"#ffd500",polar:"#7dff4f",ports:"#00d9ff",ret:"#ff9e3d",mimo:"#c66bff"}[id] || "#00d9ff";
frontend/public/trfmc_antenna_system_explorer_v17_layout_lock_fullscreen.html	2487	      el("v16Overall").style.color = m.overall==="PASS" ? "#7dff4f" : m.overall==="WARN" ? "#ffd500" : "#ff3366";
frontend/public/trfmc_antenna_system_explorer_v17_layout_lock_fullscreen.html	2504	    [["snr","#7dff4f",70],["margin","#ffd500",20]].forEach(([key,col,scale])=>{
frontend/public/trfmc_antenna_system_explorer_v17_layout_lock_fullscreen.html	2631	    <style>body{font-family:Segoe UI,Arial;background:#07111f;color:#eaf3ff;padding:24px}table{border-collapse:collapse;width:100%;margin:16px 0}td,th{border:1px solid #245b7d;padding:8px;text-align:left}th{background:#0
frontend/public/trfmc_antenna_system_explorer_v17_layout_lock_fullscreen.html	2633	#v16Scope{
frontend/public/trfmc_antenna_system_explorer_v17_layout_lock_fullscreen.html	2642	#v16Scope .v16Glass{
frontend/public/trfmc_antenna_system_explorer_v17_layout_lock_fullscreen.html	2645	#v16Scope .v16Glass:nth-child(2){
frontend/public/trfmc_antenna_system_explorer_v17_layout_lock_fullscreen.html	2648	#v16Scope .v16Glass:nth-child(3){
frontend/public/trfmc_antenna_system_explorer_v17_layout_lock_fullscreen.html	2651	#icMeasureOverlay{
frontend/public/trfmc_antenna_system_explorer_v17_layout_lock_fullscreen.html	2656	#icMatrix{
frontend/public/trfmc_antenna_system_explorer_v17_layout_lock_fullscreen.html	2662	#v16BottomBar{
frontend/public/trfmc_antenna_system_explorer_v17_layout_lock_fullscreen.html	2669	#icCenterDock{
frontend/public/trfmc_antenna_system_explorer_v17_layout_lock_fullscreen.html	2672	#icStatusLine{
frontend/public/trfmc_antenna_system_explorer_v17_layout_lock_fullscreen.html	2675	#siteFrame::after{
frontend/public/trfmc_antenna_system_explorer_v17_layout_lock_fullscreen.html	2681	  color:#7dff4f;
frontend/public/trfmc_antenna_system_explorer_v17_layout_lock_fullscreen.html	2689	body.v16r2-clean #siteFrame{
frontend/public/trfmc_antenna_system_explorer_v17_layout_lock_fullscreen.html	2693	body.v16r2-clean #siteFrame::after{
frontend/public/trfmc_antenna_system_explorer_v17_layout_lock_fullscreen.html	2699	  color:#7dff4f;
frontend/public/trfmc_antenna_system_explorer_v17_layout_lock_fullscreen.html	2704	body.v16r2-clean #siteFrame .toolbar{
frontend/public/trfmc_antenna_system_explorer_v17_layout_lock_fullscreen.html	2708	body.v16r2-clean #siteFrame .overlayControls{
frontend/public/trfmc_antenna_system_explorer_v17_layout_lock_fullscreen.html	2713	body.v16r2-clean #siteFrame .opOverlay{
frontend/public/trfmc_antenna_system_explorer_v17_layout_lock_fullscreen.html	2717	body.v16r2-clean #siteFrame .opBadge{
frontend/public/trfmc_antenna_system_explorer_v17_layout_lock_fullscreen.html	2724	  border:1px solid #183d58;
frontend/public/trfmc_antenna_system_explorer_v17_layout_lock_fullscreen.html	2725	  background:#081522;
frontend/public/trfmc_antenna_system_explorer_v17_layout_lock_fullscreen.html	2734	  background:#0a1b2e;
frontend/public/trfmc_antenna_system_explorer_v17_layout_lock_fullscreen.html	2735	  border-bottom:1px solid #183d58;
frontend/public/trfmc_antenna_system_explorer_v17_layout_lock_fullscreen.html	2736	  color:#00d9ff;
frontend/public/trfmc_antenna_system_explorer_v17_layout_lock_fullscreen.html	2761	body.v16r2-clean #v16r2Dock #v16Scope,
frontend/public/trfmc_antenna_system_explorer_v17_layout_lock_fullscreen.html	2762	body.v16r2-clean #v16r2Dock #icMeasureOverlay,
frontend/public/trfmc_antenna_system_explorer_v17_layout_lock_fullscreen.html	2763	body.v16r2-clean #v16r2Dock #icMatrix,
frontend/public/trfmc_antenna_system_explorer_v17_layout_lock_fullscreen.html	2764	body.v16r2-clean #v16r2Dock #v16BottomBar,
frontend/public/trfmc_antenna_system_explorer_v17_layout_lock_fullscreen.html	2765	body.v16r2-clean #v16r2Dock #icCenterDock,
frontend/public/trfmc_antenna_system_explorer_v17_layout_lock_fullscreen.html	2766	body.v16r2-clean #v16r2Dock #icStatusLine{
frontend/public/trfmc_antenna_system_explorer_v17_layout_lock_fullscreen.html	2781	body.v16r2-clean #v16r2Dock #v16Scope{
frontend/public/trfmc_antenna_system_explorer_v17_layout_lock_fullscreen.html	2787	body.v16r2-clean #v16r2Dock #v16Scope .v16Glass{
frontend/public/trfmc_antenna_system_explorer_v17_layout_lock_fullscreen.html	2792	body.v16r2-clean #v16r2Dock #icMeasureOverlay{
frontend/public/trfmc_antenna_system_explorer_v17_layout_lock_fullscreen.html	2796	body.v16r2-clean #v16r2Dock #icMatrix{
frontend/public/trfmc_antenna_system_explorer_v17_layout_lock_fullscreen.html	2802	body.v16r2-clean #v16r2Dock #icCenterDock{
frontend/public/trfmc_antenna_system_explorer_v17_layout_lock_fullscreen.html	2808	  background:#061120 !important;
frontend/public/trfmc_antenna_system_explorer_v17_layout_lock_fullscreen.html	2811	body.v16r2-clean #v16r2Dock #icCenterDock button{
frontend/public/trfmc_antenna_system_explorer_v17_layout_lock_fullscreen.html	2817	body.v16r2-clean #v16r2Dock #icStatusLine{
frontend/public/trfmc_antenna_system_explorer_v17_layout_lock_fullscreen.html	2825	body.v16r2-clean #v16r2Dock #v16BottomBar{
frontend/public/trfmc_antenna_system_explorer_v17_layout_lock_fullscreen.html	2831	  background:#061120 !important;
frontend/public/trfmc_antenna_system_explorer_v17_layout_lock_fullscreen.html	2834	body.v16r2-clean #v16r2Dock .v16BottomCell{
frontend/public/trfmc_antenna_system_explorer_v17_layout_lock_fullscreen.html	2838	body.v16r2-minimal #v16r2Dock #v16Scope,
frontend/public/trfmc_antenna_system_explorer_v17_layout_lock_fullscreen.html	2839	body.v16r2-minimal #v16r2Dock #icMeasureOverlay,
frontend/public/trfmc_antenna_system_explorer_v17_layout_lock_fullscreen.html	2840	body.v16r2-minimal #v16r2Dock #icMatrix{
frontend/public/trfmc_antenna_system_explorer_v17_layout_lock_fullscreen.html	2844	body.v16r2-hide-markers #siteFrame .opOverlay,
frontend/public/trfmc_antenna_system_explorer_v17_layout_lock_fullscreen.html	2860	  color:#7dff4f;
frontend/public/trfmc_antenna_system_explorer_v17_layout_lock_fullscreen.html	2885	  color:#00d9ff;
frontend/public/trfmc_antenna_system_explorer_v17_layout_lock_fullscreen.html	2913	  background:#081522;
frontend/public/trfmc_antenna_system_explorer_v17_layout_lock_fullscreen.html	2921	  color:#87a8c6;
frontend/public/trfmc_antenna_system_explorer_v17_layout_lock_fullscreen.html	2928	  color:#7dff4f;
frontend/public/trfmc_antenna_system_explorer_v17_layout_lock_fullscreen.html	2980	body.v17-canvas-focus #siteFrame{
frontend/public/trfmc_antenna_system_explorer_v17_layout_lock_fullscreen.html	3013	body.v17-hide-dock #v16r2Dock{
frontend/public/trfmc_antenna_system_explorer_v17_layout_lock_fullscreen.html	3017	body.v17-hide-markers #siteFrame .opOverlay,
frontend/public/trfmc_antenna_system_explorer_v17_layout_lock_fullscreen.html	3047	body.v17-kiosk #siteFrame{
frontend/public/trfmc_antenna_system_explorer_v17_layout_lock_fullscreen.html	3069	body.v17-locked #siteFrame,
frontend/public/trfmc_antenna_system_explorer_v17_layout_lock_fullscreen.html	3074	body.v17-locked #siteFrame::after{
frontend/public/trfmc_antenna_system_explorer_v17_layout_lock_fullscreen.html	3080	  color:#7dff4f;
frontend/public/trfmc.html	15	<body class="trfmc-vxp trfmc-gpu-v2 trfmc-soul-v1" style="margin:0;background:#02040a;">
frontend/public/trfmc_perfection_authority_v2_scoped.html	16	.v2-kpi small{display:block;color:#8fb8c8;text-transform:uppercase;font-size:10px}
frontend/public/trfmc_perfection_authority_v2_scoped.html	17	.v2-kpi b{display:block;color:#75ff5b;font-size:20px}
frontend/public/trfmc_perfection_authority_v2_scoped.html	20	th{color:#00e5ff;background:rgba(0,229,255,.06)}
frontend/public/trfmc_perfection_authority_v2_scoped.html	21	tr.critical td{color:#ff9abc}
frontend/public/trfmc_perfection_authority_v2_scoped.html	22	tr.weak td{color:#ffd84d}
frontend/public/trfmc_perfection_authority_v2_scoped.html	23	tr.good td{color:#dffaff}
frontend/public/trfmc_perfection_authority_v2_scoped.html	24	tr.premium td{color:#75ff5b}
frontend/public/signal_workbench_v580.html	9	      --bg:#050812; --panel:#0b1324; --panel2:#111c31; --line:#1e3a5f;
frontend/public/signal_workbench_v580.html	10	      --txt:#d9f3ff; --muted:#7fa6bf; --acc:#22d3ee; --ok:#39ff88;
frontend/public/signal_workbench_v580.html	11	      --warn:#ffd166; --bad:#ff4d6d; --violet:#9b5cff;
frontend/public/signal_workbench_v580.html	18	        linear-gradient(180deg,#050812,#03050b 72%);
frontend/public/signal_workbench_v580.html	52	      background:#06101d; border:1px solid #244766; color:var(--txt); border-radius:10px;
frontend/public/signal_workbench_v580.html	56	      background:linear-gradient(180deg,#0ea5e9,#075985); color:white; border:1px solid #38bdf8;
frontend/public/signal_workbench_v580.html	59	    button.secondary{background:linear-gradient(180deg,#1f2937,#0f172a); border-color:#334155}
frontend/public/signal_workbench_v580.html	60	    button.warn{background:linear-gradient(180deg,#b45309,#78350f); border-color:#f59e0b}
frontend/public/signal_workbench_v580.html	61	    button.good{background:linear-gradient(180deg,#059669,#064e3b); border-color:#34d399}
frontend/public/signal_workbench_v580.html	63	    canvas{width:100%; display:block; background:#020617}
frontend/public/signal_workbench_v580.html	64	    #spectrum{height:360px; border-bottom:1px solid var(--line)}
frontend/public/signal_workbench_v580.html	65	    #waterfall{height:210px}
frontend/public/signal_workbench_v580.html	69	      background:#030712; border:1px solid #1f3b57; border-radius:12px; padding:10px;
frontend/public/signal_workbench_v580.html	70	      height:210px; overflow:auto; font-family:ui-monospace,SFMono-Regular,Menlo,monospace; font-size:12px; color:#a7f3d0;
frontend/public/signal_workbench_v580.html	77	    .card{border:1px solid #1f3b57; background:#06101d; border-radius:13px; padding:10px}
frontend/public/signal_workbench_v580.html	222	  ctx.fillStyle="#020617"; ctx.fillRect(0,0,w,h);
frontend/public/signal_workbench_v580.html	236	  ctx.strokeStyle="#22d3ee"; ctx.lineWidth=2; ctx.beginPath();
frontend/public/signal_workbench_v580.html	248	    ctx.strokeStyle="#39ff88"; ctx.beginPath(); ctx.arc(x,y,6,0,Math.PI*2); ctx.stroke();
frontend/public/signal_workbench_v580.html	249	    ctx.fillStyle="#d9f3ff"; ctx.fillText(`${(pk.freq_hz/1e6).toFixed(6)} MHz  ${pk.dbm.toFixed(1)} dBm`, x+10, Math.max(18,y-10));
frontend/public/signal_workbench_v580.html	362	  ctx.fillStyle="#020617"; ctx.fillRect(0,0,w,h);
frontend/public/signal_workbench_v580.html	367	  ctx.fillStyle="#39ff88";
